lon,lat,depth_m
-71.076083,42.359356,10.058
-71.076007,42.359572,10.058
-71.075840,42.359721,10.058
-71.075743,42.359902,10.058
-71.075609,42.359985,10.058
-71.075532,42.359807,10.058
-71.075646,42.359529,10.058
-71.075912,42.359311,10.058
-71.076071,42.359322,10.058
-71.082927,42.356269,10.058
-71.082869,42.356339,10.058
-71.082834,42.356143,10.058
-71.082918,42.356087,10.058
-71.083284,42.356341,10.058
-71.083137,42.356355,10.058
-71.083072,42.356251,10.058
-71.083149,42.356184,10.058
-71.083278,42.356233,10.058
-71.083284,42.356341,10.058
-71.083891,42.356305,10.058
-71.083819,42.356413,10.058
-71.083522,42.356359,10.058
-71.083634,42.356308,10.058
-71.083912,42.356107,10.058
-71.083998,42.356096,10.058
-71.086560,42.354459,10.058
-71.086428,42.354675,10.058
-71.085879,42.354855,10.058
-71.085642,42.354963,10.058
-71.085419,42.355108,10.058
-71.085348,42.355071,10.058
-71.085298,42.354942,10.058
-71.085174,42.354837,10.058
-71.085698,42.354418,10.058
-71.086366,42.354418,10.058
-71.086560,42.354459,10.058
-71.073497,42.364746,9.144
-71.073351,42.364845,9.144
-71.073300,42.364893,9.144
-71.073309,42.365091,9.144
-71.073188,42.365316,9.144
-71.073165,42.365496,9.144
-71.072828,42.365829,9.144
-71.072747,42.366027,9.144
-71.072598,42.366225,9.144
-71.072392,42.366246,9.144
-71.072125,42.366099,9.144
-71.072292,42.365901,9.144
-71.072587,42.365749,9.144
-71.072767,42.365514,9.144
-71.072975,42.365414,9.144
-71.072968,42.365262,9.144
-71.072955,42.364875,9.144
-71.073134,42.364569,9.144
-71.073315,42.364436,9.144
-71.073473,42.364475,9.144
-71.073570,42.364538,9.144
-71.075152,42.363273,9.144
-71.075027,42.363362,9.144
-71.075015,42.363263,9.144
-71.074954,42.363142,9.144
-71.074786,42.363191,9.144
-71.074490,42.363182,9.144
-71.074699,42.363118,9.144
-71.074930,42.363038,9.144
-71.075160,42.363092,9.144
-71.076231,42.359257,9.144
-71.076072,42.359627,9.144
-71.075850,42.359807,9.144
-71.075754,42.360032,9.144
-71.075452,42.360187,9.144
-71.075434,42.359969,9.144
-71.075450,42.359636,9.144
-71.075720,42.359392,9.144
-71.076022,42.359200,9.144
-71.076231,42.359257,9.144
-71.077358,42.357208,9.144
-71.077224,42.357191,9.144
-71.077054,42.357263,9.144
-71.076895,42.357259,9.144
-71.077212,42.357111,9.144
-71.077382,42.357058,9.144
-71.077554,42.357718,9.144
-71.077309,42.357955,9.144
-71.077115,42.358091,9.144
-71.076860,42.358219,9.144
-71.076629,42.358233,9.144
-71.076482,42.358258,9.144
-71.076375,42.358564,9.144
-71.076496,42.358738,9.144
-71.076305,42.358834,9.144
-71.076363,42.359005,9.144
-71.076277,42.359066,9.144
-71.076156,42.358980,9.144
-71.076093,42.358672,9.144
-71.076144,42.358438,9.144
-71.076101,42.358303,9.144
-71.076272,42.358042,9.144
-71.076362,42.357791,9.144
-71.076605,42.357805,9.144
-71.076857,42.357691,9.144
-71.077127,42.357519,9.144
-71.077509,42.357556,9.144
-71.077554,42.357718,9.144
-71.082540,42.356143,9.144
-71.082557,42.356143,9.144
-71.082560,42.356125,9.144
-71.084873,42.355773,9.144
-71.084618,42.355880,9.144
-71.084278,42.355853,9.144
-71.084071,42.355861,9.144
-71.084107,42.356197,9.144
-71.083985,42.356332,9.144
-71.083683,42.356501,9.144
-71.083343,42.356459,9.144
-71.082857,42.356429,9.144
-71.082737,42.356341,9.144
-71.082656,42.356098,9.144
-71.082785,42.355971,9.144
-71.083088,42.355982,9.144
-71.083558,42.355899,9.144
-71.083626,42.355620,9.144
-71.083816,42.355495,9.144
-71.083998,42.355520,9.144
-71.084266,42.355586,9.144
-71.084642,42.355462,9.144
-71.084870,42.355629,9.144
-71.088273,42.354027,9.144
-71.087908,42.354212,9.144
-71.087471,42.354379,9.144
-71.086936,42.354578,9.144
-71.086220,42.354818,9.144
-71.085771,42.354945,9.144
-71.085552,42.355132,9.144
-71.085322,42.355176,9.144
-71.085252,42.355053,9.144
-71.085076,42.354882,9.144
-71.085358,42.354637,9.144
-71.085637,42.354290,9.144
-71.085844,42.354237,9.144
-71.086135,42.354260,9.144
-71.086475,42.354357,9.144
-71.086876,42.354233,9.144
-71.087034,42.354110,9.144
-71.087483,42.354055,9.144
-71.088029,42.353964,9.144
-71.088248,42.353967,9.144
-71.089355,42.353793,9.144
-71.089243,42.353884,9.144
-71.089126,42.353874,9.144
-71.089064,42.353775,9.144
-71.089267,42.353656,9.144
-71.089361,42.353757,9.144
-71.067961,42.368073,8.230
-71.067961,42.368050,8.230
-71.068643,42.367765,8.230
-71.068507,42.367862,8.230
-71.068483,42.367780,8.230
-71.068629,42.367695,8.230
-71.075241,42.363345,8.230
-71.074990,42.363467,8.230
-71.074614,42.363295,8.230
-71.074238,42.363211,8.230
-71.074169,42.363309,8.230
-71.074128,42.363605,8.230
-71.073913,42.363948,8.230
-71.073723,42.364281,8.230
-71.073672,42.364515,8.230
-71.073462,42.364911,8.230
-71.073358,42.365235,8.230
-71.073242,42.365514,8.230
-71.072938,42.365820,8.230
-71.072848,42.366009,8.230
-71.072656,42.366261,8.230
-71.072465,42.366313,8.230
-71.072056,42.366108,8.230
-71.072197,42.365901,8.230
-71.072462,42.365613,8.230
-71.072611,42.365397,8.230
-71.072710,42.365181,8.230
-71.072948,42.364686,8.230
-71.073154,42.364362,8.230
-71.073532,42.363831,8.230
-71.073792,42.363516,8.230
-71.073821,42.363345,8.230
-71.073679,42.363164,8.230
-71.073825,42.363098,8.230
-71.074153,42.363137,8.230
-71.074709,42.363011,8.230
-71.074954,42.362827,8.230
-71.075186,42.362948,8.230
-71.076957,42.357472,8.230
-71.076909,42.357413,8.230
-71.076896,42.357484,8.230
-71.077661,42.357682,8.230
-71.077594,42.357790,8.230
-71.077212,42.358097,8.230
-71.076872,42.358287,8.230
-71.076763,42.358376,8.230
-71.076581,42.358356,8.230
-71.076447,42.358478,8.230
-71.076590,42.358699,8.230
-71.076581,42.358797,8.230
-71.076437,42.358843,8.230
-71.076484,42.358987,8.230
-71.076415,42.359158,8.230
-71.076248,42.359383,8.230
-71.076156,42.359608,8.230
-71.075949,42.359771,8.230
-71.075903,42.359951,8.230
-71.075800,42.360059,8.230
-71.075796,42.360194,8.230
-71.075602,42.360275,8.230
-71.075427,42.360547,8.230
-71.075160,42.360552,8.230
-71.075075,42.360473,8.230
-71.075112,42.360220,8.230
-71.075356,42.360023,8.230
-71.075416,42.359608,8.230
-71.075761,42.359284,8.230
-71.076040,42.359023,8.230
-71.075981,42.358852,8.230
-71.075909,42.358726,8.230
-71.075972,42.358609,8.230
-71.076007,42.358438,8.230
-71.075982,42.358303,8.230
-71.076063,42.357898,8.230
-71.076121,42.357808,8.230
-71.076362,42.357693,8.230
-71.076608,42.357646,8.230
-71.076447,42.357556,8.230
-71.076171,42.357412,8.230
-71.076224,42.357304,8.230
-71.076658,42.357151,8.230
-71.076877,42.356944,8.230
-71.077268,42.356782,8.230
-71.077418,42.356803,8.230
-71.077587,42.356998,8.230
-71.077551,42.357223,8.230
-71.077490,42.357394,8.230
-71.077656,42.357619,8.230
-71.084923,42.355800,8.230
-71.084812,42.355885,8.230
-71.084193,42.355897,8.230
-71.084097,42.355989,8.230
-71.084153,42.356251,8.230
-71.083964,42.356431,8.230
-71.083610,42.356532,8.230
-71.083112,42.356467,8.230
-71.082772,42.356431,8.230
-71.082469,42.356359,8.230
-71.082242,42.356224,8.230
-71.082364,42.356089,8.230
-71.082488,42.355890,8.230
-71.082699,42.355928,8.230
-71.083100,42.355931,8.230
-71.083452,42.355880,8.230
-71.083512,42.355737,8.230
-71.083571,42.355539,8.230
-71.083865,42.355433,8.230
-71.084217,42.355543,8.230
-71.084642,42.355417,8.230
-71.084788,42.355438,8.230
-71.084940,42.355638,8.230
-71.086487,42.354089,8.230
-71.086342,42.354004,8.230
-71.086123,42.353910,8.230
-71.086147,42.353829,8.230
-71.086366,42.353799,8.230
-71.086502,42.353919,8.230
-71.089426,42.353784,8.230
-71.089292,42.353920,8.230
-71.089037,42.353927,8.230
-71.088645,42.354009,8.230
-71.088345,42.354124,8.230
-71.087823,42.354308,8.230
-71.087337,42.354496,8.230
-71.086851,42.354659,8.230
-71.086548,42.354718,8.230
-71.085807,42.354966,8.230
-71.085559,42.355206,8.230
-71.085451,42.355296,8.230
-71.085261,42.355200,8.230
-71.085169,42.355026,8.230
-71.085009,42.354891,8.230
-71.085419,42.354551,8.230
-71.085577,42.354294,8.230
-71.085820,42.354053,8.230
-71.086172,42.354060,8.230
-71.086298,42.354243,8.230
-71.086390,42.354302,8.230
-71.086669,42.354284,8.230
-71.086785,42.354162,8.230
-71.086704,42.354027,8.230
-71.086844,42.353712,8.230
-71.086964,42.353712,8.230
-71.087076,42.354000,8.230
-71.087240,42.354043,8.230
-71.087543,42.353974,8.230
-71.088317,42.353631,8.230
-71.088611,42.353451,8.230
-71.088855,42.353495,8.230
-71.089049,42.353449,8.230
-71.089328,42.353568,8.230
-71.089413,42.353703,8.230
-71.063457,42.368932,7.315
-71.063440,42.368872,7.315
-71.063483,42.368881,7.315
-71.064720,42.369017,7.315
-71.064586,42.369046,7.315
-71.064428,42.369148,7.315
-71.064125,42.369088,7.315
-71.063853,42.369034,7.315
-71.063882,42.368950,7.315
-71.064076,42.368951,7.315
-71.064647,42.368962,7.315
-71.062316,42.368561,7.315
-71.062474,42.368487,7.315
-71.062648,42.368557,7.315
-71.062461,42.368650,7.315
-71.071567,42.368931,7.315
-71.071407,42.368836,7.315
-71.071603,42.368799,7.315
-71.071688,42.368782,7.315
-71.065727,42.368841,7.315
-71.066431,42.368684,7.315
-71.067051,42.368649,7.315
-71.067141,42.368701,7.315
-71.066662,42.368833,7.315
-71.065982,42.368940,7.315
-71.068902,42.367396,7.315
-71.068787,42.367810,7.315
-71.068653,42.367917,7.315
-71.068400,42.368098,7.315
-71.068070,42.368496,7.315
-71.067779,42.368591,7.315
-71.067872,42.368422,7.315
-71.067815,42.368359,7.315
-71.067250,42.368395,7.315
-71.067318,42.368287,7.315
-71.067755,42.367954,7.315
-71.068240,42.367890,7.315
-71.068394,42.367765,7.315
-71.068782,42.367477,7.315
-71.071766,42.367063,7.315
-71.071725,42.367034,7.315
-71.072004,42.367223,7.315
-71.071901,42.367207,7.315
-71.071787,42.367081,7.315
-71.071943,42.367050,7.315
-71.072018,42.367207,7.315
-71.072028,42.366806,7.315
-71.071981,42.366729,7.315
-71.072065,42.366756,7.315
-71.068908,42.367318,7.315
-71.068930,42.367369,7.315
-71.072502,42.367675,7.315
-71.072526,42.367692,7.315
-71.075268,42.363417,7.315
-71.074966,42.363528,7.315
-71.074614,42.363344,7.315
-71.074300,42.363309,7.315
-71.074227,42.363597,7.315
-71.074052,42.363768,7.315
-71.073869,42.364119,7.315
-71.073732,42.364515,7.315
-71.073533,42.364911,7.315
-71.073431,42.365208,7.315
-71.073313,42.365541,7.315
-71.073143,42.365784,7.315
-71.072946,42.365919,7.315
-71.072809,42.366207,7.315
-71.072574,42.366385,7.315
-71.072198,42.366289,7.315
-71.071959,42.366081,7.315
-71.072077,42.365915,7.315
-71.072345,42.365604,7.315
-71.072571,42.365244,7.315
-71.072715,42.364929,7.315
-71.072971,42.364479,7.315
-71.073184,42.364227,7.315
-71.073594,42.363625,7.315
-71.073763,42.363390,7.315
-71.073667,42.363260,7.315
-71.073524,42.363119,7.315
-71.073679,42.362919,7.315
-71.074043,42.363036,7.315
-71.074444,42.363052,7.315
-71.074703,42.362948,7.315
-71.074905,42.362769,7.315
-71.075177,42.362867,7.315
-71.075293,42.363056,7.315
-71.077722,42.357700,7.315
-71.077528,42.357907,7.315
-71.077309,42.358085,7.315
-71.077091,42.358283,7.315
-71.076897,42.358330,7.315
-71.076726,42.358448,7.315
-71.076528,42.358492,7.315
-71.076588,42.358627,7.315
-71.076673,42.358771,7.315
-71.076609,42.358942,7.315
-71.076612,42.359050,7.315
-71.076993,42.358996,7.315
-71.077077,42.359023,7.315
-71.077037,42.359104,7.315
-71.076777,42.359266,7.315
-71.076532,42.359305,7.315
-71.076347,42.359392,7.315
-71.076204,42.359690,7.315
-71.075960,42.359834,7.315
-71.076009,42.359987,7.315
-71.075853,42.360068,7.315
-71.075864,42.360221,7.315
-71.075634,42.360329,7.315
-71.075467,42.360581,7.315
-71.075087,42.360671,7.315
-71.074990,42.360643,7.315
-71.074930,42.360401,7.315
-71.075012,42.360158,7.315
-71.075338,42.359951,7.315
-71.075348,42.359681,7.315
-71.075656,42.359329,7.315
-71.075969,42.358987,7.315
-71.075838,42.358780,7.315
-71.075822,42.358699,7.315
-71.075897,42.358609,7.315
-71.075910,42.358330,7.315
-71.075977,42.358105,7.315
-71.075949,42.357898,7.315
-71.076181,42.357691,7.315
-71.076261,42.357592,7.315
-71.076076,42.357466,7.315
-71.076095,42.357322,7.315
-71.076326,42.357087,7.315
-71.076475,42.356962,7.315
-71.076726,42.356951,7.315
-71.077030,42.356771,7.315
-71.077358,42.356711,7.315
-71.077606,42.356890,7.315
-71.077667,42.357214,7.315
-71.077563,42.357349,7.315
-71.077695,42.357529,7.315
-71.084995,42.355683,7.315
-71.084877,42.355908,7.315
-71.084375,42.355926,7.315
-71.084145,42.355971,7.315
-71.084195,42.356233,7.315
-71.084071,42.356370,7.315
-71.083659,42.356565,7.315
-71.083319,42.356525,7.315
-71.082784,42.356475,7.315
-71.082566,42.356387,7.315
-71.082262,42.356343,7.315
-71.081898,42.356252,7.315
-71.081668,42.356143,7.315
-71.081461,42.356126,7.315
-71.081218,42.355967,7.315
-71.080830,42.355934,7.315
-71.080575,42.355893,7.315
-71.080660,42.355804,7.315
-71.081085,42.355659,7.315
-71.081485,42.355680,7.315
-71.081740,42.355816,7.315
-71.081971,42.355793,7.315
-71.082165,42.355832,7.315
-71.082384,42.355825,7.315
-71.082663,42.355873,7.315
-71.082979,42.355843,7.315
-71.083379,42.355847,7.315
-71.083447,42.355773,7.315
-71.083377,42.355620,7.315
-71.083513,42.355501,7.315
-71.083926,42.355380,7.315
-71.084120,42.355489,7.315
-71.084666,42.355368,7.315
-71.084812,42.355384,7.315
-71.085003,42.355611,7.315
-71.086689,42.354180,7.315
-71.086561,42.354234,7.315
-71.086672,42.354234,7.315
-71.089442,42.353847,7.315
-71.089267,42.353976,7.315
-71.088830,42.353976,7.315
-71.088308,42.354185,7.315
-71.087835,42.354337,7.315
-71.087337,42.354529,7.315
-71.086864,42.354680,7.315
-71.086244,42.354869,7.315
-71.085771,42.355019,7.315
-71.085565,42.355315,7.315
-71.085431,42.355368,7.315
-71.085167,42.355188,7.315
-71.085067,42.354999,7.315
-71.084918,42.354873,7.315
-71.085102,42.354711,7.315
-71.085506,42.354414,7.315
-71.085759,42.354031,7.315
-71.086140,42.353712,7.315
-71.086621,42.353681,7.315
-71.086936,42.353635,7.315
-71.087082,42.353910,7.315
-71.087216,42.354013,7.315
-71.087568,42.353920,7.315
-71.088255,42.353577,7.315
-71.088551,42.353414,7.315
-71.088745,42.353406,7.315
-71.088940,42.353436,7.315
-71.089097,42.353401,7.315
-71.089390,42.353568,7.315
-71.089472,42.353775,7.315
-71.063117,42.368188,6.401
-71.062190,42.368395,6.401
-71.062336,42.368287,6.401
-71.062595,42.368301,6.401
-71.062716,42.368269,6.401
-71.062947,42.368231,6.401
-71.063956,42.368656,6.401
-71.064035,42.368773,6.401
-71.064210,42.368881,6.401
-71.062474,42.369042,6.401
-71.062765,42.369010,6.401
-71.063202,42.369077,6.401
-71.063736,42.369215,6.401
-71.064052,42.369150,6.401
-71.064440,42.369192,6.401
-71.064663,42.369088,6.401
-71.065254,42.368844,6.401
-71.065727,42.368791,6.401
-71.066261,42.368628,6.401
-71.066820,42.368302,6.401
-71.067500,42.368003,6.401
-71.068131,42.367784,6.401
-71.068495,42.367623,6.401
-71.068751,42.367351,6.401
-71.069904,42.366190,6.401
-71.070134,42.366124,6.401
-71.070523,42.368743,6.401
-71.070158,42.368586,6.401
-71.070049,42.368381,6.401
-71.070102,42.368368,6.401
-71.070532,42.368683,6.401
-71.071737,42.368960,6.401
-71.071397,42.368948,6.401
-71.071327,42.368746,6.401
-71.071457,42.368719,6.401
-71.070717,42.368924,6.401
-71.071118,42.368959,6.401
-71.071376,42.369106,6.401
-71.068953,42.367522,6.401
-71.068932,42.367693,6.401
-71.069309,42.367969,6.401
-71.069564,42.368120,6.401
-71.069357,42.368100,6.401
-71.068896,42.367939,6.401
-71.068577,42.368008,6.401
-71.068405,42.368260,6.401
-71.068252,42.368535,6.401
-71.068046,42.368638,6.401
-71.067645,42.368805,6.401
-71.066698,42.369043,6.401
-71.066359,42.368973,6.401
-71.066043,42.368987,6.401
-71.070304,42.365961,6.401
-71.070381,42.366063,6.401
-71.070256,42.366119,6.401
-71.072295,42.367568,6.401
-71.072439,42.367396,6.401
-71.072234,42.367362,6.401
-71.071597,42.367144,6.401
-71.071266,42.366738,6.401
-71.071190,42.366442,6.401
-71.071324,42.366181,6.401
-71.071491,42.366036,6.401
-71.071834,42.365701,6.401
-71.072432,42.365307,6.401
-71.072637,42.364929,6.401
-71.072828,42.364677,6.401
-71.072963,42.364413,6.401
-71.073254,42.364070,6.401
-71.073667,42.363489,6.401
-71.073682,42.363327,6.401
-71.073463,42.363191,6.401
-71.073594,42.362857,6.401
-71.073703,42.362842,6.401
-71.074128,42.363014,6.401
-71.074456,42.363011,6.401
-71.074784,42.362771,6.401
-71.074954,42.362725,6.401
-71.075229,42.362849,6.401
-71.075335,42.363020,6.401
-71.075401,42.363318,6.401
-71.075324,42.363453,6.401
-71.074930,42.363606,6.401
-71.074753,42.363480,6.401
-71.074408,42.363355,6.401
-71.074316,42.363525,6.401
-71.074165,42.363733,6.401
-71.073962,42.364101,6.401
-71.073802,42.364524,6.401
-71.073629,42.364920,6.401
-71.073532,42.365199,6.401
-71.073619,42.365370,6.401
-71.073628,42.365622,6.401
-71.073740,42.365910,6.401
-71.073418,42.366450,6.401
-71.073109,42.366895,6.401
-71.072752,42.367423,6.401
-71.072805,42.367542,6.401
-71.072855,42.367684,6.401
-71.072765,42.367792,6.401
-71.076776,42.356809,6.401
-71.076690,42.356818,6.401
-71.076726,42.356875,6.401
-71.078513,42.357061,6.401
-71.078398,42.357196,6.401
-71.078387,42.357340,6.401
-71.078147,42.357437,6.401
-71.077977,42.357578,6.401
-71.077804,42.357529,6.401
-71.077771,42.357799,6.401
-71.078004,42.358150,6.401
-71.077953,42.358204,6.401
-71.077649,42.358040,6.401
-71.077261,42.358155,6.401
-71.077171,42.358366,6.401
-71.077006,42.358366,6.401
-71.076913,42.358438,6.401
-71.077032,42.358519,6.401
-71.077050,42.358645,6.401
-71.077285,42.358589,6.401
-71.077374,42.358663,6.401
-71.077163,42.358870,6.401
-71.077217,42.359086,6.401
-71.076865,42.359383,6.401
-71.076854,42.359590,6.401
-71.076811,42.359645,6.401
-71.076617,42.359544,6.401
-71.076525,42.359645,6.401
-71.076346,42.359744,6.401
-71.076095,42.360139,6.401
-71.075937,42.360273,6.401
-71.075572,42.360455,6.401
-71.075403,42.360657,6.401
-71.075075,42.360746,6.401
-71.074857,42.360689,6.401
-71.074817,42.360410,6.401
-71.074873,42.360158,6.401
-71.075240,42.360023,6.401
-71.075311,42.359897,6.401
-71.075299,42.359681,6.401
-71.075467,42.359365,6.401
-71.075637,42.359275,6.401
-71.075825,42.359050,6.401
-71.075903,42.358924,6.401
-71.075733,42.358744,6.401
-71.075792,42.358599,6.401
-71.075837,42.358330,6.401
-71.075889,42.357993,6.401
-71.075833,42.357799,6.401
-71.076017,42.357682,6.401
-71.076022,42.357630,6.401
-71.075910,42.357547,6.401
-71.076168,42.356944,6.401
-71.076488,42.356746,6.401
-71.076714,42.356645,6.401
-71.077030,42.356593,6.401
-71.077455,42.356657,6.401
-71.077710,42.356763,6.401
-71.078013,42.356691,6.401
-71.078089,42.356692,6.401
-71.077928,42.356780,6.401
-71.077887,42.356908,6.401
-71.078038,42.357135,6.401
-71.078268,42.357153,6.401
-71.078519,42.357034,6.401
-71.078511,42.356916,6.401
-71.078332,42.356872,6.401
-71.078365,42.356818,6.401
-71.078542,42.356845,6.401
-71.079980,42.356369,6.401
-71.079864,42.356368,6.401
-71.079980,42.356331,6.401
-71.084737,42.355026,6.401
-71.084660,42.355053,6.401
-71.084727,42.355055,6.401
-71.086611,42.356665,6.401
-71.086597,42.356827,6.401
-71.086461,42.356746,6.401
-71.086510,42.356539,6.401
-71.086609,42.356498,6.401
-71.086647,42.356557,6.401
-71.089437,42.353903,6.401
-71.089207,42.354019,6.401
-71.088794,42.354023,6.401
-71.088515,42.354186,6.401
-71.087859,42.354358,6.401
-71.087337,42.354556,6.401
-71.086876,42.354700,6.401
-71.086269,42.354890,6.401
-71.085771,42.355060,6.401
-71.085565,42.355407,6.401
-71.085370,42.355446,6.401
-71.084994,42.355397,6.401
-71.084962,42.355449,6.401
-71.085123,42.355593,6.401
-71.085068,42.355854,6.401
-71.084921,42.355950,6.401
-71.084496,42.356007,6.401
-71.084266,42.355957,6.401
-71.084173,42.356044,6.401
-71.084247,42.356305,6.401
-71.084108,42.356399,6.401
-71.083823,42.356548,6.401
-71.083586,42.356591,6.401
-71.083076,42.356542,6.401
-71.082651,42.356446,6.401
-71.082347,42.356454,6.401
-71.082105,42.356459,6.401
-71.081765,42.356291,6.401
-71.081413,42.356204,6.401
-71.081196,42.356017,6.401
-71.080927,42.355972,6.401
-71.080648,42.355964,6.401
-71.080481,42.355917,6.401
-71.080696,42.355631,6.401
-71.081170,42.355601,6.401
-71.081607,42.355651,6.401
-71.081862,42.355746,6.401
-71.082105,42.355719,6.401
-71.082287,42.355772,6.401
-71.082724,42.355826,6.401
-71.083027,42.355750,6.401
-71.083137,42.355479,6.401
-71.083234,42.355411,6.401
-71.083731,42.355282,6.401
-71.083962,42.355210,6.401
-71.084026,42.355386,6.401
-71.084205,42.355480,6.401
-71.084533,42.355403,6.401
-71.084654,42.355269,6.401
-71.084477,42.355008,6.401
-71.084560,42.354873,6.401
-71.085181,42.354630,6.401
-71.085475,42.354414,6.401
-71.085740,42.354000,6.401
-71.086111,42.353659,6.401
-71.086657,42.353630,6.401
-71.086973,42.353608,6.401
-71.087097,42.353766,6.401
-71.087179,42.353972,6.401
-71.087361,42.353927,6.401
-71.087789,42.353766,6.401
-71.088366,42.353469,6.401
-71.088588,42.353356,6.401
-71.088843,42.353397,6.401
-71.089012,42.353356,6.401
-71.089257,42.353451,6.401
-71.089448,42.353586,6.401
-71.089512,42.353802,6.401
-71.090627,42.356615,6.401
-71.090559,42.356557,6.401
-71.090664,42.356517,6.401
-71.090700,42.356566,6.401
-71.095860,42.354311,6.401
-71.095726,42.354272,6.401
-71.095860,42.354236,6.401
-71.062134,42.368274,5.486
-71.062340,42.368224,5.486
-71.062644,42.368229,5.486
-71.062711,42.368152,5.486
-71.062554,42.369079,5.486
-71.062911,42.369113,5.486
-71.063323,42.369178,5.486
-71.063688,42.369292,5.486
-71.063773,42.369301,5.486
-71.063835,42.369322,5.486
-71.064477,42.369244,5.486
-71.064125,42.369181,5.486
-71.063955,42.369277,5.486
-71.064289,42.368746,5.486
-71.064550,42.368806,5.486
-71.065521,42.368805,5.486
-71.066002,42.368665,5.486
-71.066395,42.368442,5.486
-71.066800,42.368161,5.486
-71.067318,42.368012,5.486
-71.067641,42.367837,5.486
-71.068119,42.367729,5.486
-71.068465,42.367594,5.486
-71.068657,42.367396,5.486
-71.069098,42.367423,5.486
-71.068314,42.368539,5.486
-71.068536,42.368188,5.486
-71.068702,42.368051,5.486
-71.069066,42.368132,5.486
-71.066322,42.369018,5.486
-71.066698,42.369102,5.486
-71.067245,42.368993,5.486
-71.067743,42.368853,5.486
-71.068022,42.368755,5.486
-71.069673,42.368293,5.486
-71.069776,42.368440,5.486
-71.071288,42.368697,5.486
-71.071282,42.368881,5.486
-71.071215,42.368911,5.486
-71.070742,42.368782,5.486
-71.070600,42.368575,5.486
-71.070304,42.368302,5.486
-71.069794,42.368046,5.486
-71.069296,42.367770,5.486
-71.069038,42.367594,5.486
-71.071397,42.367120,5.486
-71.071312,42.367029,5.486
-71.071067,42.366874,5.486
-71.071057,42.366630,5.486
-71.070957,42.366315,5.486
-71.070523,42.366175,5.486
-71.071688,42.368999,5.486
-71.071476,42.369061,5.486
-71.072162,42.367523,5.486
-71.072146,42.367459,5.486
-71.072805,42.367884,5.486
-71.072994,42.367666,5.486
-71.073015,42.367414,5.486
-71.073233,42.367153,5.486
-71.070345,42.365721,5.486
-71.070620,42.365431,5.486
-71.070960,42.365273,5.486
-71.071603,42.365196,5.486
-71.072198,42.365050,5.486
-71.072647,42.364773,5.486
-71.073011,42.364290,5.486
-71.073285,42.363894,5.486
-71.073646,42.363426,5.486
-71.073454,42.363246,5.486
-71.073399,42.363119,5.486
-71.073513,42.362795,5.486
-71.073582,42.362765,5.486
-71.074128,42.362969,5.486
-71.074444,42.362969,5.486
-71.074744,42.362732,5.486
-71.074978,42.362682,5.486
-71.075294,42.362822,5.486
-71.075415,42.363115,5.486
-71.075516,42.363336,5.486
-71.075346,42.363552,5.486
-71.074808,42.363764,5.486
-71.074672,42.363732,5.486
-71.074614,42.363491,5.486
-71.074479,42.363462,5.486
-71.074406,42.363669,5.486
-71.074354,42.363885,5.486
-71.074286,42.364128,5.486
-71.074590,42.364163,5.486
-71.074695,42.364407,5.486
-71.074697,42.364650,5.486
-71.074290,42.365064,5.486
-71.074102,42.365433,5.486
-71.073940,42.366054,5.486
-71.077613,42.359583,5.486
-71.077537,42.359536,5.486
-71.077614,42.359554,5.486
-71.077709,42.358357,5.486
-71.077582,42.358150,5.486
-71.077346,42.358148,5.486
-71.077254,42.358249,5.486
-71.077431,42.358373,5.486
-71.077588,42.358487,5.486
-71.077710,42.358412,5.486
-71.079596,42.356215,5.486
-71.079494,42.356220,5.486
-71.079434,42.356314,5.486
-71.079592,42.356312,5.486
-71.079931,42.356620,5.486
-71.079869,42.356647,5.486
-71.079931,42.356644,5.486
-71.079786,42.357276,5.486
-71.079657,42.357268,5.486
-71.079768,42.357151,5.486
-71.079914,42.357133,5.486
-71.080358,42.356296,5.486
-71.080226,42.356476,5.486
-71.080307,42.356656,5.486
-71.080174,42.356735,5.486
-71.079701,42.356827,5.486
-71.079446,42.356838,5.486
-71.079349,42.356739,5.486
-71.079201,42.356836,5.486
-71.079111,42.357025,5.486
-71.078960,42.357169,5.486
-71.078985,42.357277,5.486
-71.078778,42.357333,5.486
-71.078741,42.357385,5.486
-71.078766,42.357446,5.486
-71.078800,42.357403,5.486
-71.079095,42.357439,5.486
-71.079209,42.357556,5.486
-71.079118,42.357646,5.486
-71.078936,42.357613,5.486
-71.078560,42.357634,5.486
-71.078136,42.357835,5.486
-71.078064,42.357988,5.486
-71.078135,42.358115,5.486
-71.078315,42.358285,5.486
-71.078001,42.358453,5.486
-71.077913,42.358591,5.486
-71.077886,42.358969,5.486
-71.077685,42.359149,5.486
-71.077820,42.359302,5.486
-71.077783,42.359367,5.486
-71.077613,42.359282,5.486
-71.077443,42.359256,5.486
-71.077318,42.359446,5.486
-71.077054,42.359480,5.486
-71.077017,42.359672,5.486
-71.076739,42.359870,5.486
-71.076544,42.359819,5.486
-71.076423,42.359837,5.486
-71.075998,42.360358,5.486
-71.075840,42.360449,5.486
-71.075670,42.360428,5.486
-71.075606,42.360500,5.486
-71.075625,42.360914,5.486
-71.075589,42.361148,5.486
-71.075415,42.361274,5.486
-71.075167,42.361103,5.486
-71.074990,42.360983,5.486
-71.074820,42.361096,5.486
-71.074652,42.361031,5.486
-71.074599,42.360743,5.486
-71.074718,42.360284,5.486
-71.074808,42.360071,5.486
-71.075161,42.360014,5.486
-71.075260,42.359897,5.486
-71.075217,42.359599,5.486
-71.075340,42.359329,5.486
-71.075488,42.359261,5.486
-71.075505,42.359212,5.486
-71.075450,42.359068,5.486
-71.075603,42.358933,5.486
-71.075557,42.358582,5.486
-71.075606,42.358357,5.486
-71.075749,42.358285,5.486
-71.075697,42.357925,5.486
-71.075767,42.357545,5.486
-71.075942,42.357268,5.486
-71.076071,42.356881,5.486
-71.076599,42.356557,5.486
-71.077212,42.356381,5.486
-71.077442,42.356395,5.486
-71.077576,42.356465,5.486
-71.077977,42.356369,5.486
-71.078195,42.356226,5.486
-71.078657,42.356158,5.486
-71.079021,42.356053,5.486
-71.079677,42.356038,5.486
-71.079859,42.355990,5.486
-71.080138,42.356009,5.486
-71.080211,42.356044,5.486
-71.080344,42.356238,5.486
-71.084351,42.356076,5.486
-71.084326,42.356006,5.486
-71.084231,42.356017,5.486
-71.084251,42.356143,5.486
-71.084329,42.356179,5.486
-71.084554,42.355278,5.486
-71.084436,42.355196,5.486
-71.084107,42.355332,5.486
-71.084132,42.355424,5.486
-71.084399,42.355425,5.486
-71.084545,42.355328,5.486
-71.086021,42.356089,5.486
-71.085795,42.355888,5.486
-71.085669,42.355908,5.486
-71.085552,42.356034,5.486
-71.085052,42.355998,5.486
-71.084703,42.356049,5.486
-71.084637,42.356161,5.486
-71.084970,42.356309,5.486
-71.085164,42.356220,5.486
-71.085565,42.356170,5.486
-71.085698,42.356277,5.486
-71.085965,42.356200,5.486
-71.089016,42.355278,5.486
-71.088766,42.355422,5.486
-71.088648,42.355550,5.486
-71.088560,42.355377,5.486
-71.088648,42.355224,5.486
-71.088818,42.355221,5.486
-71.089016,42.355278,5.486
-71.089479,42.353919,5.486
-71.089207,42.354055,5.486
-71.088720,42.354108,5.486
-71.088393,42.354259,5.486
-71.088041,42.354356,5.486
-71.087519,42.354493,5.486
-71.087131,42.354614,5.486
-71.086592,42.354783,5.486
-71.086232,42.354930,5.486
-71.085807,42.355081,5.486
-71.085679,42.355305,5.486
-71.085807,42.355351,5.486
-71.086317,42.355346,5.486
-71.086548,42.355487,5.486
-71.086779,42.355446,5.486
-71.086854,42.355539,5.486
-71.086742,42.355575,5.486
-71.086625,42.355638,5.486
-71.086683,42.355881,5.486
-71.086612,42.356017,5.486
-71.086815,42.356055,5.486
-71.086954,42.356233,5.486
-71.087179,42.356509,5.486
-71.087349,42.356562,5.486
-71.087726,42.356450,5.486
-71.087977,42.356539,5.486
-71.088198,42.356728,5.486
-71.088138,42.356909,5.486
-71.087920,42.356935,5.486
-71.087556,42.357075,5.486
-71.086986,42.357277,5.486
-71.087133,42.357709,5.486
-71.087100,42.357844,5.486
-71.086769,42.358006,5.486
-71.086598,42.358096,5.486
-71.086549,42.358249,5.486
-71.086366,42.358329,5.486
-71.086102,42.358231,5.486
-71.086128,42.358087,5.486
-71.086432,42.357808,5.486
-71.086359,42.357619,5.486
-71.086119,42.357475,5.486
-71.085929,42.357227,5.486
-71.085613,42.357056,5.486
-71.085562,42.357097,5.486
-71.085834,42.357367,5.486
-71.085861,42.357502,5.486
-71.085662,42.357578,5.486
-71.085391,42.357709,5.486
-71.085213,42.357732,5.486
-71.084775,42.357304,5.486
-71.084762,42.357178,5.486
-71.085035,42.356917,5.486
-71.085099,42.356809,5.486
-71.084945,42.356685,5.486
-71.084666,42.356723,5.486
-71.084460,42.356902,5.486
-71.084316,42.356782,5.486
-71.084059,42.356569,5.486
-71.083719,42.356632,5.486
-71.083452,42.356606,5.486
-71.083124,42.356676,5.486
-71.082977,42.356629,5.486
-71.082651,42.356510,5.486
-71.082396,42.356556,5.486
-71.082202,42.356650,5.486
-71.081910,42.356590,5.486
-71.081364,42.356766,5.486
-71.080866,42.356821,5.486
-71.080639,42.356692,5.486
-71.080744,42.356548,5.486
-71.080574,42.356440,5.486
-71.080672,42.356319,5.486
-71.081048,42.356263,5.486
-71.081206,42.356170,5.486
-71.081156,42.356053,5.486
-71.080963,42.356002,5.486
-71.080708,42.356028,5.486
-71.080420,42.355953,5.486
-71.080463,42.355818,5.486
-71.080611,42.355571,5.486
-71.080939,42.355554,5.486
-71.081498,42.355601,5.486
-71.082056,42.355653,5.486
-71.082396,42.355706,5.486
-71.082614,42.355734,5.486
-71.082741,42.355620,5.486
-71.082970,42.355575,5.486
-71.083112,42.355376,5.486
-71.084133,42.354990,5.486
-71.084691,42.354751,5.486
-71.085261,42.354507,5.486
-71.085464,42.354360,5.486
-71.085701,42.353991,5.486
-71.086062,42.353626,5.486
-71.086463,42.353588,5.486
-71.086997,42.353564,5.486
-71.087114,42.353622,5.486
-71.087228,42.353936,5.486
-71.087410,42.353860,5.486
-71.087604,42.353829,5.486
-71.088199,42.353498,5.486
-71.088503,42.353310,5.486
-71.088721,42.353313,5.486
-71.089012,42.353303,5.486
-71.089182,42.353313,5.486
-71.089462,42.353544,5.486
-71.089560,42.353802,5.486
-71.089547,42.355749,5.486
-71.089296,42.355602,5.486
-71.089316,42.355570,5.486
-71.089601,42.355638,5.486
-71.090048,42.356827,5.486
-71.089741,42.357009,5.486
-71.089498,42.357179,5.486
-71.089273,42.357133,5.486
-71.089168,42.357025,5.486
-71.089141,42.356845,5.486
-71.089000,42.356812,5.486
-71.088760,42.356953,5.486
-71.088927,42.357153,5.486
-71.088843,42.357341,5.486
-71.088623,42.357133,5.486
-71.088345,42.356760,5.486
-71.088296,42.356647,5.486
-71.088111,42.356350,5.486
-71.087852,42.355809,5.486
-71.087956,42.355666,5.486
-71.088034,42.355683,5.486
-71.088369,42.355932,5.486
-71.088532,42.356035,5.486
-71.088405,42.356404,5.486
-71.088427,42.356530,5.486
-71.088733,42.356727,5.486
-71.088964,42.356658,5.486
-71.088990,42.356503,5.486
-71.088946,42.356332,5.486
-71.088846,42.356215,5.486
-71.088874,42.356107,5.486
-71.089038,42.355836,5.486
-71.089304,42.355799,5.486
-71.089662,42.355872,5.486
-71.089454,42.356035,5.486
-71.089663,42.356170,5.486
-71.089887,42.356476,5.486
-71.090009,42.356701,5.486
-71.090496,42.354693,5.486
-71.090360,42.354788,5.486
-71.089777,42.354809,5.486
-71.089522,42.354899,5.486
-71.089308,42.354891,5.486
-71.089389,42.354773,5.486
-71.089959,42.354592,5.486
-71.090287,42.354606,5.486
-71.090496,42.354693,5.486
-71.090736,42.356652,5.486
-71.090554,42.356694,5.486
-71.090460,42.356602,5.486
-71.090615,42.356455,5.486
-71.090820,42.356485,5.486
-71.094925,42.354569,5.486
-71.094694,42.354677,5.486
-71.094575,42.354648,5.486
-71.094585,42.354551,5.486
-71.094913,42.354467,5.486
-71.096238,42.354288,5.486
-71.095775,42.354412,5.486
-71.095350,42.354338,5.486
-71.095398,42.354186,5.486
-71.095665,42.354158,5.486
-71.096163,42.354176,5.486
-71.096247,42.354252,5.486
-71.096265,42.354468,5.486
-71.095823,42.354710,5.486
-71.095807,42.354675,5.486
-71.096139,42.354469,5.486
-71.096297,42.354421,5.486
-71.097335,42.353325,5.486
-71.096980,42.353433,5.486
-71.096588,42.353615,5.486
-71.096296,42.353685,5.486
-71.096030,42.353430,5.486
-71.096021,42.353325,5.486
-71.096297,42.353179,5.486
-71.096855,42.353279,5.486
-71.097316,42.353156,5.486
-71.097396,42.353208,5.486
-71.101028,42.352461,5.486
-71.100485,42.352548,5.486
-71.099842,42.352568,5.486
-71.099429,42.352584,5.486
-71.099077,42.352504,5.486
-71.098701,42.352531,5.486
-71.098354,42.352524,5.486
-71.098241,42.352461,5.486
-71.098420,42.352181,5.486
-71.098640,42.352115,5.486
-71.098846,42.352188,5.486
-71.099044,42.352181,5.486
-71.099210,42.352319,5.486
-71.099696,42.352309,5.486
-71.099830,42.352226,5.486
-71.100048,42.352373,5.486
-71.100582,42.352395,5.486
-71.100910,42.352280,5.486
-71.101046,42.352316,5.486
-71.062279,42.368144,4.572
-71.062389,42.368180,4.572
-71.062632,42.368116,4.572
-71.062723,42.369151,4.572
-71.063068,42.369243,4.572
-71.063311,42.369222,4.572
-71.063554,42.369338,4.572
-71.063603,42.369365,4.572
-71.064222,42.369258,4.572
-71.064080,42.369241,4.572
-71.065399,42.368773,4.572
-71.065813,42.368683,4.572
-71.065836,42.368599,4.572
-71.065747,42.368512,4.572
-71.065982,42.368380,4.572
-71.066371,42.368338,4.572
-71.066990,42.368009,4.572
-71.067354,42.367949,4.572
-71.067585,42.367792,4.572
-71.068216,42.367668,4.572
-71.068483,42.367505,4.572
-71.068620,42.367342,4.572
-71.068706,42.368134,4.572
-71.068360,42.368512,4.572
-71.068507,42.368349,4.572
-71.066444,42.369107,4.572
-71.066868,42.369142,4.572
-71.067305,42.369034,4.572
-71.069345,42.368288,4.572
-71.069624,42.368354,4.572
-71.071193,42.367063,4.572
-71.070913,42.366819,4.572
-71.071001,42.366567,4.572
-71.070875,42.366373,4.572
-71.070450,42.366230,4.572
-71.069125,42.367513,4.572
-71.069175,42.367635,4.572
-71.069568,42.367801,4.572
-71.069867,42.368003,4.572
-71.070256,42.368197,4.572
-71.070498,42.368255,4.572
-71.070668,42.368449,4.572
-71.070850,42.368453,4.572
-71.070984,42.368518,4.572
-71.070994,42.368647,4.572
-71.071045,42.368768,4.572
-71.071141,42.368764,4.572
-71.071227,42.368654,4.572
-71.071603,42.369054,4.572
-71.073336,42.367171,4.572
-71.073104,42.367477,4.572
-71.073072,42.367775,4.572
-71.073036,42.367942,4.572
-71.074389,42.358321,4.572
-71.074291,42.358294,4.572
-71.074300,42.358186,4.572
-71.074407,42.358195,4.572
-71.074739,42.361787,4.572
-71.074638,42.361845,4.572
-71.074480,42.361595,4.572
-71.070316,42.365653,4.572
-71.070644,42.365293,4.572
-71.071263,42.365105,4.572
-71.072052,42.364879,4.572
-71.072948,42.364191,4.572
-71.073407,42.363570,4.572
-71.073550,42.363408,4.572
-71.073436,42.363307,4.572
-71.073332,42.363119,4.572
-71.073408,42.362876,4.572
-71.073373,42.362714,4.572
-71.073546,42.362669,4.572
-71.074153,42.362893,4.572
-71.074420,42.362887,4.572
-71.074684,42.362651,4.572
-71.074875,42.362570,4.572
-71.074985,42.362372,4.572
-71.075112,42.361985,4.572
-71.075130,42.361697,4.572
-71.075241,42.361580,4.572
-71.075227,42.361391,4.572
-71.075164,42.361310,4.572
-71.075002,42.361306,4.572
-71.077435,42.359888,4.572
-71.077176,42.359706,4.572
-71.077223,42.359807,4.572
-71.077321,42.359955,4.572
-71.077431,42.359944,4.572
-71.077940,42.362589,4.572
-71.077620,42.362831,4.572
-71.077321,42.363119,4.572
-71.076933,42.363408,4.572
-71.076677,42.363642,4.572
-71.076480,42.363930,4.572
-71.076314,42.364037,4.572
-71.075825,42.364164,4.572
-71.075561,42.364450,4.572
-71.074864,42.364947,4.572
-71.074492,42.365307,4.572
-71.074238,42.365757,4.572
-71.079763,42.359960,4.572
-71.079762,42.359934,4.572
-71.079931,42.357504,4.572
-71.079846,42.357460,4.572
-71.079728,42.357520,4.572
-71.079871,42.357537,4.572
-71.080052,42.359392,4.572
-71.079931,42.359401,4.572
-71.080053,42.359293,4.572
-71.080101,42.359347,4.572
-71.080296,42.362597,4.572
-71.078450,42.362448,4.572
-71.078461,42.362426,4.572
-71.081091,42.356080,4.572
-71.080928,42.356044,4.572
-71.080696,42.356074,4.572
-71.080367,42.356044,4.572
-71.080365,42.356134,4.572
-71.080842,42.356220,4.572
-71.081097,42.356155,4.572
-71.084460,42.355304,4.572
-71.084314,42.355311,4.572
-71.084306,42.355377,4.572
-71.084460,42.355354,4.572
-71.085467,42.358381,4.572
-71.085480,42.358328,4.572
-71.087515,42.358375,4.572
-71.087396,42.358195,4.572
-71.087435,42.358069,4.572
-71.087337,42.357922,4.572
-71.086851,42.358330,4.572
-71.086499,42.358485,4.572
-71.086257,42.358448,4.572
-71.086062,42.358495,4.572
-71.085941,42.358476,4.572
-71.085733,42.358231,4.572
-71.085739,42.358114,4.572
-71.086123,42.357915,4.572
-71.086180,42.357727,4.572
-71.086038,42.357732,4.572
-71.085856,42.357831,4.572
-71.085480,42.357938,4.572
-71.085322,42.358016,4.572
-71.085030,42.357667,4.572
-71.084684,42.357322,4.572
-71.084630,42.357042,4.572
-71.084387,42.357009,4.572
-71.084193,42.356831,4.572
-71.083950,42.356801,4.572
-71.083707,42.356851,4.572
-71.083476,42.356736,4.572
-71.083294,42.356827,4.572
-71.083322,42.356998,4.572
-71.083039,42.357011,4.572
-71.082627,42.356784,4.572
-71.082396,42.356817,4.572
-71.082141,42.356753,4.572
-71.081158,42.356985,4.572
-71.080684,42.357184,4.572
-71.080417,42.357251,4.572
-71.080051,42.357511,4.572
-71.080000,42.357709,4.572
-71.079968,42.357783,4.572
-71.079786,42.357658,4.572
-71.079676,42.357736,4.572
-71.079727,42.357799,4.572
-71.079948,42.357961,4.572
-71.080057,42.358222,4.572
-71.080004,42.358336,4.572
-71.079628,42.358022,4.572
-71.079434,42.357990,4.572
-71.079130,42.357876,4.572
-71.078815,42.357710,4.572
-71.078414,42.357880,4.572
-71.078381,42.358123,4.572
-71.078473,42.358375,4.572
-71.078293,42.358497,4.572
-71.078048,42.358627,4.572
-71.078052,42.358942,4.572
-71.077819,42.359122,4.572
-71.077838,42.359194,4.572
-71.078025,42.359240,4.572
-71.078379,42.359032,4.572
-71.078790,42.358859,4.572
-71.078850,42.358897,4.572
-71.078705,42.359016,4.572
-71.078289,42.359230,4.572
-71.078195,42.359337,4.572
-71.078013,42.359381,4.572
-71.077795,42.359527,4.572
-71.077746,42.359674,4.572
-71.077677,42.359762,4.572
-71.077794,42.359951,4.572
-71.077734,42.360023,4.572
-71.077561,42.359996,4.572
-71.077698,42.360103,4.572
-71.077819,42.360205,4.572
-71.077979,42.360158,4.572
-71.077937,42.359996,4.572
-71.078123,42.359869,4.572
-71.078244,42.359895,4.572
-71.078265,42.360068,4.572
-71.078341,42.360250,4.572
-71.078462,42.360313,4.572
-71.078778,42.360303,4.572
-71.078960,42.360165,4.572
-71.079203,42.360135,4.572
-71.079397,42.360048,4.572
-71.079409,42.360117,4.572
-71.079301,42.360266,4.572
-71.079267,42.360383,4.572
-71.078924,42.360508,4.572
-71.078657,42.360575,4.572
-71.078402,42.360534,4.572
-71.078001,42.360528,4.572
-71.077625,42.360400,4.572
-71.077540,42.360410,4.572
-71.077382,42.360545,4.572
-71.077042,42.360545,4.572
-71.076988,42.360491,4.572
-71.076957,42.360414,4.572
-71.076532,42.360357,4.572
-71.076483,42.360266,4.572
-71.076581,42.359917,4.572
-71.076423,42.359933,4.572
-71.076059,42.360377,4.572
-71.075793,42.360563,4.572
-71.075866,42.360779,4.572
-71.076144,42.360844,4.572
-71.076654,42.360955,4.572
-71.077063,42.361031,4.572
-71.077042,42.361276,4.572
-71.076933,42.361322,4.572
-71.076326,42.361239,4.572
-71.075864,42.361138,4.572
-71.075658,42.362159,4.572
-71.075804,42.362198,4.572
-71.075974,42.362179,4.572
-71.076117,42.362327,4.572
-71.075937,42.362348,4.572
-71.075755,42.362298,4.572
-71.075792,42.362427,4.572
-71.076156,42.362534,4.572
-71.076330,42.362426,4.572
-71.076544,42.362337,4.572
-71.076969,42.362237,4.572
-71.077576,42.362266,4.572
-71.091552,42.354171,4.572
-71.091403,42.354252,4.572
-71.091040,42.354295,4.572
-71.090991,42.354198,4.572
-71.091343,42.354099,4.572
-71.091542,42.354135,4.572
-71.087838,42.358231,4.572
-71.087909,42.358150,4.572
-71.087677,42.358036,4.572
-71.087558,42.357880,4.572
-71.087386,42.357872,4.572
-71.087308,42.357619,4.572
-71.087628,42.357468,4.572
-71.087694,42.357367,4.572
-71.087750,42.357134,4.572
-71.088296,42.357013,4.572
-71.088442,42.357097,4.572
-71.088625,42.357394,4.572
-71.088529,42.357547,4.572
-71.088515,42.357682,4.572
-71.088770,42.357846,4.572
-71.088915,42.357803,4.572
-71.089148,42.357592,4.572
-71.089140,42.357385,4.572
-71.089377,42.357351,4.572
-71.089923,42.357197,4.572
-71.090579,42.357100,4.572
-71.091064,42.356997,4.572
-71.091611,42.356778,4.572
-71.091713,42.356584,4.572
-71.091550,42.356342,4.572
-71.091301,42.356269,4.572
-71.091245,42.356017,4.572
-71.091321,42.355854,4.572
-71.091107,42.355674,4.572
-71.091118,42.355485,4.572
-71.090987,42.355269,4.572
-71.090603,42.355129,4.572
-71.090461,42.354918,4.572
-71.090542,42.354800,4.572
-71.090796,42.354648,4.572
-71.090627,42.354544,4.572
-71.090275,42.354503,4.572
-71.089862,42.354525,4.572
-71.089310,42.354684,4.572
-71.089120,42.354873,4.572
-71.089158,42.354990,4.572
-71.089377,42.355066,4.572
-71.089656,42.355085,4.572
-71.089777,42.355206,4.572
-71.089656,42.355397,4.572
-71.089507,42.355422,4.572
-71.089355,42.355251,4.572
-71.089012,42.355031,4.572
-71.088660,42.355029,4.572
-71.088439,42.355179,4.572
-71.088338,42.355386,4.572
-71.088235,42.355445,4.572
-71.087932,42.355469,4.572
-71.087592,42.355765,4.572
-71.087491,42.355683,4.572
-71.087662,42.355395,4.572
-71.087600,42.355260,4.572
-71.087252,42.355256,4.572
-71.086973,42.355387,4.572
-71.086621,42.355356,4.572
-71.086406,42.355215,4.572
-71.086257,42.355139,4.572
-71.085807,42.355270,4.572
-71.085749,42.355242,4.572
-71.085844,42.355169,4.572
-71.086039,42.355035,4.572
-71.086329,42.354965,4.572
-71.086537,42.354855,4.572
-71.086912,42.354742,4.572
-71.087337,42.354614,4.572
-71.087713,42.354491,4.572
-71.088223,42.354311,4.572
-71.088709,42.354275,4.572
-71.088855,42.354113,4.572
-71.089255,42.354105,4.572
-71.089465,42.354009,4.572
-71.089626,42.353802,4.572
-71.089462,42.353480,4.572
-71.089334,42.353352,4.572
-71.089593,42.353289,4.572
-71.089572,42.353127,4.572
-71.089352,42.352977,4.572
-71.089025,42.352959,4.572
-71.088782,42.353127,4.572
-71.088539,42.353162,4.572
-71.088369,42.353298,4.572
-71.087944,42.353614,4.572
-71.087507,42.353798,4.572
-71.087415,42.353694,4.572
-71.087523,42.353595,4.572
-71.087485,42.353469,4.572
-71.087325,42.353371,4.572
-71.087021,42.353422,4.572
-71.086900,42.353527,4.572
-71.086317,42.353541,4.572
-71.086050,42.353571,4.572
-71.085511,42.354099,4.572
-71.085403,42.354396,4.572
-71.085249,42.354418,4.572
-71.085130,42.354549,4.572
-71.084666,42.354716,4.572
-71.084222,42.354864,4.572
-71.083317,42.355278,4.572
-71.082906,42.355445,4.572
-71.082530,42.355467,4.572
-71.082346,42.355584,4.572
-71.082165,42.355584,4.572
-71.081813,42.355612,4.572
-71.081279,42.355517,4.572
-71.080793,42.355485,4.572
-71.080498,42.355539,4.572
-71.080387,42.355809,4.572
-71.080077,42.355892,4.572
-71.079852,42.355863,4.572
-71.079616,42.355778,4.572
-71.078963,42.355881,4.572
-71.078426,42.355995,4.572
-71.077940,42.356186,4.572
-71.077467,42.356268,4.572
-71.076593,42.356491,4.572
-71.075986,42.356842,4.572
-71.075849,42.357025,4.572
-71.075858,42.357313,4.572
-71.075658,42.357493,4.572
-71.075577,42.357691,4.572
-71.075581,42.358105,4.572
-71.075423,42.358312,4.572
-71.075405,42.358726,4.572
-71.075257,42.359034,4.572
-71.075133,42.359329,4.572
-71.075087,42.359480,4.572
-71.074857,42.359549,4.572
-71.074748,42.359493,4.572
-71.074651,42.359599,4.572
-71.074711,42.359744,4.572
-71.074480,42.359978,4.572
-71.074238,42.360138,4.572
-71.074124,42.360563,4.572
-71.074032,42.361031,4.572
-71.092011,42.354201,4.572
-71.092035,42.354177,4.572
-71.095350,42.354826,4.572
-71.095277,42.354757,4.572
-71.095110,42.354801,4.572
-71.095083,42.354885,4.572
-71.095228,42.354898,4.572
-71.095595,42.352010,4.572
-71.095451,42.352208,4.572
-71.095143,42.352168,4.572
-71.094564,42.352046,4.572
-71.094529,42.351812,4.572
-71.094682,42.351747,4.572
-71.095180,42.351847,4.572
-71.095544,42.351929,4.572
-71.095595,42.352010,4.572
-71.097164,42.354099,4.572
-71.096977,42.354165,4.572
-71.096904,42.354090,4.572
-71.097037,42.353941,4.572
-71.097194,42.353946,4.572
-71.097416,42.354657,4.572
-71.097183,42.354909,4.572
-71.096989,42.354974,4.572
-71.096697,42.354970,4.572
-71.096514,42.355008,4.572
-71.096634,42.354855,4.572
-71.097062,42.354628,4.572
-71.097353,42.354588,4.572
-71.097416,42.354657,4.572
-71.098166,42.354807,4.572
-71.098140,42.354756,4.572
-71.098251,42.354636,4.572
-71.098317,42.354684,4.572
-71.101228,42.352452,4.572
-71.101080,42.352581,4.572
-71.100303,42.352643,4.572
-71.099890,42.352689,4.572
-71.099661,42.352731,4.572
-71.099786,42.352974,4.572
-71.099666,42.353136,4.572
-71.099163,42.353271,4.572
-71.098883,42.353477,4.572
-71.098676,42.353646,4.572
-71.098421,42.353514,4.572
-71.098203,42.353457,4.572
-71.097729,42.353559,4.572
-71.097256,42.353619,4.572
-71.096564,42.353815,4.572
-71.096096,42.353964,4.572
-71.096083,42.354045,4.572
-71.096370,42.354159,4.572
-71.096595,42.354234,4.572
-71.096415,42.354477,4.572
-71.096148,42.354648,4.572
-71.096144,42.354810,4.572
-71.096317,42.355008,4.572
-71.096222,42.355188,4.572
-71.095920,42.355219,4.572
-71.095629,42.355016,4.572
-71.095265,42.354954,4.572
-71.095184,42.355170,4.572
-71.094706,42.355396,4.572
-71.094500,42.355598,4.572
-71.094306,42.355644,4.572
-71.094227,42.355737,4.572
-71.094439,42.355698,4.572
-71.094779,42.355726,4.572
-71.095071,42.355627,4.572
-71.095593,42.355489,4.572
-71.095816,42.355566,4.572
-71.095520,42.355707,4.572
-71.095022,42.355880,4.572
-71.094415,42.356009,4.572
-71.094220,42.355989,4.572
-71.094031,42.355818,4.572
-71.094026,42.355597,4.572
-71.093929,42.355530,4.572
-71.093723,42.355589,4.572
-71.093686,42.355692,4.572
-71.093844,42.355800,4.572
-71.093990,42.355872,4.572
-71.093492,42.356068,4.572
-71.093189,42.356086,4.572
-71.093037,42.356215,4.572
-71.092885,42.356389,4.572
-71.092582,42.356392,4.572
-71.092335,42.356080,4.572
-71.092412,42.355976,4.572
-71.092825,42.355767,4.572
-71.093128,42.355646,4.572
-71.093456,42.355375,4.572
-71.093893,42.355259,4.572
-71.094221,42.355466,4.572
-71.094336,42.355359,4.572
-71.094354,42.355182,4.572
-71.094077,42.355098,4.572
-71.094214,42.354855,4.572
-71.094450,42.354738,4.572
-71.094435,42.354567,4.572
-71.094633,42.354403,4.572
-71.095046,42.354190,4.572
-71.095246,42.354000,4.572
-71.095301,42.353809,4.572
-71.095034,42.353635,4.572
-71.094843,42.353505,4.572
-71.094744,42.353208,4.572
-71.095048,42.353064,4.572
-71.095641,42.352971,4.572
-71.096042,42.353048,4.572
-71.096782,42.353064,4.572
-71.097389,42.352923,4.572
-71.098021,42.352735,4.572
-71.098223,42.352695,4.572
-71.098003,42.352596,4.572
-71.097962,42.352479,4.572
-71.098100,42.352325,4.572
-71.098169,42.351965,4.572
-71.098020,42.351668,4.572
-71.098070,42.351551,4.572
-71.098215,42.351514,4.572
-71.098883,42.351660,4.572
-71.099308,42.351800,4.572
-71.099801,42.351866,4.572
-71.100206,42.352006,4.572
-71.100607,42.352093,4.572
-71.100946,42.352075,4.572
-71.101212,42.352190,4.572
-71.062364,42.369178,3.658
-71.062656,42.369184,3.658
-71.063056,42.369311,3.658
-71.063323,42.369277,3.658
-71.063463,42.369367,3.658
-71.065346,42.368512,3.658
-71.065307,42.368656,3.658
-71.065399,42.368712,3.658
-71.065549,42.368674,3.658
-71.065497,42.368548,3.658
-71.065482,42.368431,3.658
-71.065934,42.368320,3.658
-71.066334,42.368256,3.658
-71.066735,42.368084,3.658
-71.067208,42.367952,3.658
-71.067492,42.367783,3.658
-71.067997,42.367628,3.658
-71.068341,42.367477,3.658
-71.068535,42.367297,3.658
-71.068507,42.368399,3.658
-71.066407,42.369156,3.658
-71.067136,42.369167,3.658
-71.069534,42.368359,3.658
-71.070972,42.367006,3.658
-71.070850,42.366886,3.658
-71.070917,42.366630,3.658
-71.070924,42.366495,3.658
-71.070559,42.366322,3.658
-71.069204,42.367576,3.658
-71.069564,42.367728,3.658
-71.069891,42.367943,3.658
-71.070341,42.368165,3.658
-71.070586,42.368251,3.658
-71.070729,42.368373,3.658
-71.071033,42.368477,3.658
-71.071227,42.368591,3.658
-71.070276,42.365586,3.658
-71.070729,42.365117,3.658
-71.071033,42.365072,3.658
-71.071093,42.365080,3.658
-71.071436,42.364965,3.658
-71.072948,42.364002,3.658
-71.073048,42.363418,3.658
-71.073073,42.363417,3.658
-71.073072,42.363391,3.658
-71.073181,42.368129,3.658
-71.073133,42.362786,3.658
-71.073242,42.362694,3.658
-71.073179,42.362552,3.658
-71.073084,42.363387,3.658
-71.073221,42.363209,3.658
-71.073230,42.362992,3.658
-71.073133,42.362913,3.658
-71.073332,42.367333,3.658
-71.073242,42.367540,3.658
-71.073303,42.362198,3.658
-71.073521,42.362102,3.658
-71.073578,42.361823,3.658
-71.073381,42.367945,3.658
-71.073442,42.368062,3.658
-71.073644,42.368215,3.658
-71.073473,42.368271,3.658
-71.073484,42.361013,3.658
-71.073740,42.360680,3.658
-71.073400,42.360441,3.658
-71.074510,42.358456,3.658
-71.074432,42.358484,3.658
-71.074218,42.358357,3.658
-71.074225,42.358132,3.658
-71.074408,42.358086,3.658
-71.074523,42.358231,3.658
-71.075937,42.364639,3.658
-71.075451,42.364821,3.658
-71.075233,42.364934,3.658
-71.074954,42.365207,3.658
-71.074896,42.365343,3.658
-71.074687,42.365464,3.658
-71.074483,42.365757,3.658
-71.076314,42.361389,3.658
-71.076180,42.361704,3.658
-71.076374,42.361867,3.658
-71.076544,42.361911,3.658
-71.076666,42.361869,3.658
-71.076768,42.362030,3.658
-71.076945,42.362119,3.658
-71.077092,42.362075,3.658
-71.077528,42.363156,3.658
-71.077224,42.363330,3.658
-71.076787,42.363715,3.658
-71.076573,42.363975,3.658
-71.076149,42.364407,3.658
-71.077552,42.363136,3.658
-71.077528,42.363146,3.658
-71.079060,42.357979,3.658
-71.078887,42.357873,3.658
-71.078753,42.358114,3.658
-71.078766,42.358188,3.658
-71.078900,42.358153,3.658
-71.080963,42.356131,3.658
-71.080927,42.356110,3.658
-71.080963,42.356131,3.658
-71.080980,42.357952,3.658
-71.081006,42.357961,3.658
-71.081850,42.360106,3.658
-71.081437,42.360289,3.658
-71.081303,42.360212,3.658
-71.080903,42.360279,3.658
-71.080902,42.360086,3.658
-71.081266,42.359852,3.658
-71.081777,42.359610,3.658
-71.081867,42.359744,3.658
-71.081911,42.359969,3.658
-71.077350,42.361301,3.658
-71.077460,42.361067,3.658
-71.077309,42.360897,3.658
-71.076872,42.360836,3.658
-71.076435,42.360769,3.658
-71.076112,42.360599,3.658
-71.076071,42.360482,3.658
-71.076338,42.360089,3.658
-71.076508,42.359973,3.658
-71.076477,42.360140,3.658
-71.076411,42.360400,3.658
-71.076714,42.360478,3.658
-71.076957,42.360596,3.658
-71.077200,42.360601,3.658
-71.077673,42.360568,3.658
-71.077868,42.360562,3.658
-71.078195,42.360637,3.658
-71.078487,42.360597,3.658
-71.078754,42.360661,3.658
-71.079142,42.360494,3.658
-71.079606,42.360401,3.658
-71.079725,42.360292,3.658
-71.079887,42.360230,3.658
-71.080026,42.359843,3.658
-71.080088,42.359509,3.658
-71.080344,42.359371,3.658
-71.080551,42.359374,3.658
-71.080713,42.359257,3.658
-71.080830,42.358953,3.658
-71.080684,42.358918,3.658
-71.080585,42.358888,3.658
-71.080423,42.358573,3.658
-71.080441,42.358544,3.658
-71.080582,42.358564,3.658
-71.080636,42.358481,3.658
-71.080696,42.358564,3.658
-71.080696,42.358671,3.658
-71.080927,42.358677,3.658
-71.081097,42.358723,3.658
-71.081365,42.358483,3.658
-71.081640,42.358339,3.658
-71.081631,42.358240,3.658
-71.081413,42.358019,3.658
-71.081097,42.358133,3.658
-71.080721,42.358262,3.658
-71.080575,42.358269,3.658
-71.080584,42.358429,3.658
-71.080454,42.358387,3.658
-71.080376,42.358267,3.658
-71.080479,42.358141,3.658
-71.080400,42.357979,3.658
-71.080228,42.357871,3.658
-71.080167,42.357610,3.658
-71.080551,42.357299,3.658
-71.081461,42.357044,3.658
-71.082153,42.356855,3.658
-71.082590,42.357112,3.658
-71.083197,42.357119,3.658
-71.083476,42.357370,3.658
-71.083731,42.357532,3.658
-71.084011,42.357605,3.658
-71.084630,42.358048,3.658
-71.084824,42.358059,3.658
-71.084944,42.358150,3.658
-71.084933,42.358270,3.658
-71.084739,42.358307,3.658
-71.084533,42.358481,3.658
-71.084173,42.358699,3.658
-71.083185,42.359167,3.658
-71.082996,42.359329,3.658
-71.082939,42.359563,3.658
-71.083161,42.359728,3.658
-71.078025,42.362209,3.658
-71.077805,42.362111,3.658
-71.077686,42.361984,3.658
-71.077455,42.362084,3.658
-71.077344,42.361985,3.658
-71.083998,42.359268,3.658
-71.084290,42.359304,3.658
-71.084848,42.359162,3.658
-71.085090,42.358015,3.658
-71.085035,42.358015,3.658
-71.085091,42.358062,3.658
-71.085115,42.359084,3.658
-71.085152,42.359080,3.658
-71.085018,42.359113,3.658
-71.085905,42.358844,3.658
-71.086839,42.358586,3.658
-71.088538,42.354495,3.658
-71.088474,42.354396,3.658
-71.088284,42.354351,3.658
-71.088053,42.354438,3.658
-71.087726,42.354530,3.658
-71.087349,42.354652,3.658
-71.087115,42.354684,3.658
-71.086768,42.354828,3.658
-71.086924,42.354946,3.658
-71.087313,42.354923,3.658
-71.087956,42.354698,3.658
-71.088357,42.354557,3.658
-71.096187,42.355599,3.658
-71.095763,42.355731,3.658
-71.094901,42.355993,3.658
-71.094476,42.356077,3.658
-71.094190,42.356188,3.658
-71.093432,42.356453,3.658
-71.092667,42.356700,3.658
-71.092546,42.356521,3.658
-71.092255,42.356044,3.658
-71.092358,42.355917,3.658
-71.092267,42.355773,3.658
-71.092117,42.355377,3.658
-71.092033,42.355062,3.658
-71.091863,42.354693,3.658
-71.091657,42.354468,3.658
-71.091501,42.354365,3.658
-71.091040,42.354458,3.658
-71.090965,42.354531,3.658
-71.091040,42.354783,3.658
-71.091403,42.355503,3.658
-71.091568,42.355899,3.658
-71.091866,42.356449,3.658
-71.091982,42.356800,3.658
-71.091477,42.357074,3.658
-71.090773,42.357323,3.658
-71.090336,42.357463,3.658
-71.089874,42.357649,3.658
-71.089110,42.357921,3.658
-71.088490,42.358115,3.658
-71.088053,42.358258,3.658
-71.096967,42.352145,3.658
-71.096685,42.352173,3.658
-71.096382,42.352289,3.658
-71.096078,42.352224,3.658
-71.095544,42.352300,3.658
-71.095253,42.352298,3.658
-71.095022,42.352219,3.658
-71.094718,42.352194,3.658
-71.094464,42.352252,3.658
-71.093832,42.352329,3.658
-71.093670,42.352100,3.658
-71.093693,42.351812,3.658
-71.093954,42.351672,3.658
-71.094172,42.351662,3.658
-71.094621,42.351504,3.658
-71.094840,42.351498,3.658
-71.095107,42.351711,3.658
-71.095423,42.351736,3.658
-71.095932,42.351742,3.658
-71.096285,42.351799,3.658
-71.096527,42.351797,3.658
-71.096734,42.351720,3.658
-71.096890,42.351794,3.658
-71.096967,42.352145,3.658
-71.097702,42.354252,3.658
-71.097596,42.354223,3.658
-71.097531,42.354279,3.658
-71.097669,42.354322,3.658
-71.101438,42.353172,3.658
-71.101214,42.353106,3.658
-71.101068,42.353179,3.658
-71.101068,42.353369,3.658
-71.101274,42.353364,3.658
-71.101444,42.353224,3.658
-71.073546,42.360244,3.658
-71.073946,42.360066,3.658
-71.074335,42.359891,3.658
-71.074553,42.359608,3.658
-71.074862,42.359320,3.658
-71.075032,42.359041,3.658
-71.075190,42.358879,3.658
-71.075223,42.358627,3.658
-71.075277,42.358393,3.658
-71.075302,42.358123,3.658
-71.075318,42.357831,3.658
-71.075415,42.357799,3.658
-71.075434,42.357475,3.658
-71.075549,42.357349,3.658
-71.075736,42.357349,3.658
-71.075745,42.357241,3.658
-71.075786,42.356935,3.658
-71.075986,42.356774,3.658
-71.076386,42.356609,3.658
-71.076569,42.356447,3.658
-71.077673,42.356191,3.658
-71.078341,42.355955,3.658
-71.078754,42.355873,3.658
-71.079713,42.355624,3.658
-71.080502,42.355439,3.658
-71.080951,42.355392,3.658
-71.081740,42.355250,3.658
-71.082020,42.355127,3.658
-71.082347,42.355121,3.658
-71.083027,42.355263,3.658
-71.083659,42.355126,3.658
-71.084229,42.354805,3.658
-71.084885,42.354630,3.658
-71.085054,42.354477,3.658
-71.085237,42.354359,3.658
-71.085383,42.354343,3.658
-71.085461,42.354081,3.658
-71.085795,42.353842,3.658
-71.085965,42.353570,3.658
-71.086087,42.353491,3.658
-71.086524,42.353521,3.658
-71.086887,42.353487,3.658
-71.087129,42.353271,3.658
-71.087229,42.353055,3.658
-71.087313,42.353025,3.658
-71.087483,42.353109,3.658
-71.087553,42.353343,3.658
-71.087726,42.353599,3.658
-71.087871,42.353593,3.658
-71.088098,42.353442,3.658
-71.088119,42.353109,3.658
-71.088046,42.352821,3.658
-71.088260,42.352781,3.658
-71.088441,42.352641,3.658
-71.088806,42.352550,3.658
-71.089110,42.352704,3.658
-71.089571,42.353010,3.658
-71.089716,42.353262,3.658
-71.089747,42.353649,3.658
-71.089702,42.354180,3.658
-71.089765,42.354223,3.658
-71.090202,42.354096,3.658
-71.090811,42.353784,3.658
-71.091076,42.353744,3.658
-71.091671,42.353807,3.658
-71.092145,42.353793,3.658
-71.092764,42.353877,3.658
-71.093213,42.353829,3.658
-71.093917,42.353564,3.658
-71.094464,42.353214,3.658
-71.094706,42.353043,3.658
-71.095119,42.352931,3.658
-71.095702,42.352876,3.658
-71.096418,42.352912,3.658
-71.097246,42.352758,3.658
-71.097499,42.352605,3.658
-71.097341,42.352237,3.658
-71.097181,42.352190,3.658
-71.097316,42.352188,3.658
-71.097584,42.352226,3.658
-71.097674,42.352172,3.658
-71.097699,42.351938,3.658
-71.097690,42.351767,3.658
-71.097817,42.351425,3.658
-71.098021,42.351403,3.658
-71.098209,42.351398,3.658
-71.098583,42.351506,3.658
-71.099150,42.351657,3.658
-71.099696,42.351804,3.658
-71.100789,42.351878,3.658
-71.101056,42.351979,3.658
-71.101748,42.352116,3.658
-71.101998,42.352172,3.658
-71.101942,42.352265,3.658
-71.101857,42.352472,3.658
-71.101991,42.352543,3.658
-71.102610,42.352544,3.658
-71.102717,42.352632,3.658
-71.102585,42.352805,3.658
-71.102221,42.352883,3.658
-71.101772,42.352908,3.658
-71.101631,42.353145,3.658
-71.101782,42.353415,3.658
-71.101783,42.353532,3.658
-71.100900,42.353811,3.658
-71.100352,42.353980,3.658
-71.099866,42.354186,3.658
-71.099368,42.354408,3.658
-71.098749,42.354556,3.658
-71.098458,42.354850,3.658
-71.097778,42.355052,3.658
-71.073849,42.359372,3.658
-71.073906,42.359446,3.658
-71.110554,42.352244,3.658
-71.110539,42.352361,3.658
-71.110137,42.352527,3.658
-71.110160,42.352704,3.658
-71.110137,42.352789,3.658
-71.109844,42.352659,3.658
-71.109030,42.352352,3.658
-71.109760,42.352270,3.658
-71.110331,42.352230,3.658
-71.110592,42.352898,3.658
-71.110500,42.352821,3.658
-71.062544,42.369304,2.743
-71.062692,42.369250,2.743
-71.062838,42.369295,2.743
-71.063263,42.369362,2.743
-71.065460,42.368360,2.743
-71.065764,42.368326,2.743
-71.066516,42.368175,2.743
-71.066941,42.367942,2.743
-71.067281,42.367882,2.743
-71.067524,42.367713,2.743
-71.068082,42.367567,2.743
-71.068301,42.367431,2.743
-71.068422,42.368562,2.743
-71.066661,42.369268,2.743
-71.066759,42.369247,2.743
-71.066820,42.369229,2.743
-71.069454,42.368379,2.743
-71.069636,42.368498,2.743
-71.069345,42.367532,2.743
-71.069612,42.367673,2.743
-71.070025,42.367894,2.743
-71.069721,42.367743,2.743
-71.070360,42.368035,2.743
-71.070158,42.365564,2.743
-71.070316,42.365327,2.743
-71.070588,42.365046,2.743
-71.070861,42.366585,2.743
-71.070842,42.366486,2.743
-71.070668,42.366410,2.743
-71.070753,42.368261,2.743
-71.073254,42.361919,2.743
-71.073342,42.361679,2.743
-71.073230,42.360861,2.743
-71.073334,42.360824,2.743
-71.073414,42.360635,2.743
-71.073279,42.360524,2.743
-71.073618,42.359720,2.743
-71.073632,42.359708,2.743
-71.073777,42.368242,2.743
-71.073606,42.368371,2.743
-71.075905,42.364776,2.743
-71.075560,42.364992,2.743
-71.075367,42.365159,2.743
-71.074787,42.365523,2.743
-71.074589,42.365739,2.743
-71.076287,42.364425,2.743
-71.076480,42.364218,2.743
-71.076556,42.364119,2.743
-71.077394,42.363302,2.743
-71.077163,42.363478,2.743
-71.076842,42.363768,2.743
-71.076650,42.364038,2.743
-71.077928,42.362071,2.743
-71.077923,42.361913,2.743
-71.077758,42.361812,2.743
-71.077928,42.361692,2.743
-71.084327,42.359428,2.743
-71.084168,42.359376,2.743
-71.080837,42.360500,2.743
-71.080684,42.360410,2.743
-71.080794,42.360068,2.743
-71.081194,42.359800,2.743
-71.081813,42.359501,2.743
-71.081944,42.359599,2.743
-71.082031,42.359924,2.743
-71.081981,42.360149,2.743
-71.081658,42.360320,2.743
-71.081534,42.360455,2.743
-71.081206,42.360535,2.743
-71.077637,42.361406,2.743
-71.077843,42.361378,2.743
-71.078001,42.361473,2.743
-71.078208,42.361433,2.743
-71.083440,42.359747,2.743
-71.083209,42.359824,2.743
-71.082954,42.359779,2.743
-71.082822,42.359554,2.743
-71.082955,42.359230,2.743
-71.083319,42.359062,2.743
-71.083901,42.358772,2.743
-71.084278,42.358481,2.743
-71.084538,42.358393,2.743
-71.084488,42.358141,2.743
-71.084363,42.358045,2.743
-71.083916,42.357916,2.743
-71.083234,42.357304,2.743
-71.082992,42.357241,2.743
-71.082445,42.357195,2.743
-71.081971,42.357023,2.743
-71.081279,42.357207,2.743
-71.080806,42.357284,2.743
-71.080393,42.357484,2.743
-71.080263,42.357691,2.743
-71.080381,42.357852,2.743
-71.080543,42.357916,2.743
-71.080684,42.358012,2.743
-71.080818,42.357934,2.743
-71.080939,42.357808,2.743
-71.081364,42.357856,2.743
-71.081592,42.357997,2.743
-71.081767,42.358330,2.743
-71.081546,42.358464,2.743
-71.081214,42.358771,2.743
-71.081073,42.358822,2.743
-71.080891,42.358769,2.743
-71.080929,42.358888,2.743
-71.080921,42.359095,2.743
-71.080733,42.359356,2.743
-71.080356,42.359447,2.743
-71.080176,42.359527,2.743
-71.080130,42.359852,2.743
-71.080003,42.360221,2.743
-71.079907,42.360327,2.743
-71.079628,42.360480,2.743
-71.079130,42.360577,2.743
-71.078717,42.360726,2.743
-71.078487,42.360668,2.743
-71.078159,42.360698,2.743
-71.077831,42.360618,2.743
-71.077540,42.360707,2.743
-71.077030,42.360686,2.743
-71.076739,42.360567,2.743
-71.076508,42.360608,2.743
-71.076872,42.360747,2.743
-71.077309,42.360788,2.743
-71.077486,42.360887,2.743
-71.077508,42.361283,2.743
-71.077564,42.361414,2.743
-71.085213,42.359209,2.743
-71.085747,42.359020,2.743
-71.086159,42.358913,2.743
-71.086754,42.358718,2.743
-71.092181,42.355905,2.743
-71.092092,42.355701,2.743
-71.091872,42.355188,2.743
-71.091913,42.355017,2.743
-71.091713,42.354657,2.743
-71.091611,42.354608,2.743
-71.091526,42.354693,2.743
-71.091416,42.354744,2.743
-71.091384,42.354657,2.743
-71.091319,42.354532,2.743
-71.091113,42.354565,2.743
-71.091202,42.354810,2.743
-71.091392,42.355150,2.743
-71.091550,42.355047,2.743
-71.091778,42.355116,2.743
-71.091696,42.355269,2.743
-71.091661,42.355485,2.743
-71.091889,42.355737,2.743
-71.091984,42.355854,2.743
-71.092157,42.355921,2.743
-71.088066,42.358318,2.743
-71.088709,42.358176,2.743
-71.088879,42.358124,2.743
-71.089280,42.357942,2.743
-71.090263,42.357607,2.743
-71.090809,42.357415,2.743
-71.091489,42.357174,2.743
-71.091817,42.357020,2.743
-71.092133,42.356858,2.743
-71.092146,42.356701,2.743
-71.091931,42.356341,2.743
-71.092023,42.356219,2.743
-71.092205,42.356167,2.743
-71.092531,42.356710,2.743
-71.092679,42.356770,2.743
-71.093019,42.356697,2.743
-71.093784,42.356424,2.743
-71.094366,42.356186,2.743
-71.094646,42.356139,2.743
-71.095374,42.355942,2.743
-71.095908,42.355763,2.743
-71.096988,42.352397,2.743
-71.096394,42.352392,2.743
-71.096030,42.352331,2.743
-71.095580,42.352374,2.743
-71.095228,42.352364,2.743
-71.094967,42.352298,2.743
-71.094869,42.352425,2.743
-71.094803,42.352503,2.743
-71.094671,42.352443,2.743
-71.094583,42.352352,2.743
-71.094281,42.352370,2.743
-71.093939,42.352452,2.743
-71.094063,42.352556,2.743
-71.094182,42.352875,2.743
-71.094330,42.352958,2.743
-71.094840,42.352874,2.743
-71.095993,42.352734,2.743
-71.096564,42.352626,2.743
-71.096855,42.352607,2.743
-71.098257,42.354981,2.743
-71.098057,42.355037,2.743
-71.097826,42.355106,2.743
-71.097681,42.355149,2.743
-71.107805,42.352956,2.743
-71.107587,42.352907,2.743
-71.106677,42.352881,2.743
-71.105742,42.352852,2.743
-71.104953,42.352906,2.743
-71.103836,42.353084,2.743
-71.103509,42.353163,2.743
-71.103352,42.353271,2.743
-71.102840,42.353410,2.743
-71.101893,42.353732,2.743
-71.101286,42.353829,2.743
-71.101044,42.353936,2.743
-71.100520,42.354054,2.743
-71.100121,42.354201,2.743
-71.099840,42.354360,2.743
-71.098846,42.354687,2.743
-71.098550,42.354900,2.743
-71.073461,42.358847,2.743
-71.073594,42.358664,2.743
-71.073556,42.358465,2.743
-71.073764,42.358241,2.743
-71.073981,42.358069,2.743
-71.074068,42.357935,2.743
-71.074323,42.357882,2.743
-71.074452,42.357943,2.743
-71.074643,42.358186,2.743
-71.074676,42.358672,2.743
-71.074551,42.358798,2.743
-71.074408,42.359023,2.743
-71.074153,42.359375,2.743
-71.073934,42.359576,2.743
-71.073691,42.359776,2.743
-71.073861,42.359976,2.743
-71.074043,42.359978,2.743
-71.074543,42.359527,2.743
-71.074990,42.358852,2.743
-71.074990,42.358713,2.743
-71.075109,42.358609,2.743
-71.075206,42.358141,2.743
-71.075260,42.357700,2.743
-71.075254,42.357385,2.743
-71.075755,42.356893,2.743
-71.076277,42.356614,2.743
-71.076496,42.356443,2.743
-71.077115,42.356257,2.743
-71.077758,42.356137,2.743
-71.078305,42.355925,2.743
-71.078742,42.355824,2.743
-71.079409,42.355660,2.743
-71.080320,42.355402,2.743
-71.080708,42.355384,2.743
-71.080980,42.355242,2.743
-71.082117,42.354983,2.743
-71.082530,42.354874,2.743
-71.082691,42.354900,2.743
-71.083088,42.355101,2.743
-71.083262,42.355089,2.743
-71.083874,42.354828,2.743
-71.084377,42.354684,2.743
-71.084848,42.354575,2.743
-71.085013,42.354378,2.743
-71.085310,42.354290,2.743
-71.085355,42.354126,2.743
-71.085565,42.353947,2.743
-71.085796,42.353703,2.743
-71.086002,42.353435,2.743
-71.086232,42.353331,2.743
-71.086463,42.353345,2.743
-71.086557,42.353469,2.743
-71.086858,42.353424,2.743
-71.086998,42.353082,2.743
-71.087132,42.352938,2.743
-71.087422,42.352910,2.743
-71.087606,42.353028,2.743
-71.087768,42.353388,2.743
-71.087920,42.353447,2.743
-71.088046,42.353334,2.743
-71.088017,42.353083,2.743
-71.087928,42.352722,2.743
-71.088333,42.352573,2.743
-71.088381,42.352557,2.743
-71.088442,42.352537,2.743
-71.088490,42.352539,2.743
-71.088758,42.352496,2.743
-71.089012,42.352519,2.743
-71.089405,42.352767,2.743
-71.089769,42.353091,2.743
-71.089996,42.353586,2.743
-71.089950,42.353739,2.743
-71.090081,42.353843,2.743
-71.090518,42.353701,2.743
-71.090700,42.353564,2.743
-71.091004,42.353558,2.743
-71.091343,42.353593,2.743
-71.091926,42.353527,2.743
-71.092181,42.353407,2.743
-71.092460,42.353382,2.743
-71.092703,42.353470,2.743
-71.092995,42.353388,2.743
-71.093344,42.353091,2.743
-71.093523,42.352704,2.743
-71.093711,42.352504,2.743
-71.093665,42.352334,2.743
-71.093550,42.351803,2.743
-71.093747,42.351659,2.743
-71.093917,42.351577,2.743
-71.094196,42.351508,2.743
-71.094589,42.351362,2.743
-71.095022,42.351364,2.743
-71.095099,42.351542,2.743
-71.095228,42.351626,2.743
-71.095483,42.351652,2.743
-71.096127,42.351662,2.743
-71.096370,42.351731,2.743
-71.096453,42.351677,2.743
-71.096503,42.351484,2.743
-71.096734,42.351429,2.743
-71.096894,42.351308,2.743
-71.097462,42.351255,2.743
-71.097573,42.351398,2.743
-71.097717,42.351350,2.743
-71.098081,42.351314,2.743
-71.098397,42.351399,2.743
-71.099150,42.351596,2.743
-71.099720,42.351746,2.743
-71.100400,42.351796,2.743
-71.101201,42.351902,2.743
-71.101966,42.351868,2.743
-71.102245,42.351799,2.743
-71.103217,42.351812,2.743
-71.103739,42.351880,2.743
-71.104783,42.351877,2.743
-71.105268,42.351910,2.743
-71.106118,42.352034,2.743
-71.107223,42.352034,2.743
-71.107939,42.352168,2.743
-71.108571,42.352273,2.743
-71.109153,42.352261,2.743
-71.109833,42.352194,2.743
-71.110112,42.352209,2.743
-71.110222,42.352172,2.743
-71.110396,42.352605,2.743
-71.110319,42.352537,2.743
-71.110313,42.352677,2.743
-71.110343,42.352804,2.743
-71.107886,42.352974,2.743
-71.108000,42.352911,2.743
-71.108207,42.352812,2.743
-71.108265,42.352578,2.743
-71.108413,42.352464,2.743
-71.109044,42.352527,2.743
-71.109468,42.352794,2.743
-71.109979,42.352838,2.743
-71.110380,42.352907,2.743
-71.065691,42.368276,1.829
-71.065720,42.368269,1.829
-71.066274,42.368159,1.829
-71.066359,42.368148,1.829
-71.066550,42.368116,1.829
-71.067002,42.367882,1.829
-71.067333,42.367774,1.829
-71.067997,42.367532,1.829
-71.068251,42.367378,1.829
-71.068478,42.368575,1.829
-71.066978,42.369297,1.829
-71.069454,42.368435,1.829
-71.069585,42.368521,1.829
-71.073194,42.361724,1.829
-71.073206,42.360738,1.829
-71.073297,42.360653,1.829
-71.073764,42.357856,1.829
-71.074007,42.357796,1.829
-71.074139,42.357718,1.829
-71.074893,42.358943,1.829
-71.074833,42.358778,1.829
-71.074663,42.358815,1.829
-71.074472,42.359077,1.829
-71.073898,42.359673,1.829
-71.073807,42.359852,1.829
-71.073946,42.359951,1.829
-71.074213,42.359823,1.829
-71.074748,42.359233,1.829
-71.074015,42.368305,1.829
-71.074137,42.368422,1.829
-71.074119,42.368485,1.829
-71.073788,42.368420,1.829
-71.075985,42.368944,1.829
-71.075882,42.369034,1.829
-71.075996,42.369178,1.829
-71.075962,42.369295,1.829
-71.075609,42.369211,1.829
-71.075378,42.369160,1.829
-71.075346,42.369151,1.829
-71.075140,42.369043,1.829
-71.075440,42.369102,1.829
-71.075540,42.368998,1.829
-71.078438,42.361165,1.829
-71.078371,42.361292,1.829
-71.079288,42.360681,1.829
-71.079146,42.360698,1.829
-71.078921,42.360806,1.829
-71.080697,42.360581,1.829
-71.080466,42.360541,1.829
-71.080162,42.360590,1.829
-71.081840,42.360437,1.829
-71.081789,42.360509,1.829
-71.074565,42.357355,1.829
-71.074730,42.357421,1.829
-71.074735,42.357853,1.829
-71.074758,42.358114,1.829
-71.074719,42.358510,1.829
-71.074869,42.358663,1.829
-71.075045,42.358573,1.829
-71.075122,42.357907,1.829
-71.075092,42.357358,1.829
-71.075164,42.357277,1.829
-71.075556,42.357043,1.829
-71.075779,42.356809,1.829
-71.076144,42.356575,1.829
-71.076386,42.356501,1.829
-71.076569,42.356357,1.829
-71.077467,42.356145,1.829
-71.078074,42.356008,1.829
-71.078972,42.355719,1.829
-71.079786,42.355499,1.829
-71.080454,42.355337,1.829
-71.080878,42.355215,1.829
-71.081768,42.354963,1.829
-71.082534,42.354792,1.829
-71.082833,42.354791,1.829
-71.082979,42.354830,1.829
-71.083088,42.354724,1.829
-71.083537,42.354540,1.829
-71.084363,42.354372,1.829
-71.084906,42.354126,1.829
-71.085249,42.353736,1.829
-71.085397,42.353496,1.829
-71.085516,42.353277,1.829
-71.086305,42.358981,1.829
-71.085905,42.359120,1.829
-71.086851,42.358817,1.829
-71.086675,42.358879,1.829
-71.086876,42.358813,1.829
-71.087301,42.352823,1.829
-71.087556,42.352862,1.829
-71.087716,42.353127,1.829
-71.087871,42.353321,1.829
-71.087957,42.353289,1.829
-71.087850,42.352893,1.829
-71.087698,42.352722,1.829
-71.088284,42.358338,1.829
-71.089352,42.352427,1.829
-71.089389,42.352374,1.829
-71.091307,42.357323,1.829
-71.091032,42.357421,1.829
-71.091914,42.357092,1.829
-71.092195,42.352118,1.829
-71.092011,42.352212,1.829
-71.091890,42.352237,1.829
-71.092082,42.352091,1.829
-71.092193,42.352089,1.829
-71.092642,42.356858,1.829
-71.092424,42.356814,1.829
-71.092270,42.356926,1.829
-71.090591,42.352199,1.829
-71.090821,42.352253,1.829
-71.091501,42.352295,1.829
-71.091667,42.352361,1.829
-71.091618,42.352533,1.829
-71.091926,42.352731,1.829
-71.092570,42.352855,1.829
-71.093007,42.352743,1.829
-71.093121,42.352497,1.829
-71.093242,42.352244,1.829
-71.093160,42.352136,1.829
-71.092849,42.352074,1.829
-71.092656,42.351776,1.829
-71.092570,42.351737,1.829
-71.092473,42.351794,1.829
-71.092388,42.351869,1.829
-71.092278,42.351804,1.829
-71.093541,42.356571,1.829
-71.093014,42.351623,1.829
-71.093140,42.351659,1.829
-71.093395,42.351564,1.829
-71.093881,42.351387,1.829
-71.094371,42.351209,1.829
-71.094415,42.351132,1.829
-71.095668,42.351488,1.829
-71.095509,42.351497,1.829
-71.095574,42.351569,1.829
-71.095702,42.351551,1.829
-71.096172,42.351506,1.829
-71.096030,42.351400,1.829
-71.095849,42.351452,1.829
-71.095850,42.351542,1.829
-71.095969,42.351582,1.829
-71.096163,42.351535,1.829
-71.094660,42.351173,1.829
-71.095204,42.351258,1.829
-71.095495,42.351293,1.829
-71.096102,42.351194,1.829
-71.096697,42.351134,1.829
-71.097426,42.351166,1.829
-71.097474,42.351145,1.829
-71.097839,42.351205,1.829
-71.098603,42.351334,1.829
-71.098870,42.351462,1.829
-71.099745,42.351676,1.829
-71.100206,42.351713,1.829
-71.100412,42.351751,1.829
-71.100546,42.351755,1.829
-71.100667,42.351761,1.829
-71.100877,42.351767,1.829
-71.101214,42.351815,1.829
-71.102124,42.351712,1.829
-71.102686,42.351587,1.829
-71.102710,42.351578,1.829
-71.102734,42.351578,1.829
-71.102889,42.351563,1.829
-71.102959,42.351551,1.829
-71.102986,42.351554,1.829
-71.103012,42.351542,1.829
-71.103083,42.351567,1.829
-71.103447,42.351569,1.829
-71.103739,42.351593,1.829
-71.104006,42.351587,1.829
-71.104115,42.351585,1.829
-71.104467,42.351664,1.829
-71.104833,42.351704,1.829
-71.105050,42.351694,1.829
-71.105147,42.351658,1.829
-71.105936,42.351701,1.829
-71.106094,42.351721,1.829
-71.106203,42.351705,1.829
-71.107405,42.353000,1.829
-71.106458,42.353020,1.829
-71.105499,42.353046,1.829
-71.104443,42.353137,1.829
-71.103495,42.353379,1.829
-71.102889,42.353501,1.829
-71.102658,42.353614,1.829
-71.101517,42.353922,1.829
-71.101200,42.354009,1.829
-71.100594,42.354136,1.829
-71.100169,42.354274,1.829
-71.099405,42.354585,1.829
-71.098785,42.354801,1.829
-71.109056,42.353058,1.829
-71.108692,42.353002,1.829
-71.106581,42.351722,1.829
-71.106737,42.351793,1.829
-71.107284,42.351864,1.829
-71.107854,42.352077,1.829
-71.108643,42.352205,1.829
-71.109566,42.352176,1.829
-71.110167,42.352992,1.829
-71.109930,42.352935,1.829
-71.109712,42.352914,1.829
-71.110190,42.353001,1.829
-71.110180,42.352992,1.829
-71.110440,42.352975,1.829
-71.074084,42.368593,0.914
-71.073922,42.368536,0.914
-71.074675,42.356860,0.914
-71.074770,42.356764,0.914
-71.074723,42.356655,0.914
-71.074635,42.358915,0.914
-71.074092,42.359608,0.914
-71.073880,42.359807,0.914
-71.073922,42.359894,0.914
-71.074080,42.359854,0.914
-71.074698,42.359194,0.914
-71.074735,42.358849,0.914
-71.074711,42.358856,0.914
-71.074794,42.358852,0.914
-71.075054,42.357502,0.914
-71.074966,42.357369,0.914
-71.074832,42.357439,0.914
-71.074796,42.358406,0.914
-71.074816,42.358564,0.914
-71.074917,42.358593,0.914
-71.075044,42.358348,0.914
-71.075075,42.357781,0.914
-71.078086,42.355260,0.914
-71.078450,42.355163,0.914
-71.078620,42.355089,0.914
-71.078669,42.355072,0.914
-71.078924,42.355035,0.914
-71.079106,42.354973,0.914
-71.079252,42.354939,0.914
-71.082894,42.353594,0.914
-71.083003,42.353597,0.914
-71.083501,42.353520,0.914
-71.074966,42.356375,0.914
-71.074972,42.356746,0.914
-71.074811,42.356917,0.914
-71.074441,42.357070,0.914
-71.075476,42.355996,0.914
-71.075208,42.356206,0.914
-71.081039,42.354387,0.914
-71.080854,42.354475,0.914
-71.080646,42.354729,0.914
-71.080422,42.354873,0.914
-71.079324,42.355182,0.914
-71.078390,42.355472,0.914
-71.078256,42.355495,0.914
-71.077880,42.355367,0.914
-71.081752,42.354513,0.914
-71.081546,42.354416,0.914
-71.081315,42.354329,0.914
-71.084565,42.353424,0.914
-71.084389,42.353658,0.914
-71.084211,42.353793,0.914
-71.083197,42.354093,0.914
-71.082250,42.354358,0.914
-71.081935,42.354492,0.914
-71.084699,42.353388,0.914
-71.084678,42.353404,0.914
-71.084654,42.353410,0.914
-71.084778,42.353370,0.914
-71.084763,42.353379,0.914
-71.074411,42.357178,0.914
-71.074542,42.357259,0.914
-71.075015,42.357263,0.914
-71.075542,42.356971,0.914
-71.076022,42.356557,0.914
-71.076447,42.356352,0.914
-71.076896,42.356205,0.914
-71.077328,42.356134,0.914
-71.077661,42.356076,0.914
-71.078025,42.355980,0.914
-71.078487,42.355772,0.914
-71.078960,42.355673,0.914
-71.079288,42.355586,0.914
-71.079871,42.355420,0.914
-71.080296,42.355305,0.914
-71.081106,42.355098,0.914
-71.082032,42.354860,0.914
-71.083173,42.354576,0.914
-71.084083,42.354324,0.914
-71.084698,42.354135,0.914
-71.085006,42.353883,0.914
-71.085304,42.353460,0.914
-71.085249,42.353374,0.914
-71.084921,42.353337,0.914
-71.092863,42.352334,0.914
-71.092679,42.352208,0.914
-71.092565,42.352217,0.914
-71.092545,42.352352,0.914
-71.092727,42.352599,0.914
-71.092897,42.352427,0.914
-71.094132,42.351209,0.914
-71.099096,42.351434,0.914
-71.099353,42.354711,0.914
-71.099166,42.354738,0.914
-71.100783,42.354288,0.914
-71.100546,42.354281,0.914
-71.101827,42.351650,0.914
-71.102185,42.353894,0.914
-71.101930,42.353987,0.914
-71.101474,42.354090,0.914
-71.100894,42.354270,0.914
-71.103205,42.353555,0.914
-71.102921,42.353649,0.914
-71.104497,42.353271,0.914
-71.106288,42.353186,0.914
-71.105753,42.353235,0.914
-71.106932,42.353182,0.914
-71.106774,42.353174,0.914
-71.106607,42.353217,0.914
-71.108668,42.352132,0.914
-71.108765,42.352136,0.914
-71.108789,42.352137,0.914
-71.133086,42.372053,5.486
-71.132952,42.372019,5.486
-71.132887,42.371863,5.486
-71.132964,42.371841,5.486
-71.133099,42.372034,5.486
-71.116841,42.361288,4.572
-71.116684,42.361258,4.572
-71.116673,42.361069,4.572
-71.116647,42.360989,4.572
-71.116792,42.360937,4.572
-71.116960,42.361123,4.572
-71.118334,42.368343,4.572
-71.118273,42.368356,4.572
-71.118261,42.368266,4.572
-71.118334,42.368343,4.572
-71.122960,42.368765,4.572
-71.122377,42.368720,4.572
-71.121892,42.368597,4.572
-71.121715,42.368514,4.572
-71.122049,42.368474,4.572
-71.122572,42.368510,4.572
-71.122960,42.368592,4.572
-71.123010,42.368703,4.572
-71.133171,42.372311,4.572
-71.133021,42.372160,4.572
-71.132790,42.371818,4.572
-71.132892,42.371718,4.572
-71.133135,42.371881,4.572
-71.133216,42.372133,4.572
-71.111037,42.352935,3.658
-71.110916,42.352955,3.658
-71.110794,42.352827,3.658
-71.111013,42.352835,3.658
-71.111053,42.352913,3.658
-71.111499,42.352459,3.658
-71.111304,42.352465,3.658
-71.110989,42.352420,3.658
-71.111020,42.352346,3.658
-71.111462,42.352365,3.658
-71.117048,42.361267,3.658
-71.116877,42.361662,3.658
-71.116678,42.361564,3.658
-71.116505,42.361474,3.658
-71.116409,42.361024,3.658
-71.116426,42.360682,3.658
-71.116596,42.360016,3.658
-71.116652,42.359782,3.658
-71.116671,42.359634,3.658
-71.116715,42.359665,3.658
-71.116688,42.359809,3.658
-71.116771,42.360097,3.658
-71.116935,42.360673,3.658
-71.117022,42.360979,3.658
-71.117110,42.364238,3.658
-71.116865,42.364468,3.658
-71.116736,42.364409,3.658
-71.116714,42.364166,3.658
-71.116865,42.363818,3.658
-71.116926,42.363821,3.658
-71.117081,42.364157,3.658
-71.118849,42.368658,3.658
-71.118480,42.368636,3.658
-71.117970,42.368382,3.658
-71.117631,42.368055,3.658
-71.117403,42.367803,3.658
-71.117103,42.367191,3.658
-71.116925,42.366597,3.658
-71.116950,42.366391,3.658
-71.117198,42.366894,3.658
-71.117790,42.367875,3.658
-71.118225,42.368169,3.658
-71.118468,42.368343,3.658
-71.118854,42.368649,3.658
-71.124016,42.369385,3.658
-71.123883,42.369379,3.658
-71.123533,42.369207,3.658
-71.123069,42.368957,3.658
-71.122499,42.368842,3.658
-71.121722,42.368676,3.658
-71.120945,42.368686,3.658
-71.120653,42.368660,3.658
-71.120588,42.368568,3.658
-71.120787,42.368476,3.658
-71.121260,42.368440,3.658
-71.121697,42.368328,3.658
-71.122207,42.368345,3.658
-71.122972,42.368545,3.658
-71.123117,42.368712,3.658
-71.123227,42.368840,3.658
-71.123527,42.368883,3.658
-71.123815,42.369054,3.658
-71.124013,42.369207,3.658
-71.128475,42.373808,3.658
-71.128294,42.373817,3.658
-71.127561,42.373465,3.658
-71.127073,42.373105,3.658
-71.127088,42.372992,3.658
-71.127663,42.373339,3.658
-71.128441,42.373762,3.658
-71.132698,42.368550,3.658
-71.132132,42.369153,3.658
-71.131775,42.369673,3.658
-71.131680,42.369648,3.658
-71.131811,42.369303,3.658
-71.132028,42.368946,3.658
-71.132418,42.368598,3.658
-71.132685,42.368487,3.658
-71.133293,42.372349,3.658
-71.133198,42.372826,3.658
-71.132892,42.373253,3.658
-71.132491,42.373626,3.658
-71.132104,42.373817,3.658
-71.131494,42.374015,3.658
-71.131375,42.373988,3.658
-71.132054,42.373662,3.658
-71.132515,42.373317,3.658
-71.132912,42.372781,3.658
-71.132997,42.372331,3.658
-71.132802,42.371953,3.658
-71.132446,42.371494,3.658
-71.132089,42.371098,3.658
-71.132102,42.371063,3.658
-71.132527,42.371335,3.658
-71.133182,42.371845,3.658
-71.133295,42.372250,3.658
-71.138768,42.364940,3.658
-71.138331,42.365268,3.658
-71.137566,42.365932,3.658
-71.137212,42.366245,3.658
-71.136874,42.366557,3.658
-71.136476,42.366885,3.658
-71.136315,42.366924,3.658
-71.136306,42.366867,3.658
-71.136974,42.366353,3.658
-71.137433,42.365885,3.658
-71.138626,42.364958,3.658
-71.138838,42.364859,3.658
-71.139840,42.364499,3.658
-71.139387,42.364610,3.658
-71.139432,42.364526,3.658
-71.139727,42.364439,3.658
-71.139908,42.364454,3.658
-71.144450,42.364994,3.658
-71.143875,42.365210,3.658
-71.143042,42.365222,3.658
-71.142582,42.365039,3.658
-71.142593,42.364997,3.658
-71.142981,42.365077,3.658
-71.143625,42.365143,3.658
-71.144450,42.364933,3.658
-71.146977,42.361942,3.658
-71.146721,42.362096,3.658
-71.146490,42.362295,3.658
-71.146420,42.362275,3.658
-71.146636,42.362044,3.658
-71.146954,42.361897,3.658
-71.150122,42.361024,3.658
-71.149792,42.361086,3.658
-71.148750,42.361168,3.658
-71.147971,42.361351,3.658
-71.147570,42.361520,3.658
-71.147611,42.361348,3.658
-71.147838,42.361178,3.658
-71.148246,42.361060,3.658
-71.149647,42.360879,3.658
-71.150052,42.360970,3.658
-71.150122,42.361024,3.658
-71.111122,42.352294,2.743
-71.112274,42.352328,2.743
-71.112652,42.352456,2.743
-71.112995,42.352427,2.743
-71.113336,42.352742,2.743
-71.113842,42.353124,2.743
-71.114121,42.353245,2.743
-71.114631,42.353248,2.743
-71.115106,42.353471,2.743
-71.115396,42.353645,2.743
-71.115650,42.353606,2.743
-71.115711,42.353714,2.743
-71.115590,42.354286,2.743
-71.115323,42.354334,2.743
-71.115117,42.354167,2.743
-71.114820,42.354002,2.743
-71.114777,42.353862,2.743
-71.114619,42.353877,2.743
-71.113805,42.353483,2.743
-71.112713,42.353095,2.743
-71.112045,42.352958,2.743
-71.111535,42.353000,2.743
-71.111122,42.353036,2.743
-71.110770,42.352979,2.743
-71.110843,42.352718,2.743
-71.111001,42.352698,2.743
-71.111003,42.352598,2.743
-71.110804,42.352591,2.743
-71.117272,42.356919,2.743
-71.117213,42.356325,2.743
-71.117254,42.356019,2.743
-71.117217,42.355848,2.743
-71.116905,42.355559,2.743
-71.116549,42.355244,2.743
-71.116358,42.355145,2.743
-71.116442,42.355451,2.743
-71.116761,42.356109,2.743
-71.116836,42.356370,2.743
-71.116865,42.356955,2.743
-71.116855,42.357387,2.743
-71.116756,42.357756,2.743
-71.116562,42.358384,2.743
-71.116411,42.359602,2.743
-71.116261,42.360709,2.743
-71.116377,42.361132,2.743
-71.116383,42.361582,2.743
-71.116487,42.362059,2.743
-71.116480,42.363311,2.743
-71.116444,42.363761,2.743
-71.116491,42.364157,2.743
-71.116494,42.364733,2.743
-71.116474,42.365489,2.743
-71.116896,42.367254,2.743
-71.117217,42.367850,2.743
-71.117526,42.368181,2.743
-71.118083,42.368595,2.743
-71.118468,42.368812,2.743
-71.118881,42.368955,2.743
-71.119257,42.368956,2.743
-71.120192,42.368832,2.743
-71.121115,42.368798,2.743
-71.121843,42.368816,2.743
-71.122402,42.368915,2.743
-71.122669,42.369001,2.743
-71.123009,42.369012,2.743
-71.123810,42.369461,2.743
-71.124514,42.369840,2.743
-71.124583,42.369711,2.743
-71.124495,42.369423,2.743
-71.123955,42.368928,2.743
-71.123397,42.368798,2.743
-71.123069,42.368562,2.743
-71.122426,42.368347,2.743
-71.122037,42.368268,2.743
-71.121411,42.368262,2.743
-71.120605,42.368406,2.743
-71.120026,42.368541,2.743
-71.119488,42.368555,2.743
-71.118565,42.368334,2.743
-71.118310,42.368165,2.743
-71.117628,42.367506,2.743
-71.117154,42.366443,2.743
-71.117027,42.365336,2.743
-71.117141,42.364607,2.743
-71.117232,42.364409,2.743
-71.117253,42.364238,2.743
-71.117267,42.363851,2.743
-71.117162,42.363212,2.743
-71.117168,42.362635,2.743
-71.117258,42.361969,2.743
-71.117189,42.361465,2.743
-71.117113,42.360979,2.743
-71.117087,42.360511,2.743
-71.117058,42.359908,2.743
-71.117120,42.358737,2.743
-71.117245,42.357720,2.743
-71.117284,42.357297,2.743
-71.152306,42.360626,2.743
-71.152089,42.360754,2.743
-71.151541,42.360932,2.743
-71.150035,42.361140,2.743
-71.149125,42.361162,2.743
-71.147983,42.361404,2.743
-71.147279,42.361789,2.743
-71.147000,42.362058,2.743
-71.146247,42.362611,2.743
-71.145724,42.363284,2.743
-71.145030,42.364481,2.743
-71.144695,42.364940,2.743
-71.144207,42.365190,2.743
-71.143357,42.365311,2.743
-71.142641,42.365168,2.743
-71.141925,42.364968,2.743
-71.141221,42.364767,2.743
-71.140589,42.364599,2.743
-71.139897,42.364575,2.743
-71.139096,42.364842,2.743
-71.138562,42.365238,2.743
-71.137467,42.366182,2.743
-71.136933,42.366714,2.743
-71.136364,42.367081,2.743
-71.135830,42.367379,2.743
-71.134725,42.367777,2.743
-71.134239,42.367967,2.743
-71.133292,42.368447,2.743
-71.132527,42.368949,2.743
-71.132165,42.369378,2.743
-71.131939,42.369873,2.743
-71.131962,42.370369,2.743
-71.132292,42.370972,2.743
-71.132819,42.371494,2.743
-71.133224,42.371800,2.743
-71.133382,42.372493,2.743
-71.133244,42.372953,2.743
-71.132552,42.373642,2.743
-71.132167,42.373844,2.743
-71.131544,42.374079,2.743
-71.130840,42.374178,2.743
-71.130488,42.374136,2.743
-71.130148,42.374203,2.743
-71.129310,42.374133,2.743
-71.128448,42.373932,2.743
-71.127896,42.373726,2.743
-71.127137,42.373311,2.743
-71.126906,42.373056,2.743
-71.126270,42.372664,2.743
-71.125789,42.372256,2.743
-71.125351,42.371665,2.743
-71.125266,42.371377,2.743
-71.125364,42.371417,2.743
-71.125923,42.371911,2.743
-71.127069,42.372853,2.743
-71.128326,42.373585,2.743
-71.129249,42.373854,2.743
-71.129990,42.373921,2.743
-71.130900,42.373887,2.743
-71.131641,42.373732,2.743
-71.132212,42.373440,2.743
-71.132784,42.372835,2.743
-71.132907,42.372421,2.743
-71.132746,42.371945,2.743
-71.132406,42.371585,2.743
-71.131815,42.370981,2.743
-71.131458,42.370080,2.743
-71.131515,42.369630,2.743
-71.131775,42.369162,2.743
-71.132059,42.368793,2.743
-71.133207,42.368045,2.743
-71.134009,42.367711,2.743
-71.134977,42.367344,2.743
-71.135781,42.366966,2.743
-71.136680,42.366468,2.743
-71.137457,42.365747,2.743
-71.138404,42.364993,2.743
-71.138622,42.364793,2.743
-71.138950,42.364635,2.743
-71.139458,42.364382,2.743
-71.140091,42.364301,2.743
-71.141014,42.364490,2.743
-71.142062,42.364742,2.743
-71.142993,42.364983,2.743
-71.143625,42.364992,2.743
-71.144207,42.364789,2.743
-71.144760,42.364328,2.743
-71.145299,42.363392,2.743
-71.145652,42.362816,2.743
-71.146029,42.362383,2.743
-71.146636,42.361946,2.743
-71.147100,42.361672,2.743
-71.147510,42.361370,2.743
-71.147935,42.361093,2.743
-71.148857,42.360883,2.743
-71.149780,42.360816,2.743
-71.150424,42.360858,2.743
-71.151322,42.360805,2.743
-71.152136,42.360643,2.743
-71.152318,42.360600,2.743
-71.153196,42.360322,2.743
-71.152887,42.360457,2.743
-71.152738,42.360466,2.743
-71.153022,42.360331,2.743
-71.153206,42.360304,2.743
-71.160415,42.359638,2.743
-71.159505,42.360054,2.743
-71.158619,42.360180,2.743
-71.158097,42.360198,2.743
-71.157186,42.360190,2.743
-71.155632,42.360021,2.743
-71.155147,42.360011,2.743
-71.154795,42.360087,2.743
-71.154659,42.360034,2.743
-71.154880,42.359919,2.743
-71.155341,42.359900,2.743
-71.155520,42.359854,2.743
-71.155851,42.359792,2.743
-71.156458,42.359891,2.743
-71.157830,42.360012,2.743
-71.159311,42.359937,2.743
-71.159866,42.359764,2.743
-71.160380,42.359542,2.743
-71.160502,42.359566,2.743
-71.117302,42.364769,1.829
-71.117239,42.365453,1.829
-71.117318,42.366570,1.829
-71.117885,42.367754,1.829
-71.118298,42.368113,1.829
-71.118881,42.368341,1.829
-71.119597,42.368409,1.829
-71.120665,42.368299,1.829
-71.121151,42.368224,1.829
-71.121819,42.368194,1.829
-71.122232,42.368227,1.829
-71.122450,42.368305,1.829
-71.123215,42.368645,1.829
-71.123676,42.368829,1.829
-71.124308,42.368999,1.829
-71.124781,42.369363,1.829
-71.125024,42.369456,1.829
-71.125406,42.369864,1.829
-71.125413,42.370007,1.829
-71.125206,42.369952,1.829
-71.125104,42.370008,1.829
-71.125291,42.370504,1.829
-71.125447,42.370909,1.829
-71.125681,42.371287,1.829
-71.126098,42.371827,1.829
-71.126979,42.372659,1.829
-71.127824,42.373249,1.829
-71.128378,42.373519,1.829
-71.129213,42.373738,1.829
-71.130038,42.373806,1.829
-71.130961,42.373769,1.829
-71.131799,42.373535,1.829
-71.132455,42.373113,1.829
-71.132787,42.372682,1.829
-71.132810,42.372349,1.829
-71.132676,42.371962,1.829
-71.132345,42.371620,1.829
-71.131726,42.370987,1.829
-71.131395,42.370261,1.829
-71.131296,42.369891,1.829
-71.131517,42.369306,1.829
-71.131983,42.368784,1.829
-71.132879,42.368144,1.829
-71.134215,42.367537,1.829
-71.134701,42.367360,1.829
-71.135346,42.367056,1.829
-71.135757,42.366907,1.829
-71.136668,42.366402,1.829
-71.137420,42.365674,1.829
-71.138355,42.364938,1.829
-71.138547,42.364742,1.829
-71.138853,42.364578,1.829
-71.139618,42.364281,1.829
-71.140346,42.364226,1.829
-71.140881,42.364339,1.829
-71.141743,42.364576,1.829
-71.143285,42.364921,1.829
-71.144014,42.364760,1.829
-71.144317,42.364577,1.829
-71.144880,42.364031,1.829
-71.145218,42.363392,1.829
-71.145579,42.362762,1.829
-71.146243,42.362158,1.829
-71.146781,42.361819,1.829
-71.147185,42.361519,1.829
-71.147740,42.361137,1.829
-71.148481,42.360901,1.829
-71.149501,42.360763,1.829
-71.150023,42.360803,1.829
-71.150946,42.360748,1.829
-71.152087,42.360547,1.829
-71.153362,42.360110,1.829
-71.153811,42.360004,1.829
-71.154673,42.359882,1.829
-71.154952,42.359771,1.829
-71.155681,42.359717,1.829
-71.117857,42.356064,1.829
-71.117802,42.356280,1.829
-71.117691,42.356469,1.829
-71.117816,42.356712,1.829
-71.117707,42.357324,1.829
-71.117466,42.358179,1.829
-71.117095,42.359431,1.829
-71.117143,42.360142,1.829
-71.117216,42.360826,1.829
-71.117148,42.361186,1.829
-71.117271,42.361690,1.829
-71.117362,42.362662,1.829
-71.117411,42.363302,1.829
-71.117361,42.363833,1.829
-71.117320,42.364310,1.829
-71.110916,42.352261,1.829
-71.110989,42.352257,1.829
-71.111159,42.352242,1.829
-71.111304,42.352256,1.829
-71.112312,42.352246,1.829
-71.112543,42.352286,1.829
-71.112761,42.352355,1.829
-71.113395,42.352436,1.829
-71.114279,42.352792,1.829
-71.115469,42.353491,1.829
-71.115754,42.353615,1.829
-71.116045,42.353822,1.829
-71.116710,42.354209,1.829
-71.117241,42.354642,1.829
-71.117494,42.355001,1.829
-71.117687,42.355469,1.829
-71.117672,42.355667,1.829
-71.117425,42.355803,1.829
-71.117448,42.355952,1.829
-71.117788,42.356010,1.829
-71.116378,42.357801,1.829
-71.116419,42.357459,1.829
-71.116543,42.356712,1.829
-71.116484,42.356460,1.829
-71.116243,42.355857,1.829
-71.115606,42.354902,1.829
-71.115141,42.354530,1.829
-71.114085,42.353885,1.829
-71.113551,42.353643,1.829
-71.113211,42.353494,1.829
-71.112361,42.353297,1.829
-71.111486,42.353165,1.829
-71.111001,42.353084,1.829
-71.127033,42.373285,1.829
-71.126920,42.373195,1.829
-71.126325,42.372799,1.829
-71.125584,42.372160,1.829
-71.125041,42.371539,1.829
-71.124563,42.370774,1.829
-71.124202,42.370017,1.829
-71.123988,42.369702,1.829
-71.123531,42.369410,1.829
-71.123009,42.369111,1.829
-71.122341,42.369068,1.829
-71.121758,42.369148,1.829
-71.121592,42.369090,1.829
-71.121345,42.369032,1.829
-71.120993,42.369064,1.829
-71.120882,42.369108,1.829
-71.120987,42.369243,1.829
-71.120495,42.369359,1.829
-71.119828,42.369348,1.829
-71.119439,42.369244,1.829
-71.118626,42.369063,1.829
-71.118128,42.368750,1.829
-71.117604,42.368550,1.829
-71.117438,42.368334,1.829
-71.116926,42.367699,1.829
-71.116635,42.367218,1.829
-71.116363,42.366542,1.829
-71.116297,42.365336,1.829
-71.116396,42.364238,1.829
-71.116347,42.363743,1.829
-71.116353,42.363113,1.829
-71.116276,42.361699,1.829
-71.116356,42.361276,1.829
-71.116246,42.361069,1.829
-71.116174,42.360592,1.829
-71.116110,42.358926,1.829
-71.116251,42.358332,1.829
-71.127192,42.373402,1.829
-71.127100,42.373353,1.829
-71.129905,42.374253,1.829
-71.129771,42.374239,1.829
-71.129553,42.374209,1.829
-71.129419,42.374208,1.829
-71.129201,42.374172,1.829
-71.129104,42.374165,1.829
-71.128964,42.374132,1.829
-71.128424,42.373985,1.829
-71.127848,42.373753,1.829
-71.127282,42.373453,1.829
-71.130075,42.374275,1.829
-71.130038,42.374269,1.829
-71.130014,42.374265,1.829
-71.156312,42.359760,1.829
-71.156846,42.359835,1.829
-71.157672,42.359884,1.829
-71.158777,42.359865,1.829
-71.159481,42.359755,1.829
-71.160185,42.359474,1.829
-71.160787,42.359133,1.829
-71.161060,42.359025,1.829
-71.161462,42.358755,1.829
-71.162091,42.358445,1.829
-71.163123,42.358337,1.829
-71.163706,42.358428,1.829
-71.164191,42.358647,1.829
-71.164717,42.358998,1.829
-71.165309,42.359442,1.829
-71.166086,42.359842,1.829
-71.166249,42.359908,1.829
-71.166207,42.359945,1.829
-71.165734,42.359926,1.829
-71.165068,42.359629,1.829
-71.164362,42.359092,1.829
-71.163670,42.358796,1.829
-71.162893,42.358700,1.829
-71.161879,42.358944,1.829
-71.161356,42.359286,1.829
-71.160719,42.359629,1.829
-71.159694,42.360079,1.829
-71.159214,42.360185,1.829
-71.158182,42.360260,1.829
-71.157538,42.360260,1.829
-71.156033,42.360108,1.829
-71.155037,42.360157,1.829
-71.154066,42.360315,1.829
-71.153580,42.360413,1.829
-71.152573,42.360757,1.829
-71.151529,42.361029,1.829
-71.150059,42.361180,1.829
-71.149380,42.361195,1.829
-71.148566,42.361273,1.829
-71.147917,42.361483,1.829
-71.147508,42.361735,1.829
-71.146878,42.362228,1.829
-71.146235,42.362780,1.829
-71.145682,42.363572,1.829
-71.145218,42.364382,1.829
-71.145056,42.364688,1.829
-71.144511,42.365127,1.829
-71.143843,42.365331,1.829
-71.143017,42.365329,1.829
-71.141913,42.365041,1.829
-71.141026,42.364795,1.829
-71.140395,42.364640,1.829
-71.139691,42.364679,1.829
-71.139130,42.364904,1.829
-71.138088,42.365717,1.829
-71.137354,42.366416,1.829
-71.136838,42.366915,1.829
-71.136145,42.367299,1.829
-71.135162,42.367734,1.829
-71.134288,42.368029,1.829
-71.132891,42.368820,1.829
-71.132406,42.369243,1.829
-71.132088,42.370035,1.829
-71.132272,42.370747,1.829
-71.132831,42.371425,1.829
-71.133196,42.371692,1.829
-71.133348,42.371836,1.829
-71.133431,42.372214,1.829
-71.133443,42.372691,1.829
-71.133206,42.373087,1.829
-71.132540,42.373693,1.829
-71.132054,42.373949,1.829
-71.131544,42.374121,1.829
-71.131277,42.374171,1.829
-71.131155,42.374207,1.829
-71.131083,42.374205,1.829
-71.130864,42.374234,1.829
-71.130393,42.374222,1.829
-71.130111,42.374278,1.829
-71.111438,42.352184,0.914
-71.111470,42.352175,0.914
-71.111479,42.352184,0.914
-71.111511,42.352176,0.914
-71.116042,42.360340,0.914
-71.116056,42.360538,0.914
-71.116053,42.360511,0.914
-71.116071,42.360637,0.914
-71.116070,42.360610,0.914
-71.116067,42.360583,0.914
-71.116222,42.366628,0.914
-71.116222,42.366610,0.914
-71.116241,42.366678,0.914
-71.116234,42.366651,0.914
-71.116253,42.366723,0.914
-71.116246,42.366698,0.914
-71.116264,42.366777,0.914
-71.116173,42.361639,0.914
-71.116298,42.361267,0.914
-71.116114,42.361006,0.914
-71.116301,42.364238,0.914
-71.115994,42.359701,0.914
-71.115980,42.358818,0.914
-71.115984,42.358575,0.914
-71.116170,42.358134,0.914
-71.110739,42.353073,0.914
-71.110758,42.353076,0.914
-71.110977,42.353137,0.914
-71.111499,42.353294,0.914
-71.111147,42.353160,0.914
-71.111669,42.353357,0.914
-71.111644,42.353353,0.914
-71.111629,42.353345,0.914
-71.116223,42.357702,0.914
-71.116280,42.357360,0.914
-71.116325,42.356919,0.914
-71.116158,42.356442,0.914
-71.115829,42.355487,0.914
-71.115296,42.354902,0.914
-71.114437,42.354314,0.914
-71.113708,42.353937,0.914
-71.113259,42.353828,0.914
-71.112616,42.353587,0.914
-71.112094,42.353475,0.914
-71.111729,42.353369,0.914
-71.117174,42.359485,0.914
-71.117241,42.359166,0.914
-71.117254,42.359124,0.914
-71.117266,42.359087,0.914
-71.117314,42.361358,0.914
-71.117311,42.360835,0.914
-71.117279,42.360439,0.914
-71.117373,42.361645,0.914
-71.117370,42.361618,0.914
-71.117386,42.361708,0.914
-71.117379,42.361681,0.914
-71.117483,42.362230,0.914
-71.111729,42.352173,0.914
-71.112264,42.352171,0.914
-71.112519,42.352194,0.914
-71.113041,42.352271,0.914
-71.114170,42.352666,0.914
-71.115390,42.353354,0.914
-71.115918,42.353678,0.914
-71.116636,42.354065,0.914
-71.117319,42.354560,0.914
-71.117712,42.355055,0.914
-71.117934,42.355694,0.914
-71.117972,42.355866,0.914
-71.117278,42.359043,0.914
-71.117983,42.356046,0.914
-71.117955,42.356433,0.914
-71.117986,42.356730,0.914
-71.117727,42.357831,0.914
-71.117470,42.358476,0.914
-71.120143,42.369459,0.914
-71.116307,42.366900,0.914
-71.116586,42.367416,0.914
-71.117041,42.368046,0.914
-71.118079,42.368921,0.914
-71.118541,42.369162,0.914
-71.119123,42.369343,0.914
-71.119609,42.369413,0.914
-71.119973,42.369459,0.914
-71.117433,42.364103,0.914
-71.117460,42.363867,0.914
-71.117456,42.363887,0.914
-71.117509,42.362385,0.914
-71.117480,42.362653,0.914
-71.117534,42.363185,0.914
-71.117475,42.363662,0.914
-71.117416,42.364985,0.914
-71.117391,42.365561,0.914
-71.117575,42.366858,0.914
-71.117944,42.367668,0.914
-71.118237,42.368005,0.914
-71.118735,42.368247,0.914
-71.119475,42.368337,0.914
-71.119645,42.368337,0.914
-71.120265,42.368245,0.914
-71.120386,42.368258,0.914
-71.120726,42.368228,0.914
-71.121078,42.368156,0.914
-71.121272,42.368138,0.914
-71.121406,42.368142,0.914
-71.121651,42.368100,0.914
-71.122096,42.368172,0.914
-71.122122,42.368176,0.914
-71.121782,42.368125,0.914
-71.121904,42.368138,0.914
-71.120853,42.369396,0.914
-71.122803,42.369144,0.914
-71.122669,42.369140,0.914
-71.122110,42.369209,0.914
-71.121564,42.369327,0.914
-71.121406,42.369339,0.914
-71.121127,42.369365,0.914
-71.120957,42.369373,0.914
-71.125475,42.372160,0.914
-71.124821,42.371431,0.914
-71.124454,42.370792,0.914
-71.124223,42.370225,0.914
-71.123470,42.369468,0.914
-71.122863,42.369148,0.914
-71.125789,42.372448,0.914
-71.125771,42.372430,0.914
-71.125874,42.372520,0.914
-71.125853,42.372502,0.914
-71.126129,42.372727,0.914
-71.126105,42.372709,0.914
-71.126302,42.372853,0.914
-71.126287,42.372843,0.914
-71.126875,42.373231,0.914
-71.126939,42.373276,0.914
-71.130540,42.374285,0.914
-71.130573,42.374281,0.914
-71.132394,42.371746,0.914
-71.131812,42.371206,0.914
-71.131340,42.370432,0.914
-71.131165,42.369963,0.914
-71.132504,42.371917,0.914
-71.122402,42.368212,0.914
-71.122754,42.368355,0.914
-71.123133,42.368496,0.914
-71.123482,42.368741,0.914
-71.124089,42.368818,0.914
-71.124858,42.369117,0.914
-71.125462,42.369756,0.914
-71.125777,42.370208,0.914
-71.126136,42.371098,0.914
-71.126243,42.371593,0.914
-71.126821,42.372345,0.914
-71.127477,42.372877,0.914
-71.128144,42.373291,0.914
-71.129213,42.373645,0.914
-71.130330,42.373704,0.914
-71.131423,42.373542,0.914
-71.132102,42.373256,0.914
-71.132552,42.372920,0.914
-71.132708,42.372664,0.914
-71.132675,42.372214,0.914
-71.131182,42.369792,0.914
-71.131334,42.369279,0.914
-71.131769,42.368874,0.914
-71.132540,42.368255,0.914
-71.133535,42.367709,0.914
-71.134336,42.367377,0.914
-71.135016,42.367126,0.914
-71.135417,42.366939,0.914
-71.135903,42.366804,0.914
-71.136801,42.366187,0.914
-71.137544,42.365426,0.914
-71.138125,42.364945,0.914
-71.138437,42.364706,0.914
-71.138962,42.364430,0.914
-71.139411,42.364250,0.914
-71.139873,42.364162,0.914
-71.141123,42.364262,0.914
-71.141776,42.364472,0.914
-71.142848,42.364778,0.914
-71.143418,42.364813,0.914
-71.143964,42.364684,0.914
-71.144524,42.364310,0.914
-71.144832,42.363950,0.914
-71.145312,42.363025,0.914
-71.145312,42.363005,0.914
-71.145349,42.362963,0.914
-71.145519,42.362716,0.914
-71.145533,42.362698,0.914
-71.145492,42.362761,0.914
-71.145502,42.362743,0.914
-71.145513,42.362725,0.914
-71.145474,42.362788,0.914
-71.145567,42.362666,0.914
-71.145581,42.362653,0.914
-71.145604,42.362629,0.914
-71.145762,42.362464,0.914
-71.146089,42.362200,0.914
-71.146115,42.362194,0.914
-71.146731,42.361789,0.914
-71.146429,42.361988,0.914
-71.146951,42.361627,0.914
-71.147388,42.361323,0.914
-71.147704,42.361097,0.914
-71.146927,42.361637,0.914
-71.147728,42.361091,0.914
-71.147753,42.361071,0.914
-71.141787,42.365075,0.914
-71.141508,42.364976,0.914
-71.140966,42.364868,0.914
-71.140601,42.364753,0.914
-71.139958,42.364727,0.914
-71.139332,42.364958,0.914
-71.138645,42.365426,0.914
-71.138120,42.365849,0.914
-71.137566,42.366442,0.914
-71.137202,42.366775,0.914
-71.136133,42.367433,0.914
-71.135623,42.367679,0.914
-71.134971,42.367857,0.914
-71.133811,42.368352,0.914
-71.132664,42.369189,0.914
-71.132352,42.369648,0.914
-71.132253,42.370225,0.914
-71.132402,42.370657,0.914
-71.132892,42.371335,0.914
-71.133171,42.371519,0.914
-71.133461,42.371917,0.914
-71.141815,42.365082,0.914
-71.141852,42.365093,0.914
-71.141998,42.365126,0.914
-71.142034,42.365133,0.914
-71.142017,42.365129,0.914
-71.142099,42.365147,0.914
-71.142070,42.365141,0.914
-71.142048,42.365138,0.914
-71.142133,42.365156,0.914
-71.142184,42.365174,0.914
-71.142626,42.365300,0.914
-71.142386,42.365220,0.914
-71.142204,42.365177,0.914
-71.142641,42.365301,0.914
-71.142702,42.365323,0.914
-71.142920,42.365373,0.914
-71.142969,42.365383,0.914
-71.147399,42.361933,0.914
-71.147129,42.362122,0.914
-71.146514,42.362662,0.914
-71.146072,42.363266,0.914
-71.145791,42.363716,0.914
-71.145441,42.364265,0.914
-71.145043,42.364814,0.914
-71.144657,42.365125,0.914
-71.144219,42.365297,0.914
-71.143782,42.365404,0.914
-71.143285,42.365407,0.914
-71.143078,42.365401,0.914
-71.147777,42.361629,0.914
-71.147886,42.361555,0.914
-71.147862,42.361573,0.914
-71.147849,42.361582,0.914
-71.148263,42.361401,0.914
-71.148311,42.361385,0.914
-71.148372,42.361369,0.914
-71.148347,42.361380,0.914
-71.132612,42.373710,0.914
-71.132175,42.373947,0.914
-71.133526,42.372061,0.914
-71.133568,42.372547,0.914
-71.133423,42.372925,0.914
-71.132938,42.373429,0.914
-71.149647,42.361243,0.914
-71.149428,42.361246,0.914
-71.148882,42.361311,0.914
-71.149914,42.361256,0.914
-71.150011,42.361245,0.914
-71.150059,42.361246,0.914
-71.150120,42.361234,0.914
-71.150247,42.361222,0.914
-71.150363,42.361219,0.914
-71.150327,42.361217,0.914
-71.150290,42.361220,0.914
-71.157526,42.360327,0.914
-71.157271,42.360307,0.914
-71.156859,42.360253,0.914
-71.156689,42.360237,0.914
-71.156421,42.360202,0.914
-71.156069,42.360168,0.914
-71.155899,42.360164,0.914
-71.155644,42.360165,0.914
-71.155402,42.360168,0.914
-71.154442,42.360326,0.914
-71.153095,42.360711,0.914
-71.152136,42.361001,0.914
-71.151553,42.361089,0.914
-71.151359,42.361121,0.914
-71.151249,42.361132,0.914
-71.150994,42.361172,0.914
-71.150727,42.361184,0.914
-71.150448,42.361206,0.914
-71.157745,42.360312,0.914
-71.158328,42.360317,0.914
-71.157927,42.360301,0.914
-71.158473,42.360309,0.914
-71.158437,42.360313,0.914
-71.166012,42.360979,0.914
-71.166037,42.360924,0.914
-71.166123,42.361105,0.914
-71.169073,42.361090,0.914
-71.168830,42.361195,0.914
-71.168514,42.361233,0.914
-71.168431,42.361312,0.914
-71.168466,42.361490,0.914
-71.167883,42.361590,0.914
-71.167361,42.361643,0.914
-71.166742,42.361606,0.914
-71.166329,42.361366,0.914
-71.166216,42.361249,0.914
-71.166487,42.361400,0.914
-71.166924,42.361534,0.914
-71.167276,42.361499,0.914
-71.168029,42.361280,0.914
-71.168575,42.360992,0.914
-71.168664,42.360943,0.914
-71.169449,42.361079,0.914
-71.169935,42.360917,0.914
-71.169498,42.361048,0.914
-71.168854,42.360881,0.914
-71.169728,42.360599,0.914
-71.169896,42.360691,0.914
-71.177907,42.359701,0.914
-71.177796,42.359692,0.914
-71.177907,42.359701,0.914
-71.183383,42.361429,0.914
-71.183457,42.361789,0.914
-71.183533,42.362133,0.914
-71.183526,42.362113,0.914
-71.183542,42.362167,0.914
-71.183565,42.362257,0.914
-71.159311,42.360247,0.914
-71.159432,42.360227,0.914
-71.159396,42.360231,0.914
-71.174014,42.358809,0.914
-71.174152,42.358890,0.914
-71.174391,42.358737,0.914
-71.174670,42.358773,0.914
-71.175253,42.358798,0.914
-71.175750,42.358917,0.914
-71.176467,42.359117,0.914
-71.177147,42.359190,0.914
-71.177439,42.359250,0.914
-71.176904,42.359324,0.914
-71.176455,42.359405,0.914
-71.175605,42.359343,0.914
-71.175095,42.359304,0.914
-71.174621,42.359287,0.914
-71.173784,42.359243,0.914
-71.172994,42.359285,0.914
-71.172436,42.359276,0.914
-71.172132,42.359220,0.914
-71.171452,42.359252,0.914
-71.170946,42.359359,0.914
-71.170966,42.359440,0.914
-71.170906,42.359589,0.914
-71.170566,42.359630,0.914
-71.169947,42.359692,0.914
-71.169352,42.359763,0.914
-71.168818,42.359896,0.914
-71.167992,42.360072,0.914
-71.167747,42.360142,0.914
-71.167746,42.360232,0.914
-71.167543,42.360282,0.914
-71.166912,42.360261,0.914
-71.166438,42.360229,0.914
-71.166147,42.360231,0.914
-71.165879,42.360394,0.914
-71.165831,42.360625,0.914
-71.165074,42.359791,0.914
-71.164110,42.359061,0.914
-71.163646,42.358870,0.914
-71.162990,42.358809,0.914
-71.162249,42.358918,0.914
-71.161557,42.359304,0.914
-71.160817,42.359677,0.914
-71.160137,42.360001,0.914
-71.159821,42.360113,0.914
-71.159675,42.360167,0.914
-71.159578,42.360186,0.914
-71.156239,42.359645,0.914
-71.156859,42.359710,0.914
-71.157878,42.359782,0.914
-71.158850,42.359752,0.914
-71.159687,42.359579,0.914
-71.160513,42.359195,0.914
-71.161019,42.358953,0.914
-71.161242,42.358768,0.914
-71.161909,42.358343,0.914
-71.162419,42.358225,0.914
-71.163026,42.358160,0.914
-71.163937,42.358306,0.914
-71.164386,42.358492,0.914
-71.164629,42.358577,0.914
-71.164933,42.358782,0.914
-71.165370,42.359084,0.914
-71.165576,42.359169,0.914
-71.165867,42.359391,0.914
-71.166207,42.359502,0.914
-71.166693,42.359645,0.914
-71.167421,42.359564,0.914
-71.167751,42.359503,0.914
-71.168466,42.359399,0.914
-71.169000,42.359331,0.914
-71.169643,42.359283,0.914
-71.170141,42.359189,0.914
-71.170930,42.359110,0.914
-71.171550,42.359019,0.914
-71.171804,42.358980,0.914
-71.172181,42.358878,0.914
-71.172642,42.358822,0.914
-71.172946,42.358745,0.914
-71.173079,42.358832,0.914
-71.173492,42.358818,0.914
-71.148481,42.360837,0.914
-71.148979,42.360751,0.914
-71.149185,42.360730,0.914
-71.149525,42.360694,0.914
-71.150023,42.360736,0.914
-71.150484,42.360694,0.914
-71.151274,42.360609,0.914
-71.152087,42.360485,0.914
-71.153350,42.360038,0.914
-71.154345,42.359812,0.914
-71.154940,42.359657,0.914
-71.155462,42.359598,0.914
-71.156142,42.359626,0.914
-71.183521,42.363230,0.914
-71.183435,42.362905,0.914
-71.183273,42.362563,0.914
-71.183191,42.362203,0.914
-71.183087,42.361627,0.914
-71.182954,42.361240,0.914
-71.182683,42.360982,0.914
-71.182197,42.360788,0.914
-71.181615,42.360653,0.914
-71.181020,42.360524,0.914
-71.180643,42.360455,0.914
-71.180000,42.360230,0.914
-71.179249,42.360025,0.914
-71.178519,42.359837,0.914
-71.178122,42.359728,0.914
-71.178239,42.359684,0.914
-71.178640,42.359699,0.914
-71.178713,42.359656,0.914
-71.178467,42.359485,0.914
-71.178018,42.359340,0.914
-71.178384,42.359340,0.914
-71.178956,42.359494,0.914
-71.179623,42.359721,0.914
-71.180024,42.359842,0.914
-71.180631,42.360092,0.914
-71.181299,42.360265,0.914
-71.182510,42.360664,0.914
-71.182950,42.360852,0.914
-71.183329,42.361267,0.914
-71.183633,42.363545,0.914
-71.184564,42.364373,0.914
-71.184504,42.364329,0.914
-71.184492,42.364361,0.914
-71.183932,42.364031,0.914
-71.184342,42.364535,0.914
-71.184759,42.364737,0.914
-71.185099,42.364734,0.914
-71.185099,42.364542,0.914
-71.184715,42.364373,0.914
-71.184601,42.364219,0.914
-71.184219,42.363968,0.914
-71.183975,42.363536,0.914
-71.183867,42.363122,0.914
-71.183625,42.362473,0.914
-71.075976,42.359473,10.363
-71.075864,42.359654,10.363
-71.075694,42.359846,10.363
-71.075621,42.359834,10.363
-71.075609,42.359723,10.363
-71.075743,42.359681,10.363
-71.075903,42.359473,10.363
-71.075974,42.359373,10.363
-71.076011,42.359401,10.363
-71.086336,42.354666,10.363
-71.085977,42.354731,10.363
-71.085600,42.354900,10.363
-71.085455,42.355037,10.363
-71.085539,42.354927,10.363
-71.085540,42.354711,10.363
-71.085735,42.354471,10.363
-71.086147,42.354417,10.363
-71.086369,42.354495,10.363
-71.072614,42.366090,9.754
-71.072489,42.366203,9.754
-71.072332,42.366183,9.754
-71.072175,42.366063,9.754
-71.072291,42.366027,9.754
-71.072550,42.365991,9.754
-71.072614,42.366090,9.754
-71.076038,42.359581,9.754
-71.075795,42.359825,9.754
-71.075669,42.360068,9.754
-71.075537,42.360049,9.754
-71.075481,42.359681,9.754
-71.075755,42.359422,9.754
-71.075974,42.359262,9.754
-71.076121,42.359347,9.754
-71.083914,42.355712,9.754
-71.083790,42.355620,9.754
-71.083829,42.355565,9.754
-71.083963,42.355638,9.754
-71.083976,42.356287,9.754
-71.083885,42.356413,9.754
-71.083629,42.356467,9.754
-71.083343,42.356421,9.754
-71.082845,42.356386,9.754
-71.082782,42.356107,9.754
-71.082869,42.356004,9.754
-71.083100,42.356043,9.754
-71.083501,42.356064,9.754
-71.083695,42.355993,9.754
-71.083865,42.356003,9.754
-71.083986,42.355977,9.754
-71.084062,42.356233,9.754
-71.084788,42.355795,9.754
-71.084508,42.355806,9.754
-71.084181,42.355723,9.754
-71.084183,42.355656,9.754
-71.084569,42.355567,9.754
-71.084714,42.355530,9.754
-71.084827,42.355692,9.754
-71.087105,42.354441,9.754
-71.086730,42.354617,9.754
-71.086427,42.354702,9.754
-71.085880,42.354880,9.754
-71.085607,42.355053,9.754
-71.085370,42.355145,9.754
-71.085298,42.355026,9.754
-71.085164,42.354913,9.754
-71.085170,42.354792,9.754
-71.085504,42.354571,9.754
-71.085698,42.354347,9.754
-71.086099,42.354328,9.754
-71.086414,42.354395,9.754
-71.087106,42.354388,9.754
-71.072708,42.365901,9.449
-71.072611,42.366176,9.449
-71.072453,42.366238,9.449
-71.072140,42.366081,9.449
-71.072307,42.365929,9.449
-71.072684,42.365858,9.449
-71.072708,42.365901,9.449
-71.072939,42.365721,9.449
-71.072726,42.365811,9.449
-71.072866,42.365576,9.449
-71.073098,42.365505,9.449
-71.073169,42.365256,9.449
-71.073105,42.365208,9.449
-71.073133,42.365116,9.449
-71.073223,42.365154,9.449
-71.076157,42.359338,9.449
-71.076005,42.359663,9.449
-71.075817,42.359834,9.449
-71.075693,42.360113,9.449
-71.075561,42.360133,9.449
-71.075462,42.359978,9.449
-71.075488,42.359606,9.449
-71.075832,42.359302,9.449
-71.076010,42.359233,9.449
-71.076157,42.359338,9.449
-71.076265,42.358688,9.449
-71.076182,42.358591,9.449
-71.076241,42.358513,9.449
-71.076402,42.358672,9.449
-71.077321,42.357867,9.449
-71.077216,42.357862,9.449
-71.077236,42.357789,9.449
-71.077333,42.357782,9.449
-71.084851,42.355773,9.449
-71.084606,42.355859,9.449
-71.084132,42.355806,9.449
-71.084013,42.355863,9.449
-71.084084,42.356242,9.449
-71.083927,42.356395,9.449
-71.083697,42.356485,9.449
-71.083464,42.356434,9.449
-71.082869,42.356415,9.449
-71.082738,42.356251,9.449
-71.082780,42.356007,9.449
-71.082930,42.355973,9.449
-71.083355,42.355988,9.449
-71.083619,42.355908,9.449
-71.083725,42.355836,9.449
-71.083695,42.355658,9.449
-71.083719,42.355557,9.449
-71.083974,42.355537,9.449
-71.084278,42.355606,9.449
-71.084703,42.355476,9.449
-71.084848,42.355644,9.449
-71.087739,42.354225,9.449
-71.087459,42.354356,9.449
-71.087119,42.354484,9.449
-71.086742,42.354638,9.449
-71.086220,42.354805,9.449
-71.085901,42.354891,9.449
-71.085589,42.355093,9.449
-71.085310,42.355146,9.449
-71.085103,42.354882,9.449
-71.085383,42.354639,9.449
-71.085621,42.354405,9.449
-71.085832,42.354305,9.449
-71.086147,42.354304,9.449
-71.086414,42.354375,9.449
-71.086839,42.354296,9.449
-71.087130,42.354171,9.449
-71.087386,42.354094,9.449
-71.087732,42.354207,9.449
-71.089243,42.353830,9.449
-71.089218,42.353802,9.449
-71.089297,42.353793,9.449
-71.073627,42.364587,8.839
-71.073521,42.364767,8.839
-71.073341,42.365100,8.839
-71.073214,42.365334,8.839
-71.073195,42.365505,8.839
-71.072890,42.365811,8.839
-71.072783,42.366027,8.839
-71.072611,42.366246,8.839
-71.072404,42.366265,8.839
-71.072108,42.366108,8.839
-71.072111,42.366018,8.839
-71.072465,42.365735,8.839
-71.072567,42.365541,8.839
-71.072781,42.365411,8.839
-71.072840,42.365253,8.839
-71.072848,42.364947,8.839
-71.073145,42.364443,8.839
-71.073436,42.364243,8.839
-71.073618,42.364252,8.839
-71.073655,42.364407,8.839
-71.075183,42.363327,8.839
-71.075039,42.363410,8.839
-71.074901,42.363390,8.839
-71.074444,42.363213,8.839
-71.074420,42.363143,8.839
-71.074749,42.363038,8.839
-71.074954,42.362900,8.839
-71.075197,42.363068,8.839
-71.077151,42.357384,8.839
-71.076921,42.357343,8.839
-71.076772,42.357403,8.839
-71.076799,42.357520,8.839
-71.076969,42.357552,8.839
-71.077602,42.357709,8.839
-71.077333,42.357978,8.839
-71.077006,42.358208,8.839
-71.076739,42.358315,8.839
-71.076556,42.358282,8.839
-71.076386,42.358474,8.839
-71.076541,42.358699,8.839
-71.076415,42.358780,8.839
-71.076347,42.358852,8.839
-71.076414,42.358987,8.839
-71.076317,42.359140,8.839
-71.076225,42.359338,8.839
-71.076109,42.359599,8.839
-71.075913,42.359762,8.839
-71.075854,42.359942,8.839
-71.075756,42.360149,8.839
-71.075609,42.360200,8.839
-71.075488,42.360314,8.839
-71.075351,42.360302,8.839
-71.075397,42.360041,8.839
-71.075420,42.359690,8.839
-71.075597,42.359440,8.839
-71.076053,42.359131,8.839
-71.076120,42.359023,8.839
-71.075997,42.358798,8.839
-71.076017,42.358537,8.839
-71.076078,42.358393,8.839
-71.076103,42.358204,8.839
-71.076186,42.357889,8.839
-71.076386,42.357740,8.839
-71.076690,42.357724,8.839
-71.076775,42.357646,8.839
-71.076690,42.357563,8.839
-71.076423,42.357435,8.839
-71.076350,42.357364,8.839
-71.076617,42.357317,8.839
-71.076765,42.357187,8.839
-71.076787,42.357036,8.839
-71.077091,42.356931,8.839
-71.077431,42.356891,8.839
-71.077525,42.357034,8.839
-71.077380,42.357322,8.839
-71.077527,42.357493,8.839
-71.077602,42.357709,8.839
-71.084848,42.355842,8.839
-71.084569,42.355899,8.839
-71.084096,42.355883,8.839
-71.084081,42.356062,8.839
-71.084088,42.356287,8.839
-71.083914,42.356443,8.839
-71.083464,42.356466,8.839
-71.082869,42.356445,8.839
-71.082663,42.356275,8.839
-71.082493,42.356301,8.839
-71.082382,42.356251,8.839
-71.082457,42.356107,8.839
-71.082578,42.355952,8.839
-71.082918,42.355925,8.839
-71.083173,42.355971,8.839
-71.083532,42.355881,8.839
-71.083582,42.355602,8.839
-71.083829,42.355473,8.839
-71.084266,42.355571,8.839
-71.084642,42.355445,8.839
-71.084885,42.355609,8.839
-71.088649,42.353811,8.839
-71.088284,42.354089,8.839
-71.087665,42.354363,8.839
-71.087094,42.354528,8.839
-71.086548,42.354697,8.839
-71.085905,42.354915,8.839
-71.085628,42.355098,8.839
-71.085358,42.355202,8.839
-71.085260,42.355143,8.839
-71.085082,42.354918,8.839
-71.085105,42.354783,8.839
-71.085569,42.354423,8.839
-71.085686,42.354212,8.839
-71.086062,42.354170,8.839
-71.086305,42.354326,8.839
-71.086669,42.354310,8.839
-71.086861,42.354162,8.839
-71.086997,42.353997,8.839
-71.087131,42.354083,8.839
-71.087483,42.354029,8.839
-71.087859,42.353891,8.839
-71.088223,42.353817,8.839
-71.088434,42.353811,8.839
-71.088563,42.353752,8.839
-71.088649,42.353811,8.839
-71.088745,42.353610,8.839
-71.088606,42.353550,8.839
-71.088721,42.353487,8.839
-71.088787,42.353559,8.839
-71.089340,42.353846,8.839
-71.089195,42.353918,8.839
-71.088927,42.353874,8.839
-71.088820,42.353784,8.839
-71.088927,42.353694,8.839
-71.089085,42.353511,8.839
-71.089336,42.353631,8.839
-71.089379,42.353802,8.839
-71.074044,42.363642,8.534
-71.073793,42.364047,8.534
-71.073699,42.364371,8.534
-71.073542,42.364776,8.534
-71.073363,42.365109,8.534
-71.073212,42.365406,8.534
-71.073042,42.365730,8.534
-71.072834,42.365910,8.534
-71.072744,42.366139,8.534
-71.072514,42.366300,8.534
-71.072222,42.366207,8.534
-71.072066,42.366045,8.534
-71.072342,42.365757,8.534
-71.072504,42.365622,8.534
-71.072694,42.365352,8.534
-71.072811,42.364938,8.534
-71.073402,42.364137,8.534
-71.073594,42.363846,8.534
-71.073729,42.363633,8.534
-71.073864,42.363300,8.534
-71.074068,42.363281,8.534
-71.074152,42.363435,8.534
-71.075220,42.363327,8.534
-71.075015,42.363445,8.534
-71.074663,42.363291,8.534
-71.074328,42.363182,8.534
-71.074349,42.363128,8.534
-71.074735,42.363016,8.534
-71.074954,42.362858,8.534
-71.075227,42.363074,8.534
-71.077026,42.357439,8.534
-71.076969,42.357383,8.534
-71.076836,42.357401,8.534
-71.076824,42.357477,8.534
-71.076921,42.357524,8.534
-71.077018,42.357470,8.534
-71.077603,42.357754,8.534
-71.077212,42.358075,8.534
-71.076860,42.358273,8.534
-71.076690,42.358352,8.534
-71.076523,42.358348,8.534
-71.076426,42.358537,8.534
-71.076579,42.358744,8.534
-71.076435,42.358804,8.534
-71.076392,42.358879,8.534
-71.076438,42.359032,8.534
-71.076370,42.359212,8.534
-71.076226,42.359374,8.534
-71.076131,42.359608,8.534
-71.075925,42.359770,8.534
-71.075876,42.359951,8.534
-71.075781,42.360158,8.534
-71.075622,42.360227,8.534
-71.075460,42.360401,8.534
-71.075353,42.360527,8.534
-71.075254,42.360365,8.534
-71.075240,42.360185,8.534
-71.075427,42.359825,8.534
-71.075452,42.359580,8.534
-71.075779,42.359287,8.534
-71.076074,42.359032,8.534
-71.076008,42.358852,8.534
-71.075941,42.358735,8.534
-71.076001,42.358618,8.534
-71.076031,42.358474,8.534
-71.076011,42.358339,8.534
-71.076117,42.358042,8.534
-71.076230,42.357763,8.534
-71.076532,42.357716,8.534
-71.076692,42.357646,8.534
-71.076478,42.357538,8.534
-71.076210,42.357376,8.534
-71.076289,42.357312,8.534
-71.076690,42.357201,8.534
-71.076705,42.357052,8.534
-71.077066,42.356879,8.534
-71.077418,42.356834,8.534
-71.077558,42.356998,8.534
-71.077517,42.357214,8.534
-71.077457,42.357403,8.534
-71.077634,42.357628,8.534
-71.084896,42.355818,8.534
-71.084593,42.355916,8.534
-71.084117,42.355899,8.534
-71.084094,42.356062,8.534
-71.084099,42.356296,8.534
-71.083924,42.356449,8.534
-71.083610,42.356521,8.534
-71.083112,42.356455,8.534
-71.082766,42.356413,8.534
-71.082481,42.356335,8.534
-71.082320,42.356242,8.534
-71.082411,42.356098,8.534
-71.082554,42.355912,8.534
-71.082857,42.355912,8.534
-71.083173,42.355955,8.534
-71.083513,42.355862,8.534
-71.083544,42.355593,8.534
-71.083829,42.355456,8.534
-71.084132,42.355533,8.534
-71.084521,42.355485,8.534
-71.084727,42.355423,8.534
-71.084919,42.355638,8.534
-71.089374,42.353838,8.534
-71.089219,42.353933,8.534
-71.088915,42.353911,8.534
-71.088709,42.353923,8.534
-71.088430,42.354098,8.534
-71.088044,42.354234,8.534
-71.087495,42.354403,8.534
-71.087082,42.354544,8.534
-71.086548,42.354708,8.534
-71.085917,42.354922,8.534
-71.085637,42.355107,8.534
-71.085455,42.355252,8.534
-71.085273,42.355188,8.534
-71.085193,42.355026,8.534
-71.085029,42.354882,8.534
-71.085407,42.354572,8.534
-71.085588,42.354306,8.534
-71.085816,42.354081,8.534
-71.086038,42.354105,8.534
-71.086216,42.354207,8.534
-71.086366,42.354320,8.534
-71.086682,42.354293,8.534
-71.086808,42.354189,8.534
-71.086896,42.353901,8.534
-71.086936,42.353748,8.534
-71.087070,42.354027,8.534
-71.087216,42.354062,8.534
-71.087543,42.353993,8.534
-71.088260,42.353737,8.534
-71.088466,42.353602,8.534
-71.088697,42.353458,8.534
-71.088903,42.353541,8.534
-71.089073,42.353472,8.534
-71.089328,42.353590,8.534
-71.089401,42.353802,8.534
-71.064404,42.369108,7.925
-71.064263,42.369043,7.925
-71.064404,42.369025,7.925
-71.064445,42.369079,7.925
-71.064860,42.368989,7.925
-71.065892,42.368935,7.925
-71.066033,42.368863,7.925
-71.065958,42.368833,7.925
-71.065828,42.368926,7.925
-71.065025,42.368980,7.925
-71.065398,42.368971,7.925
-71.068316,42.368053,7.925
-71.068204,42.368144,7.925
-71.067840,42.368168,7.925
-71.067756,42.368089,7.925
-71.067937,42.367988,7.925
-71.068204,42.368005,7.925
-71.068326,42.368017,7.925
-71.068594,42.367882,7.925
-71.068433,42.367882,7.925
-71.068492,42.367729,7.925
-71.068697,42.367639,7.925
-71.071542,42.368888,7.925
-71.071533,42.368854,7.925
-71.071584,42.368881,7.925
-71.075208,42.363408,7.925
-71.074942,42.363481,7.925
-71.074614,42.363313,7.925
-71.074239,42.363264,7.925
-71.074235,42.363399,7.925
-71.074157,42.363615,7.925
-71.073978,42.363813,7.925
-71.073768,42.364218,7.925
-71.073707,42.364461,7.925
-71.073558,42.364820,7.925
-71.073406,42.365109,7.925
-71.073264,42.365379,7.925
-71.073084,42.365751,7.925
-71.072886,42.365910,7.925
-71.072770,42.366171,7.925
-71.072562,42.366336,7.925
-71.072222,42.366245,7.925
-71.072030,42.366027,7.925
-71.072404,42.365643,7.925
-71.072589,42.365379,7.925
-71.072740,42.365010,7.925
-71.072921,42.364695,7.925
-71.073143,42.364344,7.925
-71.073501,42.363822,7.925
-71.073804,42.363453,7.925
-71.073757,42.363291,7.925
-71.073593,42.363173,7.925
-71.073679,42.363028,7.925
-71.074019,42.363078,7.925
-71.074505,42.363069,7.925
-71.074723,42.362975,7.925
-71.074954,42.362803,7.925
-71.075209,42.362945,7.925
-71.077674,42.357718,7.925
-71.077407,42.358006,7.925
-71.077066,42.358250,7.925
-71.076872,42.358306,7.925
-71.076714,42.358405,7.925
-71.076496,42.358446,7.925
-71.076511,42.358591,7.925
-71.076617,42.358790,7.925
-71.076508,42.358874,7.925
-71.076453,42.359221,7.925
-71.076241,42.359432,7.925
-71.076153,42.359663,7.925
-71.075923,42.359816,7.925
-71.075913,42.359982,7.925
-71.075812,42.360104,7.925
-71.075779,42.360232,7.925
-71.075511,42.360410,7.925
-71.075427,42.360567,7.925
-71.075124,42.360602,7.925
-71.075039,42.360545,7.925
-71.075056,42.360203,7.925
-71.075336,42.360023,7.925
-71.075377,42.359681,7.925
-71.075679,42.359347,7.925
-71.076012,42.359014,7.925
-71.075965,42.358861,7.925
-71.075880,42.358717,7.925
-71.075947,42.358609,7.925
-71.075978,42.358393,7.925
-71.075996,42.358177,7.925
-71.076022,42.357898,7.925
-71.076107,42.357781,7.925
-71.076459,42.357642,7.925
-71.076326,42.357525,7.925
-71.076138,42.357430,7.925
-71.076156,42.357322,7.925
-71.076581,42.357156,7.925
-71.076633,42.357025,7.925
-71.077200,42.356768,7.925
-71.077431,42.356784,7.925
-71.077613,42.356998,7.925
-71.077581,42.357232,7.925
-71.077515,42.357385,7.925
-71.077682,42.357646,7.925
-71.081546,42.355986,7.925
-71.081437,42.356046,7.925
-71.081170,42.355878,7.925
-71.081170,42.355767,7.925
-71.081437,42.355742,7.925
-71.081575,42.355872,7.925
-71.081935,42.356156,7.925
-71.081886,42.356134,7.925
-71.081956,42.356125,7.925
-71.084932,42.355827,7.925
-71.084593,42.355943,7.925
-71.084144,42.355928,7.925
-71.084122,42.356080,7.925
-71.084044,42.356359,7.925
-71.083683,42.356543,7.925
-71.083319,42.356505,7.925
-71.082857,42.356478,7.925
-71.082578,42.356352,7.925
-71.082275,42.356298,7.925
-71.082133,42.356197,7.925
-71.082394,42.355899,7.925
-71.082651,42.355904,7.925
-71.082882,42.355880,7.925
-71.083173,42.355924,7.925
-71.083476,42.355833,7.925
-71.083454,42.355638,7.925
-71.083545,42.355530,7.925
-71.083926,42.355418,7.925
-71.084266,42.355535,7.925
-71.084703,42.355392,7.925
-71.084845,42.355485,7.925
-71.084958,42.355674,7.925
-71.086742,42.354142,7.925
-71.086597,42.354124,7.925
-71.086377,42.354243,7.925
-71.086524,42.354290,7.925
-71.086706,42.354254,7.925
-71.089440,42.353793,7.925
-71.089305,42.353928,7.925
-71.089037,42.353942,7.925
-71.088478,42.354123,7.925
-71.087823,42.354321,7.925
-71.087337,42.354508,7.925
-71.086851,42.354668,7.925
-71.086244,42.354851,7.925
-71.085763,42.354999,7.925
-71.085543,42.355287,7.925
-71.085431,42.355322,7.925
-71.085249,42.355214,7.925
-71.085146,42.355026,7.925
-71.084983,42.354891,7.925
-71.085416,42.354540,7.925
-71.085565,42.354289,7.925
-71.085807,42.354036,7.925
-71.086023,42.353892,7.925
-71.086196,42.353744,7.925
-71.086560,42.353771,7.925
-71.086719,42.353721,7.925
-71.086924,42.353665,7.925
-71.087048,42.353910,7.925
-71.087143,42.354030,7.925
-71.087495,42.353973,7.925
-71.088175,42.353680,7.925
-71.088527,42.353467,7.925
-71.088709,42.353424,7.925
-71.088940,42.353476,7.925
-71.089101,42.353433,7.925
-71.089365,42.353578,7.925
-71.089441,42.353748,7.925
-71.064490,42.369097,7.620
-71.064314,42.369133,7.620
-71.064089,42.369025,7.620
-71.064428,42.368980,7.620
-71.064879,42.369079,7.620
-71.064809,42.369016,7.620
-71.064780,42.368948,7.620
-71.066591,42.368764,7.620
-71.068751,42.367666,7.620
-71.068678,42.367873,7.620
-71.068412,42.367954,7.620
-71.068167,42.368320,7.620
-71.068076,42.368224,7.620
-71.067961,42.368209,7.620
-71.067573,42.368284,7.620
-71.067590,42.368188,7.620
-71.067706,42.368035,7.620
-71.067949,42.367946,7.620
-71.068180,42.367948,7.620
-71.068410,42.367783,7.620
-71.068702,42.367563,7.620
-71.068751,42.367666,7.620
-71.071494,42.368906,7.620
-71.071470,42.368815,7.620
-71.065713,42.368890,7.620
-71.065970,42.368802,7.620
-71.066286,42.368809,7.620
-71.066055,42.368909,7.620
-71.065268,42.369016,7.620
-71.065229,42.368953,7.620
-71.065460,42.368915,7.620
-71.065113,42.368971,7.620
-71.065116,42.368998,7.620
-71.065115,42.369025,7.620
-71.075256,42.363399,7.620
-71.074978,42.363507,7.620
-71.074711,42.363373,7.620
-71.074310,42.363268,7.620
-71.074260,42.363444,7.620
-71.074082,42.363705,7.620
-71.073965,42.363948,7.620
-71.073767,42.364290,7.620
-71.073704,42.364614,7.620
-71.073477,42.365010,7.620
-71.073288,42.365379,7.620
-71.073254,42.365622,7.620
-71.072935,42.365874,7.620
-71.072888,42.366054,7.620
-71.072635,42.366334,7.620
-71.072344,42.366318,7.620
-71.071993,42.366072,7.620
-71.072257,42.365730,7.620
-71.072558,42.365379,7.620
-71.072653,42.365172,7.620
-71.072861,42.364767,7.620
-71.073025,42.364434,7.620
-71.073335,42.364083,7.620
-71.073746,42.363498,7.620
-71.073746,42.363309,7.620
-71.073549,42.363164,7.620
-71.073643,42.362986,7.620
-71.073886,42.362981,7.620
-71.074286,42.363080,7.620
-71.074650,42.363009,7.620
-71.074905,42.362787,7.620
-71.075198,42.362903,7.620
-71.075304,42.363273,7.620
-71.077673,42.357762,7.620
-71.077504,42.357898,7.620
-71.077169,42.358168,7.620
-71.076921,42.358304,7.620
-71.076765,42.358420,7.620
-71.076556,42.358427,7.620
-71.076503,42.358546,7.620
-71.076650,42.358753,7.620
-71.076563,42.358933,7.620
-71.076515,42.359230,7.620
-71.076289,42.359412,7.620
-71.076171,42.359681,7.620
-71.075939,42.359825,7.620
-71.075964,42.359969,7.620
-71.075837,42.360059,7.620
-71.075831,42.360221,7.620
-71.075622,42.360316,7.620
-71.075440,42.360579,7.620
-71.075100,42.360639,7.620
-71.075020,42.360617,7.620
-71.074969,42.360392,7.620
-71.075050,42.360167,7.620
-71.075348,42.359960,7.620
-71.075362,42.359681,7.620
-71.075537,42.359406,7.620
-71.075862,42.359176,7.620
-71.075975,42.358906,7.620
-71.075841,42.358735,7.620
-71.075924,42.358636,7.620
-71.075941,42.358456,7.620
-71.075934,42.358276,7.620
-71.076023,42.358033,7.620
-71.076004,42.357826,7.620
-71.076353,42.357610,7.620
-71.076168,42.357505,7.620
-71.076098,42.357385,7.620
-71.076180,42.357267,7.620
-71.076447,42.357119,7.620
-71.076556,42.357079,7.620
-71.076726,42.356969,7.620
-71.077163,42.356748,7.620
-71.077438,42.356764,7.620
-71.077640,42.356998,7.620
-71.077612,42.357241,7.620
-71.077544,42.357385,7.620
-71.077702,42.357637,7.620
-71.081641,42.356026,7.620
-71.081437,42.356094,7.620
-71.081182,42.355922,7.620
-71.080839,42.355881,7.620
-71.081061,42.355720,7.620
-71.081340,42.355702,7.620
-71.081629,42.355755,7.620
-71.081669,42.355971,7.620
-71.084945,42.355842,7.620
-71.084593,42.355955,7.620
-71.084229,42.355918,7.620
-71.084129,42.355971,7.620
-71.084181,42.356224,7.620
-71.084059,42.356363,7.620
-71.083671,42.356555,7.620
-71.083306,42.356514,7.620
-71.082784,42.356463,7.620
-71.082566,42.356372,7.620
-71.082262,42.356319,7.620
-71.081910,42.356221,7.620
-71.081727,42.356116,7.620
-71.081825,42.356031,7.620
-71.081945,42.355872,7.620
-71.082141,42.355890,7.620
-71.082396,42.355852,7.620
-71.082663,42.355889,7.620
-71.082979,42.355860,7.620
-71.083443,42.355836,7.620
-71.083416,42.355629,7.620
-71.083519,42.355521,7.620
-71.083938,42.355404,7.620
-71.084290,42.355521,7.620
-71.084715,42.355375,7.620
-71.084867,42.355485,7.620
-71.084971,42.355710,7.620
-71.086706,42.354152,7.620
-71.086597,42.354159,7.620
-71.086496,42.354252,7.620
-71.086706,42.354234,7.620
-71.089433,42.353838,7.620
-71.089255,42.353967,7.620
-71.088782,42.353969,7.620
-71.088029,42.354285,7.620
-71.087507,42.354433,7.620
-71.087034,42.354591,7.620
-71.086548,42.354736,7.620
-71.085820,42.354982,7.620
-71.085603,42.355206,7.620
-71.085480,42.355346,7.620
-71.085238,42.355233,7.620
-71.085123,42.355026,7.620
-71.084956,42.354900,7.620
-71.085021,42.354783,7.620
-71.085516,42.354414,7.620
-71.085790,42.354027,7.620
-71.086135,42.353741,7.620
-71.086609,42.353711,7.620
-71.086924,42.353647,7.620
-71.087066,42.353910,7.620
-71.087179,42.354024,7.620
-71.087495,42.353960,7.620
-71.088146,42.353667,7.620
-71.088515,42.353452,7.620
-71.088709,42.353411,7.620
-71.088940,42.353455,7.620
-71.089097,42.353416,7.620
-71.089382,42.353577,7.620
-71.089457,42.353757,7.620
-71.064805,42.369068,7.010
-71.064615,42.369061,7.010
-71.064319,42.369167,7.010
-71.064088,42.369109,7.010
-71.063675,42.369156,7.010
-71.063384,42.369090,7.010
-71.063211,42.369016,7.010
-71.063153,42.368881,7.010
-71.063257,42.368827,7.010
-71.063341,42.368737,7.010
-71.063518,42.368718,7.010
-71.063527,42.368665,7.010
-71.063464,42.368584,7.010
-71.063542,42.368537,7.010
-71.063797,42.368691,7.010
-71.064076,42.368906,7.010
-71.064707,42.368927,7.010
-71.062621,42.368908,7.010
-71.062628,42.368989,7.010
-71.062267,42.368507,7.010
-71.062345,42.368431,7.010
-71.062498,42.368320,7.010
-71.062559,42.368416,7.010
-71.062704,42.368416,7.010
-71.062814,42.368544,7.010
-71.062935,42.368503,7.010
-71.062801,42.368391,7.010
-71.062796,42.368323,7.010
-71.063129,42.368319,7.010
-71.063275,42.368413,7.010
-71.063291,42.368521,7.010
-71.063226,42.368702,7.010
-71.063166,42.368670,7.010
-71.063081,42.368554,7.010
-71.062973,42.368602,7.010
-71.062886,42.368635,7.010
-71.062692,42.368682,7.010
-71.065254,42.368876,7.010
-71.065642,42.368857,7.010
-71.066419,42.368636,7.010
-71.066662,42.368637,7.010
-71.067004,42.368485,7.010
-71.067207,42.368242,7.010
-71.067665,42.367963,7.010
-71.068095,42.367850,7.010
-71.068301,42.367841,7.010
-71.068522,42.367639,7.010
-71.068792,42.367360,7.010
-71.068993,42.367369,7.010
-71.071579,42.368945,7.010
-71.071402,42.368881,7.010
-71.071385,42.368769,7.010
-71.071627,42.368753,7.010
-71.071130,42.369041,7.010
-71.070838,42.368980,7.010
-71.070869,42.368980,7.010
-71.070889,42.368989,7.010
-71.068884,42.367499,7.010
-71.068847,42.367801,7.010
-71.068696,42.367927,7.010
-71.068492,42.367990,7.010
-71.068180,42.368486,7.010
-71.067597,42.368735,7.010
-71.066796,42.368853,7.010
-71.066419,42.368908,7.010
-71.066006,42.368958,7.010
-71.072247,42.367161,7.010
-71.072065,42.367277,7.010
-71.071878,42.367243,7.010
-71.071564,42.367018,7.010
-71.071640,42.366852,7.010
-71.071471,42.366720,7.010
-71.071422,42.366576,7.010
-71.071332,42.366477,7.010
-71.071445,42.366394,7.010
-71.071586,42.366414,7.010
-71.071645,42.366585,7.010
-71.071737,42.366634,7.010
-71.072040,42.366639,7.010
-71.072222,42.366797,7.010
-71.072433,42.366856,7.010
-71.072445,42.367054,7.010
-71.072449,42.367621,7.010
-71.072635,42.367588,7.010
-71.072719,42.367675,7.010
-71.072611,42.367736,7.010
-71.072866,42.366914,7.010
-71.072574,42.367072,7.010
-71.072574,42.366876,7.010
-71.072771,42.366729,7.010
-71.072743,42.366531,7.010
-71.072914,42.366514,7.010
-71.072939,42.366693,7.010
-71.075290,42.363426,7.010
-71.074954,42.363552,7.010
-71.074723,42.363414,7.010
-71.074359,42.363312,7.010
-71.074304,42.363444,7.010
-71.074116,42.363723,7.010
-71.073899,42.364110,7.010
-71.073798,42.364407,7.010
-71.073619,42.364830,7.010
-71.073472,42.365109,7.010
-71.073336,42.365415,7.010
-71.073337,42.365649,7.010
-71.073170,42.365820,7.010
-71.072996,42.365928,7.010
-71.072875,42.366216,7.010
-71.072647,42.366420,7.010
-71.072429,42.366512,7.010
-71.072077,42.366475,7.010
-71.072065,42.366356,7.010
-71.072041,42.366216,7.010
-71.071861,42.366054,7.010
-71.071980,42.365918,7.010
-71.072319,42.365553,7.010
-71.072545,42.365235,7.010
-71.072818,42.364776,7.010
-71.072993,42.364425,7.010
-71.073296,42.364074,7.010
-71.073692,42.363507,7.010
-71.073740,42.363363,7.010
-71.073530,42.363209,7.010
-71.073498,42.363119,7.010
-71.073679,42.362882,7.010
-71.074043,42.363017,7.010
-71.074408,42.363043,7.010
-71.074697,42.362930,7.010
-71.074905,42.362754,7.010
-71.075260,42.362930,7.010
-71.075349,42.363282,7.010
-71.077734,42.357975,7.010
-71.077613,42.357907,7.010
-71.077501,42.358006,7.010
-71.077228,42.358150,7.010
-71.077094,42.358312,7.010
-71.076920,42.358339,7.010
-71.076787,42.358463,7.010
-71.076569,42.358492,7.010
-71.076605,42.358618,7.010
-71.076705,42.358771,7.010
-71.076739,42.358985,7.010
-71.076894,42.358951,7.010
-71.076806,42.358735,7.010
-71.076848,42.358627,7.010
-71.076903,42.358708,7.010
-71.077139,42.359032,7.010
-71.076909,42.359205,7.010
-71.076702,42.359376,7.010
-71.076435,42.359365,7.010
-71.076382,42.359527,7.010
-71.076241,42.359709,7.010
-71.076034,42.359805,7.010
-71.075994,42.359888,7.010
-71.076080,42.360041,7.010
-71.075913,42.360046,7.010
-71.075870,42.360104,7.010
-71.075848,42.360257,7.010
-71.075550,42.360437,7.010
-71.075415,42.360622,7.010
-71.075027,42.360701,7.010
-71.074936,42.360626,7.010
-71.074936,42.360302,7.010
-71.075001,42.360140,7.010
-71.075324,42.359951,7.010
-71.075348,42.359618,7.010
-71.075509,42.359383,7.010
-71.075823,42.359167,7.010
-71.075950,42.358942,7.010
-71.075815,42.358780,7.010
-71.075852,42.358647,7.010
-71.075904,42.358411,7.010
-71.075951,42.358096,7.010
-71.075909,42.357898,7.010
-71.075949,42.357787,7.010
-71.076196,42.357628,7.010
-71.076095,42.357553,7.010
-71.076040,42.357394,7.010
-71.076144,42.357212,7.010
-71.076256,42.357052,7.010
-71.076484,42.356879,7.010
-71.076629,42.356936,7.010
-71.076818,42.356890,7.010
-71.077163,42.356674,7.010
-71.077431,42.356712,7.010
-71.077633,42.356881,7.010
-71.077730,42.357142,7.010
-71.077629,42.357340,7.010
-71.077735,42.357574,7.010
-71.077687,42.357826,7.010
-71.077746,42.357949,7.010
-71.084988,42.355854,7.010
-71.084593,42.355979,7.010
-71.084363,42.355936,7.010
-71.084157,42.355980,7.010
-71.084211,42.356242,7.010
-71.084168,42.356335,7.010
-71.083972,42.356485,7.010
-71.083586,42.356569,7.010
-71.083088,42.356513,7.010
-71.082651,42.356413,7.010
-71.082457,42.356425,7.010
-71.082129,42.356360,7.010
-71.081862,42.356269,7.010
-71.081546,42.356143,7.010
-71.081206,42.355981,7.010
-71.080830,42.355957,7.010
-71.080535,42.355908,7.010
-71.080611,42.355788,7.010
-71.081036,42.355639,7.010
-71.081340,42.355667,7.010
-71.081651,42.355701,7.010
-71.081862,42.355795,7.010
-71.082092,42.355764,7.010
-71.082408,42.355802,7.010
-71.082906,42.355830,7.010
-71.083137,42.355863,7.010
-71.083391,42.355817,7.010
-71.083410,42.355728,7.010
-71.083325,42.355593,7.010
-71.083561,42.355455,7.010
-71.083950,42.355363,7.010
-71.084168,42.355493,7.010
-71.084630,42.355366,7.010
-71.084909,42.355312,7.010
-71.084854,42.355386,7.010
-71.085012,42.355548,7.010
-71.089486,42.353784,7.010
-71.089333,42.353955,7.010
-71.089037,42.353980,7.010
-71.088503,42.354160,7.010
-71.088017,42.354311,7.010
-71.087507,42.354452,7.010
-71.087034,42.354608,7.010
-71.086560,42.354749,7.010
-71.086050,42.354916,7.010
-71.085645,42.355188,7.010
-71.085492,42.355382,7.010
-71.085193,42.355296,7.010
-71.085095,42.355071,7.010
-71.084909,42.354945,7.010
-71.084880,42.354864,7.010
-71.085455,42.354473,7.010
-71.085601,42.354160,7.010
-71.086099,42.353712,7.010
-71.086633,42.353661,7.010
-71.086936,42.353622,7.010
-71.087064,42.353757,7.010
-71.087159,42.353991,7.010
-71.087483,42.353937,7.010
-71.088102,42.353647,7.010
-71.088478,42.353430,7.010
-71.088697,42.353385,7.010
-71.088891,42.353430,7.010
-71.089061,42.353381,7.010
-71.089348,42.353523,7.010
-71.089480,42.353739,7.010
-71.062984,42.368818,6.706
-71.062826,42.368747,6.706
-71.062862,42.368878,6.706
-71.062971,42.368907,6.706
-71.062255,42.368439,6.706
-71.062376,42.368295,6.706
-71.062607,42.368335,6.706
-71.062765,42.368269,6.706
-71.062886,42.368280,6.706
-71.063038,42.368251,6.706
-71.063226,42.368270,6.706
-71.063445,42.368393,6.706
-71.064671,42.368906,6.706
-71.064210,42.368907,6.706
-71.063983,42.368782,6.706
-71.063771,42.368557,6.706
-71.062644,42.369025,6.706
-71.062814,42.368927,6.706
-71.063056,42.369021,6.706
-71.063530,42.369177,6.706
-71.063845,42.369141,6.706
-71.064149,42.369131,6.706
-71.064532,42.369151,6.706
-71.064707,42.369062,6.706
-71.065254,42.368859,6.706
-71.065727,42.368805,6.706
-71.066444,42.368585,6.706
-71.066638,42.368565,6.706
-71.067075,42.368232,6.706
-71.067694,42.367913,6.706
-71.068155,42.367810,6.706
-71.068401,42.367702,6.706
-71.068756,42.367405,6.706
-71.066274,42.368938,6.706
-71.066579,42.368944,6.706
-71.067427,42.368821,6.706
-71.068167,42.368559,6.706
-71.068376,42.368260,6.706
-71.068544,42.367994,6.706
-71.068869,42.367882,6.706
-71.068874,42.367693,6.706
-71.068920,42.367513,6.706
-71.071314,42.369115,6.706
-71.071142,42.368999,6.706
-71.070826,42.368938,6.706
-71.071555,42.368749,6.706
-71.071360,42.368753,6.706
-71.071346,42.368809,6.706
-71.071494,42.368958,6.706
-71.070195,42.365981,6.706
-71.070301,42.366054,6.706
-71.070049,42.366040,6.706
-71.072409,42.367585,6.706
-71.072595,42.367423,6.706
-71.072622,42.367459,6.706
-71.072776,42.367603,6.706
-71.072792,42.367702,6.706
-71.072672,42.367774,6.706
-71.075318,42.363429,6.706
-71.075015,42.363570,6.706
-71.074869,42.363556,6.706
-71.074444,42.363333,6.706
-71.074263,42.363633,6.706
-71.074092,42.363783,6.706
-71.073840,42.364281,6.706
-71.073771,42.364605,6.706
-71.073582,42.364920,6.706
-71.073399,42.365388,6.706
-71.073436,42.365766,6.706
-71.073559,42.365928,6.706
-71.073424,42.366344,6.706
-71.072951,42.366964,6.706
-71.072744,42.367204,6.706
-71.072611,42.367243,6.706
-71.072404,42.367239,6.706
-71.072004,42.367313,6.706
-71.071591,42.367108,6.706
-71.071498,42.366883,6.706
-71.071349,42.366738,6.706
-71.071240,42.366504,6.706
-71.071433,42.366253,6.706
-71.071677,42.366081,6.706
-71.072004,42.365771,6.706
-71.072307,42.365480,6.706
-71.072476,42.365352,6.706
-71.072662,42.364938,6.706
-71.072939,42.364470,6.706
-71.073157,42.364210,6.706
-71.073563,42.363615,6.706
-71.073727,42.363381,6.706
-71.073504,42.363209,6.706
-71.073606,42.362884,6.706
-71.073740,42.362870,6.706
-71.074153,42.363033,6.706
-71.074545,42.363002,6.706
-71.074785,42.362795,6.706
-71.074978,42.362744,6.706
-71.075245,42.362884,6.706
-71.075341,42.363173,6.706
-71.076799,42.358904,6.706
-71.076763,42.358815,6.706
-71.076751,42.358890,6.706
-71.078149,42.357268,6.706
-71.077965,42.357384,6.706
-71.077819,42.357320,6.706
-71.077726,42.357403,6.706
-71.077780,42.357682,6.706
-71.077724,42.357844,6.706
-71.077893,42.358060,6.706
-71.077843,42.358079,6.706
-71.077491,42.358045,6.706
-71.077193,42.358204,6.706
-71.077078,42.358347,6.706
-71.076896,42.358384,6.706
-71.076641,42.358501,6.706
-71.076613,42.358591,6.706
-71.076734,42.358618,6.706
-71.076896,42.358537,6.706
-71.076957,42.358645,6.706
-71.077042,42.358724,6.706
-71.077248,42.358660,6.706
-71.077275,42.358699,6.706
-71.077124,42.358861,6.706
-71.077178,42.359068,6.706
-71.076945,42.359224,6.706
-71.076714,42.359419,6.706
-71.076459,42.359395,6.706
-71.076417,42.359455,6.706
-71.076456,42.359608,6.706
-71.076326,42.359680,6.706
-71.076168,42.359827,6.706
-71.076047,42.359883,6.706
-71.076142,42.360023,6.706
-71.076047,42.360120,6.706
-71.075937,42.360068,6.706
-71.075901,42.360113,6.706
-71.075881,42.360266,6.706
-71.075566,42.360437,6.706
-71.075415,42.360637,6.706
-71.075075,42.360723,6.706
-71.074918,42.360680,6.706
-71.074856,42.360410,6.706
-71.074905,42.360167,6.706
-71.075209,42.360054,6.706
-71.075314,42.359942,6.706
-71.075331,42.359618,6.706
-71.075490,42.359374,6.706
-71.075803,42.359158,6.706
-71.075929,42.358969,6.706
-71.075782,42.358771,6.706
-71.075816,42.358636,6.706
-71.075877,42.358411,6.706
-71.075924,42.358087,6.706
-71.075866,42.357898,6.706
-71.075924,42.357763,6.706
-71.076130,42.357628,6.706
-71.075995,42.357538,6.706
-71.076154,42.357124,6.706
-71.076338,42.356858,6.706
-71.076569,42.356830,6.706
-71.076678,42.356913,6.706
-71.076896,42.356766,6.706
-71.077285,42.356644,6.706
-71.077644,42.356836,6.706
-71.078142,42.357241,6.706
-71.089499,42.353793,6.706
-71.089341,42.353964,6.706
-71.089025,42.353992,6.706
-71.088722,42.354045,6.706
-71.088017,42.354322,6.706
-71.087507,42.354461,6.706
-71.087034,42.354616,6.706
-71.086485,42.354783,6.706
-71.085832,42.355009,6.706
-71.085640,42.355215,6.706
-71.085516,42.355396,6.706
-71.085346,42.355403,6.706
-71.084994,42.355354,6.706
-71.084900,42.355404,6.706
-71.085030,42.355522,6.706
-71.085025,42.355836,6.706
-71.084897,42.355936,6.706
-71.084521,42.355990,6.706
-71.084253,42.355947,6.706
-71.084160,42.356035,6.706
-71.084225,42.356296,6.706
-71.084096,42.356387,6.706
-71.083695,42.356579,6.706
-71.083452,42.356545,6.706
-71.082869,42.356524,6.706
-71.082602,42.356417,6.706
-71.082238,42.356391,6.706
-71.081777,42.356267,6.706
-71.081425,42.356176,6.706
-71.081133,42.355964,6.706
-71.080648,42.355949,6.706
-71.080502,42.355908,6.706
-71.080623,42.355724,6.706
-71.080806,42.355646,6.706
-71.081352,42.355654,6.706
-71.081643,42.355679,6.706
-71.081874,42.355766,6.706
-71.082226,42.355788,6.706
-71.082699,42.355846,6.706
-71.082991,42.355798,6.706
-71.083355,42.355795,6.706
-71.083377,42.355746,6.706
-71.083222,42.355725,6.706
-71.083165,42.355620,6.706
-71.083246,42.355513,6.706
-71.083768,42.355359,6.706
-71.083938,42.355317,6.706
-71.084068,42.355440,6.706
-71.084278,42.355494,6.706
-71.084681,42.355314,6.706
-71.084941,42.355188,6.706
-71.085026,42.355080,6.706
-71.084873,42.354979,6.706
-71.084822,42.354855,6.706
-71.085443,42.354471,6.706
-71.085590,42.354153,6.706
-71.086087,42.353697,6.706
-71.086657,42.353643,6.706
-71.087009,42.353642,6.706
-71.087110,42.353901,6.706
-71.087216,42.353990,6.706
-71.087616,42.353872,6.706
-71.088235,42.353547,6.706
-71.088527,42.353386,6.706
-71.088745,42.353381,6.706
-71.088927,42.353406,6.706
-71.089110,42.353375,6.706
-71.089365,42.353521,6.706
-71.089496,42.353748,6.706
-71.090627,42.356583,6.706
-71.090627,42.356546,6.706
-71.062134,42.368342,6.096
-71.062389,42.368250,6.096
-71.062644,42.368278,6.096
-71.062777,42.368161,6.096
-71.062983,42.368152,6.096
-71.062826,42.369053,6.096
-71.063455,42.369196,6.096
-71.063724,42.369252,6.096
-71.064052,42.369168,6.096
-71.064489,42.369199,6.096
-71.064057,42.368719,6.096
-71.064198,42.368844,6.096
-71.064622,42.368855,6.096
-71.064695,42.369100,6.096
-71.064586,42.369178,6.096
-71.065545,42.368827,6.096
-71.066028,42.368701,6.096
-71.066796,42.368260,6.096
-71.067427,42.368011,6.096
-71.068131,42.367763,6.096
-71.068475,42.367621,6.096
-71.068702,42.367405,6.096
-71.068034,42.368679,6.096
-71.067694,42.368813,6.096
-71.067330,42.368932,6.096
-71.066820,42.369056,6.096
-71.066468,42.369037,6.096
-71.066225,42.368975,6.096
-71.070057,42.368575,6.096
-71.070031,42.368476,6.096
-71.069758,42.368229,6.096
-71.069308,42.368179,6.096
-71.069075,42.368044,6.096
-71.068750,42.367997,6.096
-71.068507,42.368146,6.096
-71.068299,42.368458,6.096
-71.070377,42.368762,6.096
-71.070328,42.368731,6.096
-71.070413,42.368771,6.096
-71.069018,42.367459,6.096
-71.068968,42.367648,6.096
-71.069248,42.367810,6.096
-71.070165,42.368323,6.096
-71.070624,42.368746,6.096
-71.070559,42.368809,6.096
-71.070668,42.368898,6.096
-71.070935,42.368900,6.096
-71.071324,42.368991,6.096
-71.071296,42.368791,6.096
-71.071409,42.368710,6.096
-71.071542,42.368982,6.096
-71.071402,42.369034,6.096
-71.070171,42.365901,6.096
-71.070380,42.365802,6.096
-71.070608,42.365573,6.096
-71.070875,42.365516,6.096
-71.071048,42.365676,6.096
-71.070764,42.365901,6.096
-71.070508,42.366090,6.096
-71.070287,42.366153,6.096
-71.072285,42.367513,6.096
-71.072259,42.367414,6.096
-71.071837,42.367306,6.096
-71.071224,42.366910,6.096
-71.071146,42.366684,6.096
-71.071116,42.366270,6.096
-71.070975,42.366144,6.096
-71.071105,42.366012,6.096
-71.071300,42.365966,6.096
-71.071740,42.365541,6.096
-71.071967,42.365379,6.096
-71.072380,42.365215,6.096
-71.072721,42.364812,6.096
-71.072919,42.364443,6.096
-71.073230,42.364072,6.096
-71.073646,42.363489,6.096
-71.073667,42.363331,6.096
-71.073449,42.363199,6.096
-71.073582,42.362829,6.096
-71.073922,42.362904,6.096
-71.074189,42.363011,6.096
-71.074578,42.362955,6.096
-71.074833,42.362720,6.096
-71.075002,42.362721,6.096
-71.075284,42.362876,6.096
-71.075374,42.363146,6.096
-71.075418,42.363372,6.096
-71.075172,42.363573,6.096
-71.074881,42.363631,6.096
-71.074626,42.363418,6.096
-71.074395,42.363404,6.096
-71.074274,42.363692,6.096
-71.074086,42.363948,6.096
-71.073901,42.364299,6.096
-71.073840,42.364677,6.096
-71.073864,42.365001,6.096
-71.073786,42.365487,6.096
-71.073857,42.365685,6.096
-71.073849,42.365910,6.096
-71.073485,42.366468,6.096
-71.073197,42.366919,6.096
-71.072992,42.367288,6.096
-71.072908,42.367648,6.096
-71.072807,42.367819,6.096
-71.075469,42.361148,6.096
-71.075412,42.361130,6.096
-71.075476,42.361130,6.096
-71.077588,42.359097,6.096
-71.077509,42.359041,6.096
-71.077516,42.358938,6.096
-71.077626,42.358960,6.096
-71.078341,42.357020,6.096
-71.078098,42.356847,6.096
-71.077987,42.356863,6.096
-71.078062,42.357086,6.096
-71.078225,42.357106,6.096
-71.079035,42.356431,6.096
-71.078875,42.356764,6.096
-71.078668,42.356881,6.096
-71.078677,42.356989,6.096
-71.078843,42.357052,6.096
-71.078796,42.357142,6.096
-71.078479,42.357412,6.096
-71.078147,42.357487,6.096
-71.078068,42.357547,6.096
-71.078188,42.357682,6.096
-71.078135,42.357739,6.096
-71.077835,42.357826,6.096
-71.077928,42.357966,6.096
-71.078058,42.358312,6.096
-71.077868,42.358408,6.096
-71.077760,42.358177,6.096
-71.077625,42.358079,6.096
-71.077286,42.358150,6.096
-71.077213,42.358330,6.096
-71.077416,42.358609,6.096
-71.077236,42.358833,6.096
-71.077283,42.359068,6.096
-71.077036,42.359239,6.096
-71.076900,42.359473,6.096
-71.076949,42.359627,6.096
-71.076775,42.359729,6.096
-71.076605,42.359688,6.096
-71.076355,42.359807,6.096
-71.075986,42.360283,6.096
-71.075816,42.360329,6.096
-71.075584,42.360464,6.096
-71.075488,42.360652,6.096
-71.075148,42.360757,6.096
-71.074784,42.360717,6.096
-71.074757,42.360482,6.096
-71.074833,42.360194,6.096
-71.074905,42.360106,6.096
-71.075257,42.359988,6.096
-71.075301,42.359816,6.096
-71.075321,42.359527,6.096
-71.075476,42.359331,6.096
-71.075617,42.359257,6.096
-71.075794,42.359032,6.096
-71.075882,42.358933,6.096
-71.075692,42.358735,6.096
-71.075737,42.358573,6.096
-71.075818,42.358168,6.096
-71.075776,42.357907,6.096
-71.075822,42.357628,6.096
-71.075996,42.357277,6.096
-71.076162,42.356881,6.096
-71.076605,42.356613,6.096
-71.076994,42.356485,6.096
-71.077344,42.356575,6.096
-71.077673,42.356670,6.096
-71.078001,42.356557,6.096
-71.078236,42.356440,6.096
-71.078365,42.356381,6.096
-71.078335,42.356476,6.096
-71.078365,42.356571,6.096
-71.078407,42.356683,6.096
-71.078499,42.356742,6.096
-71.078596,42.356692,6.096
-71.078778,42.356476,6.096
-71.078790,42.356412,6.096
-71.078596,42.356430,6.096
-71.078596,42.356357,6.096
-71.078875,42.356288,6.096
-71.079030,42.356395,6.096
-71.079531,42.356698,6.096
-71.079519,42.356659,6.096
-71.079546,42.356692,6.096
-71.080089,42.356378,6.096
-71.079810,42.356441,6.096
-71.079755,42.356386,6.096
-71.079907,42.356278,6.096
-71.080101,42.356296,6.096
-71.084502,42.356593,6.096
-71.084436,42.356558,6.096
-71.084448,42.356643,6.096
-71.084614,42.355278,6.096
-71.084508,42.355135,6.096
-71.084120,42.355237,6.096
-71.084042,42.355368,6.096
-71.084217,42.355471,6.096
-71.084495,42.355413,6.096
-71.085383,42.357151,6.096
-71.085213,42.357197,6.096
-71.085090,42.357340,6.096
-71.085055,42.357479,6.096
-71.084827,42.357250,6.096
-71.084931,42.357061,6.096
-71.085188,42.356927,6.096
-71.085333,42.356998,6.096
-71.086125,42.355764,6.096
-71.086108,42.355980,6.096
-71.085977,42.355912,6.096
-71.085896,42.355701,6.096
-71.086050,42.355645,6.096
-71.086135,42.355719,6.096
-71.087709,42.356890,6.096
-71.087410,42.356961,6.096
-71.087179,42.356917,6.096
-71.086985,42.357007,6.096
-71.086669,42.357032,6.096
-71.086550,42.356998,6.096
-71.086329,42.356739,6.096
-71.086099,42.356662,6.096
-71.085965,42.356647,6.096
-71.086159,42.356598,6.096
-71.086356,42.356476,6.096
-71.086694,42.356382,6.096
-71.086921,42.356431,6.096
-71.087151,42.356629,6.096
-71.087519,42.356638,6.096
-71.087667,42.356701,6.096
-71.087899,42.356638,6.096
-71.087713,42.356632,6.096
-71.087729,42.356557,6.096
-71.087883,42.356602,6.096
-71.089501,42.353856,6.096
-71.089292,42.354017,6.096
-71.088867,42.354023,6.096
-71.088588,42.354169,6.096
-71.088029,42.354339,6.096
-71.087519,42.354475,6.096
-71.087167,42.354590,6.096
-71.086669,42.354746,6.096
-71.086281,42.354896,6.096
-71.085777,42.355071,6.096
-71.085635,42.355350,6.096
-71.085608,42.355539,6.096
-71.085595,42.355773,6.096
-71.085431,42.355808,6.096
-71.085249,42.355795,6.096
-71.084982,42.355956,6.096
-71.084705,42.355998,6.096
-71.084523,42.356152,6.096
-71.084703,42.356467,6.096
-71.084786,42.356467,6.096
-71.084923,42.356440,6.096
-71.084876,42.356566,6.096
-71.084521,42.356659,6.096
-71.084363,42.356691,6.096
-71.084204,42.356557,6.096
-71.084314,42.356409,6.096
-71.084479,42.356260,6.096
-71.084419,42.356098,6.096
-71.084363,42.355975,6.096
-71.084205,42.355989,6.096
-71.084284,42.356305,6.096
-71.084217,42.356411,6.096
-71.084063,42.356485,6.096
-71.083695,42.356603,6.096
-71.083452,42.356572,6.096
-71.082809,42.356536,6.096
-71.082445,42.356478,6.096
-71.082165,42.356532,6.096
-71.081999,42.356476,6.096
-71.081568,42.356233,6.096
-71.081315,42.356233,6.096
-71.081181,42.356026,6.096
-71.081012,42.355976,6.096
-71.080757,42.356008,6.096
-71.080477,42.355944,6.096
-71.080504,42.355818,6.096
-71.080675,42.355602,6.096
-71.081146,42.355584,6.096
-71.081498,42.355627,6.096
-71.081789,42.355720,6.096
-71.081995,42.355695,6.096
-71.082202,42.355741,6.096
-71.082578,42.355790,6.096
-71.082782,42.355782,6.096
-71.082833,42.355691,6.096
-71.083003,42.355674,6.096
-71.083100,42.355458,6.096
-71.083379,42.355346,6.096
-71.084111,42.355062,6.096
-71.084344,42.354918,6.096
-71.084885,42.354741,6.096
-71.085285,42.354537,6.096
-71.085464,42.354414,6.096
-71.085734,42.353991,6.096
-71.086099,42.353644,6.096
-71.086451,42.353611,6.096
-71.086924,42.353584,6.096
-71.087076,42.353667,6.096
-71.087155,42.353934,6.096
-71.087361,42.353912,6.096
-71.087782,42.353757,6.096
-71.088357,42.353453,6.096
-71.088575,42.353339,6.096
-71.088867,42.353384,6.096
-71.089073,42.353335,6.096
-71.089249,42.353433,6.096
-71.089472,42.353604,6.096
-71.089525,42.353811,6.096
-71.089664,42.356836,6.096
-71.089588,42.356737,6.096
-71.089765,42.356668,6.096
-71.090062,42.354693,6.096
-71.089928,42.354693,6.096
-71.089959,42.354664,6.096
-71.090728,42.356575,6.096
-71.090579,42.356638,6.096
-71.090532,42.356557,6.096
-71.090639,42.356495,6.096
-71.090735,42.356539,6.096
-71.096115,42.354280,6.096
-71.095799,42.354347,6.096
-71.095530,42.354288,6.096
-71.095872,42.354203,6.096
-71.096143,42.354252,6.096
-71.062134,42.368305,5.791
-71.062899,42.368134,5.791
-71.062182,42.368300,5.791
-71.062474,42.368234,5.791
-71.062690,42.368224,5.791
-71.062777,42.368140,5.791
-71.062559,42.369068,5.791
-71.063020,42.369109,5.791
-71.063576,42.369259,5.791
-71.063943,42.369232,5.791
-71.064319,42.369217,5.791
-71.064135,42.368683,5.791
-71.064222,42.368802,5.791
-71.064586,42.368834,5.791
-71.064659,42.369134,5.791
-71.065424,42.368821,5.791
-71.066023,42.368683,5.791
-71.066504,42.368429,5.791
-71.067087,42.368088,5.791
-71.067463,42.367966,5.791
-71.068046,42.367756,5.791
-71.068252,42.367736,5.791
-71.068641,42.367457,5.791
-71.068082,42.368721,5.791
-71.067645,42.368861,5.791
-71.066674,42.369088,5.791
-71.066274,42.368991,5.791
-71.069143,42.368152,5.791
-71.068969,42.368039,5.791
-71.068592,42.368053,5.791
-71.068452,42.368269,5.791
-71.068283,42.368566,5.791
-71.069968,42.368485,5.791
-71.069784,42.368323,5.791
-71.069661,42.368248,5.791
-71.069048,42.367459,5.791
-71.069011,42.367630,5.791
-71.069453,42.367873,5.791
-71.069952,42.368150,5.791
-71.070457,42.368476,5.791
-71.070679,42.368728,5.791
-71.070753,42.368858,5.791
-71.071227,42.368943,5.791
-71.071318,42.368908,5.791
-71.071303,42.368710,5.791
-71.071664,42.367238,5.791
-71.071530,42.367173,5.791
-71.071146,42.366901,5.791
-71.071097,42.366495,5.791
-71.070921,42.366225,5.791
-71.070778,42.366134,5.791
-71.070292,42.366161,5.791
-71.071603,42.368990,5.791
-71.071454,42.369034,5.791
-71.072162,42.367549,5.791
-71.072218,42.367459,5.791
-71.071919,42.367361,5.791
-71.072769,42.367861,5.791
-71.072907,42.367774,5.791
-71.072976,42.367414,5.791
-71.073170,42.367180,5.791
-71.070243,42.365821,5.791
-71.070535,42.365557,5.791
-71.070984,42.365353,5.791
-71.072004,42.365225,5.791
-71.072477,42.364983,5.791
-71.072688,42.364803,5.791
-71.072903,42.364434,5.791
-71.073218,42.364056,5.791
-71.073632,42.363480,5.791
-71.073651,42.363336,5.791
-71.073431,42.363200,5.791
-71.073469,42.363029,5.791
-71.073594,42.362791,5.791
-71.073935,42.362894,5.791
-71.074189,42.362997,5.791
-71.074565,42.362939,5.791
-71.074820,42.362706,5.791
-71.075015,42.362709,5.791
-71.075324,42.362894,5.791
-71.075466,42.363273,5.791
-71.075391,42.363460,5.791
-71.075039,42.363655,5.791
-71.074797,42.363642,5.791
-71.074650,42.363462,5.791
-71.074480,42.363405,5.791
-71.074371,42.363535,5.791
-71.074205,42.363795,5.791
-71.074020,42.364353,5.791
-71.074103,42.364533,5.791
-71.074227,42.364686,5.791
-71.074196,42.364947,5.791
-71.073933,42.365397,5.791
-71.073985,42.365640,5.791
-71.073851,42.366081,5.791
-71.073456,42.366675,5.791
-71.075586,42.361049,5.791
-71.075458,42.361220,5.791
-71.075371,42.361211,5.791
-71.075440,42.360964,5.791
-71.075549,42.360944,5.791
-71.077758,42.358432,5.791
-71.077719,42.358267,5.791
-71.077625,42.358124,5.791
-71.077309,42.358150,5.791
-71.077247,42.358321,5.791
-71.077413,42.358465,5.791
-71.077509,42.358672,5.791
-71.077237,42.358897,5.791
-71.077309,42.359019,5.791
-71.077431,42.359034,5.791
-71.077443,42.358894,5.791
-71.077673,42.358885,5.791
-71.077715,42.358798,5.791
-71.077618,42.358582,5.791
-71.078232,42.357018,5.791
-71.078159,42.356950,5.791
-71.078080,42.356998,5.791
-71.078135,42.357069,5.791
-71.078219,42.357043,5.791
-71.078295,42.357565,5.791
-71.078159,42.357530,5.791
-71.078126,42.357592,5.791
-71.078280,42.357621,5.791
-71.079082,42.357581,5.791
-71.078880,42.357547,5.791
-71.078972,42.357484,5.791
-71.079108,42.357565,5.791
-71.080138,42.356677,5.791
-71.080101,42.356617,5.791
-71.080200,42.356629,5.791
-71.080266,42.356314,5.791
-71.080065,42.356520,5.791
-71.079846,42.356485,5.791
-71.079635,42.356575,5.791
-71.079672,42.356719,5.791
-71.079494,42.356775,5.791
-71.079324,42.356675,5.791
-71.079056,42.356872,5.791
-71.078924,42.356912,5.791
-71.078778,42.356872,5.791
-71.078749,42.356953,5.791
-71.078968,42.357043,5.791
-71.078696,42.357268,5.791
-71.078595,42.357439,5.791
-71.078616,42.357547,5.791
-71.078321,42.357673,5.791
-71.078064,42.357799,5.791
-71.078002,42.358006,5.791
-71.078188,42.358249,5.791
-71.078139,42.358339,5.791
-71.077884,42.358501,5.791
-71.077910,42.358744,5.791
-71.077770,42.358955,5.791
-71.077576,42.359201,5.791
-71.077321,42.359211,5.791
-71.077134,42.359257,5.791
-71.077285,42.359282,5.791
-71.077314,42.359356,5.791
-71.077261,42.359424,5.791
-71.077009,42.359437,5.791
-71.077002,42.359608,5.791
-71.076787,42.359787,5.791
-71.076641,42.359834,5.791
-71.076484,42.359766,5.791
-71.076293,42.359969,5.791
-71.075864,42.360410,5.791
-71.075755,42.360367,5.791
-71.075593,42.360482,5.791
-71.075440,42.360712,5.791
-71.075015,42.360816,5.791
-71.074748,42.360786,5.791
-71.074708,42.360446,5.791
-71.074804,42.360140,5.791
-71.075160,42.360030,5.791
-71.075270,42.359937,5.791
-71.075255,42.359753,5.791
-71.075305,42.359500,5.791
-71.075451,42.359311,5.791
-71.075579,42.359212,5.791
-71.075538,42.359095,5.791
-71.075828,42.358971,5.791
-71.075826,42.358888,5.791
-71.075639,42.358708,5.791
-71.075666,42.358420,5.791
-71.075788,42.358231,5.791
-71.075792,42.358006,5.791
-71.075773,42.357610,5.791
-71.075946,42.357349,5.791
-71.076137,42.356863,5.791
-71.076605,42.356580,5.791
-71.077127,42.356426,5.791
-71.077370,42.356503,5.791
-71.077698,42.356537,5.791
-71.078074,42.356389,5.791
-71.078365,42.356264,5.791
-71.078717,42.356221,5.791
-71.079018,42.356152,5.791
-71.079094,42.356233,5.791
-71.079252,42.356341,5.791
-71.079218,42.356503,5.791
-71.079482,42.356586,5.791
-71.079639,42.356422,5.791
-71.079765,42.356224,5.791
-71.079774,42.356114,5.791
-71.079968,42.356124,5.791
-71.080107,42.356116,5.791
-71.080091,42.356224,5.791
-71.080287,42.356269,5.791
-71.084405,42.356035,5.791
-71.084241,42.355988,5.791
-71.084205,42.356078,5.791
-71.084338,42.356273,5.791
-71.084373,42.356125,5.791
-71.084575,42.355242,5.791
-71.084423,42.355169,5.791
-71.084066,42.355377,5.791
-71.084229,42.355461,5.791
-71.084491,42.355404,5.791
-71.085675,42.357439,5.791
-71.085314,42.357655,5.791
-71.085078,42.357565,5.791
-71.084781,42.357241,5.791
-71.084936,42.356998,5.791
-71.085188,42.356848,5.791
-71.085407,42.356927,5.791
-71.085467,42.357088,5.791
-71.085683,42.357421,5.791
-71.086487,42.357577,5.791
-71.086439,42.357500,5.791
-71.086502,42.357565,5.791
-71.086621,42.357897,5.791
-71.086536,42.357823,5.791
-71.086633,42.357775,5.791
-71.086672,42.357871,5.791
-71.086791,42.357736,5.791
-71.086690,42.357691,5.791
-71.086827,42.357577,5.791
-71.086900,42.357595,5.791
-71.088078,42.356080,5.791
-71.088033,42.356044,5.791
-71.088078,42.356080,5.791
-71.089413,42.353958,5.791
-71.089207,42.354042,5.791
-71.088806,42.354047,5.791
-71.088551,42.354205,5.791
-71.088029,42.354349,5.791
-71.087519,42.354484,5.791
-71.087046,42.354635,5.791
-71.086491,42.354810,5.791
-71.086050,42.354953,5.791
-71.085666,42.355242,5.791
-71.085686,42.355368,5.791
-71.085987,42.355458,5.791
-71.086283,42.355476,5.791
-71.086439,42.355529,5.791
-71.086560,42.355593,5.791
-71.086524,42.355809,5.791
-71.086390,42.355756,5.791
-71.086281,42.355818,5.791
-71.086244,42.356071,5.791
-71.086402,42.356287,5.791
-71.086554,42.356305,5.791
-71.086754,42.356267,5.791
-71.086997,42.356368,5.791
-71.087228,42.356598,5.791
-71.087556,42.356574,5.791
-71.087813,42.356503,5.791
-71.088104,42.356728,5.791
-71.088116,42.356854,5.791
-71.088017,42.356899,5.791
-71.087835,42.356893,5.791
-71.087446,42.357043,5.791
-71.087082,42.357119,5.791
-71.086827,42.357133,5.791
-71.086706,42.357198,5.791
-71.086426,42.357250,5.791
-71.086395,42.357394,5.791
-71.086293,42.357402,5.791
-71.086097,42.357142,5.791
-71.085771,42.356976,5.791
-71.085752,42.356827,5.791
-71.085675,42.356557,5.791
-71.086031,42.356269,5.791
-71.086082,42.356107,5.791
-71.085842,42.355854,5.791
-71.085722,42.355812,5.791
-71.085540,42.355884,5.791
-71.085079,42.355955,5.791
-71.084703,42.356019,5.791
-71.084565,42.356116,5.791
-71.084678,42.356258,5.791
-71.085006,42.356358,5.791
-71.085225,42.356275,5.791
-71.085379,42.356305,5.791
-71.085165,42.356494,5.791
-71.085079,42.356656,5.791
-71.084824,42.356645,5.791
-71.084476,42.356836,5.791
-71.084338,42.356754,5.791
-71.084096,42.356520,5.791
-71.083574,42.356616,5.791
-71.083124,42.356610,5.791
-71.082651,42.356484,5.791
-71.082311,42.356542,5.791
-71.081959,42.356525,5.791
-71.081753,42.356507,5.791
-71.081498,42.356263,5.791
-71.081319,42.356350,5.791
-71.081360,42.356476,5.791
-71.081525,42.356638,5.791
-71.081170,42.356739,5.791
-71.080907,42.356764,5.791
-71.080789,42.356629,5.791
-71.080734,42.356458,5.791
-71.080645,42.356368,5.791
-71.080903,42.356297,5.791
-71.081230,42.356218,5.791
-71.081193,42.356062,5.791
-71.081036,42.355987,5.791
-71.080757,42.356022,5.791
-71.080446,42.355944,5.791
-71.080484,42.355818,5.791
-71.080636,42.355588,5.791
-71.080927,42.355571,5.791
-71.081498,42.355614,5.791
-71.081825,42.355710,5.791
-71.082250,42.355734,5.791
-71.082666,42.355764,5.791
-71.082773,42.355647,5.791
-71.082995,42.355611,5.791
-71.083100,42.355410,5.791
-71.083756,42.355205,5.791
-71.084691,42.354768,5.791
-71.085152,42.354619,5.791
-71.085438,42.354432,5.791
-71.085555,42.354135,5.791
-71.086041,42.353667,5.791
-71.086220,42.353604,5.791
-71.086876,42.353570,5.791
-71.087086,42.353640,5.791
-71.087191,42.353946,5.791
-71.087495,42.353878,5.791
-71.088053,42.353612,5.791
-71.088442,42.353364,5.791
-71.088636,42.353322,5.791
-71.088867,42.353366,5.791
-71.089158,42.353337,5.791
-71.089450,42.353550,5.791
-71.089544,42.353793,5.791
-71.089888,42.356818,5.791
-71.089535,42.357088,5.791
-71.089425,42.357036,5.791
-71.089358,42.356773,5.791
-71.089172,42.356467,5.791
-71.089231,42.356327,5.791
-71.089522,42.356218,5.791
-71.089626,42.356323,5.791
-71.089755,42.356503,5.791
-71.089928,42.356746,5.791
-71.090384,42.354741,5.791
-71.089838,42.354751,5.791
-71.089474,42.354848,5.791
-71.089432,42.354819,5.791
-71.089635,42.354729,5.791
-71.089923,42.354620,5.791
-71.090214,42.354631,5.791
-71.090426,42.354693,5.791
-71.090745,42.356602,5.791
-71.090591,42.356665,5.791
-71.090499,42.356611,5.791
-71.090579,42.356491,5.791
-71.090746,42.356494,5.791
-71.096201,42.354252,5.791
-71.096017,42.354347,5.791
-71.095678,42.354371,5.791
-71.095415,42.354270,5.791
-71.095653,42.354193,5.791
-71.096184,42.354216,5.791
-71.099037,42.352434,5.791
-71.098858,42.352492,5.791
-71.098409,42.352434,5.791
-71.098555,42.352254,5.791
-71.098968,42.352326,5.791
-71.099053,42.352407,5.791
-71.099878,42.352510,5.791
-71.099477,42.352533,5.791
-71.099295,42.352461,5.791
-71.099769,42.352424,5.791
-71.099971,42.352479,5.791
-71.062255,42.368218,5.182
-71.062595,42.368214,5.182
-71.062729,42.368123,5.182
-71.062729,42.369118,5.182
-71.063202,42.369173,5.182
-71.063549,42.369286,5.182
-71.063675,42.369316,5.182
-71.064449,42.369268,5.182
-71.064185,42.369204,5.182
-71.064024,42.369232,5.182
-71.065412,42.368798,5.182
-71.065909,42.368694,5.182
-71.065999,42.368593,5.182
-71.066116,42.368450,5.182
-71.066474,42.368368,5.182
-71.067014,42.368044,5.182
-71.067427,42.367945,5.182
-71.067791,42.367785,5.182
-71.068240,42.367698,5.182
-71.068532,42.367523,5.182
-71.068651,42.367342,5.182
-71.069113,42.367441,5.182
-71.068370,42.368404,5.182
-71.068599,42.368125,5.182
-71.068859,42.368076,5.182
-71.069005,42.368124,5.182
-71.066310,42.369030,5.182
-71.066686,42.369115,5.182
-71.067293,42.368999,5.182
-71.067767,42.368916,5.182
-71.069636,42.368313,5.182
-71.069760,42.368440,5.182
-71.071323,42.367090,5.182
-71.071018,42.366874,5.182
-71.070970,42.366747,5.182
-71.071020,42.366450,5.182
-71.070741,42.366261,5.182
-71.069087,42.367477,5.182
-71.069095,42.367630,5.182
-71.069491,42.367810,5.182
-71.069986,42.368089,5.182
-71.070316,42.368270,5.182
-71.070482,42.368323,5.182
-71.070668,42.368559,5.182
-71.070841,42.368737,5.182
-71.071178,42.368873,5.182
-71.071220,42.368746,5.182
-71.071348,42.368660,5.182
-71.071664,42.369015,5.182
-71.071506,42.369055,5.182
-71.072914,42.367892,5.182
-71.073049,42.367576,5.182
-71.073291,42.367146,5.182
-71.070596,42.365407,5.182
-71.070966,42.365208,5.182
-71.071797,42.365089,5.182
-71.072440,42.364839,5.182
-71.072887,42.364380,5.182
-71.073194,42.364008,5.182
-71.073461,42.363604,5.182
-71.073629,42.363372,5.182
-71.073397,42.363209,5.182
-71.073436,42.363020,5.182
-71.073466,42.362777,5.182
-71.073618,42.362749,5.182
-71.074190,42.362966,5.182
-71.074523,42.362912,5.182
-71.074784,42.362677,5.182
-71.075107,42.362687,5.182
-71.075382,42.362831,5.182
-71.075488,42.363097,5.182
-71.075609,42.363105,5.182
-71.075840,42.363119,5.182
-71.075856,42.363191,5.182
-71.075694,42.363206,5.182
-71.075619,42.363354,5.182
-71.075241,42.363687,5.182
-71.075190,42.363912,5.182
-71.075177,42.364182,5.182
-71.075045,42.364263,5.182
-71.074900,42.364524,5.182
-71.074768,42.364749,5.182
-71.074395,42.365115,5.182
-71.074170,42.365622,5.182
-71.074027,42.366054,5.182
-71.076581,42.361121,5.182
-71.076436,42.361085,5.182
-71.076544,42.361021,5.182
-71.076608,42.361103,5.182
-71.076872,42.362475,5.182
-71.076763,42.362469,5.182
-71.076774,42.362381,5.182
-71.076977,42.362336,5.182
-71.077422,42.360365,5.182
-71.077248,42.360382,5.182
-71.077018,42.360336,5.182
-71.076595,42.360266,5.182
-71.076605,42.360192,5.182
-71.076981,42.360102,5.182
-71.077108,42.360167,5.182
-71.077200,42.360224,5.182
-71.077418,42.360302,5.182
-71.077456,42.360131,5.182
-71.077345,42.360131,5.182
-71.077418,42.360072,5.182
-71.077456,42.360131,5.182
-71.077634,42.358366,5.182
-71.077541,42.358168,5.182
-71.077370,42.358155,5.182
-71.077282,42.358240,5.182
-71.077358,42.358300,5.182
-71.077561,42.358321,5.182
-71.077625,42.358404,5.182
-71.077637,42.359630,5.182
-71.077516,42.359594,5.182
-71.077418,42.359490,5.182
-71.077613,42.359504,5.182
-71.077686,42.359599,5.182
-71.078001,42.360458,5.182
-71.077778,42.360428,5.182
-71.077807,42.360380,5.182
-71.078025,42.360346,5.182
-71.078038,42.360428,5.182
-71.080046,42.357295,5.182
-71.079846,42.357323,5.182
-71.079397,42.357323,5.182
-71.079375,42.357250,5.182
-71.079519,42.357243,5.182
-71.079822,42.357065,5.182
-71.079980,42.357074,5.182
-71.080394,42.357115,5.182
-71.080251,42.357142,5.182
-71.080389,42.357097,5.182
-71.080658,42.357133,5.182
-71.080522,42.357124,5.182
-71.080660,42.357063,5.182
-71.080697,42.357106,5.182
-71.084290,42.356030,5.182
-71.084253,42.356088,5.182
-71.084521,42.355329,5.182
-71.084472,42.355226,5.182
-71.084168,42.355323,5.182
-71.084151,42.355413,5.182
-71.084439,42.355404,5.182
-71.084521,42.355329,5.182
-71.085421,42.356089,5.182
-71.085176,42.356036,5.182
-71.085016,42.356089,5.182
-71.084921,42.356150,5.182
-71.084755,42.356125,5.182
-71.084945,42.356235,5.182
-71.085030,42.356165,5.182
-71.085419,42.356134,5.182
-71.085941,42.356046,5.182
-71.085824,42.356035,5.182
-71.085829,42.356107,5.182
-71.085941,42.356133,5.182
-71.086782,42.355683,5.182
-71.086718,42.355650,5.182
-71.086730,42.355722,5.182
-71.090568,42.354675,5.182
-71.090287,42.354868,5.182
-71.090069,42.354863,5.182
-71.089707,42.354882,5.182
-71.089352,42.354964,5.182
-71.089245,42.354918,5.182
-71.089312,42.354783,5.182
-71.089874,42.354577,5.182
-71.090251,42.354574,5.182
-71.090559,42.354630,5.182
-71.090676,42.356395,5.182
-71.090603,42.356265,5.182
-71.090532,42.356152,5.182
-71.090299,42.356010,5.182
-71.089972,42.356089,5.182
-71.089785,42.356071,5.182
-71.089935,42.356129,5.182
-71.090166,42.356159,5.182
-71.090347,42.356224,5.182
-71.090255,42.356350,5.182
-71.090236,42.356539,5.182
-71.090348,42.356625,5.182
-71.090676,42.356395,5.182
-71.075612,42.361193,5.182
-71.075731,42.360905,5.182
-71.075633,42.360581,5.182
-71.075670,42.360459,5.182
-71.075840,42.360476,5.182
-71.076012,42.360374,5.182
-71.076435,42.359865,5.182
-71.076569,42.359863,5.182
-71.076739,42.359913,5.182
-71.076993,42.359747,5.182
-71.077115,42.359516,5.182
-71.077394,42.359470,5.182
-71.077479,42.359300,5.182
-71.077686,42.359385,5.182
-71.077880,42.359375,5.182
-71.077853,42.359275,5.182
-71.077724,42.359149,5.182
-71.077924,42.358987,5.182
-71.077956,42.358600,5.182
-71.078039,42.358474,5.182
-71.078357,42.358339,5.182
-71.078352,42.358222,5.182
-71.078147,42.358031,5.182
-71.078225,42.357934,5.182
-71.078237,42.357826,5.182
-71.078717,42.357661,5.182
-71.078936,42.357654,5.182
-71.079142,42.357698,5.182
-71.079264,42.357592,5.182
-71.079289,42.357385,5.182
-71.079082,42.357356,5.182
-71.079085,42.357160,5.182
-71.079288,42.357011,5.182
-71.079834,42.356970,5.182
-71.079992,42.356899,5.182
-71.080284,42.356782,5.182
-71.080684,42.356849,5.182
-71.080939,42.356866,5.182
-71.081862,42.356663,5.182
-71.082080,42.356653,5.182
-71.082335,42.356699,5.182
-71.082505,42.356576,5.182
-71.082861,42.356629,5.182
-71.083015,42.356770,5.182
-71.083283,42.356656,5.182
-71.083695,42.356674,5.182
-71.083877,42.356603,5.182
-71.084083,42.356627,5.182
-71.084387,42.356913,5.182
-71.084496,42.356939,5.182
-71.084678,42.356758,5.182
-71.084909,42.356719,5.182
-71.085041,42.356818,5.182
-71.084995,42.356908,5.182
-71.084727,42.357178,5.182
-71.084743,42.357304,5.182
-71.085188,42.357765,5.182
-71.085358,42.357804,5.182
-71.085856,42.357633,5.182
-71.086002,42.357537,5.182
-71.086269,42.357606,5.182
-71.086381,42.357763,5.182
-71.086232,42.357970,5.182
-71.085895,42.358159,5.182
-71.085965,42.358250,5.182
-71.086087,42.358346,5.182
-71.086378,42.358408,5.182
-71.086536,42.358350,5.182
-71.086673,42.358267,5.182
-71.086827,42.358067,5.182
-71.087184,42.357862,5.182
-71.087147,42.357565,5.182
-71.087215,42.357367,5.182
-71.087526,42.357151,5.182
-71.088041,42.356980,5.182
-71.088227,42.356845,5.182
-71.088345,42.356855,5.182
-71.088794,42.357468,5.182
-71.088884,42.357493,5.182
-71.088976,42.357335,5.182
-71.089425,42.357239,5.182
-71.089789,42.357116,5.182
-71.090227,42.357017,5.182
-71.090518,42.356972,5.182
-71.090846,42.356878,5.182
-71.091017,42.356845,5.182
-71.091063,42.356683,5.182
-71.091234,42.356715,5.182
-71.091335,42.356629,5.182
-71.091259,42.356485,5.182
-71.091098,42.356386,5.182
-71.090895,42.356143,5.182
-71.090898,42.356044,5.182
-71.090683,42.355773,5.182
-71.090610,42.355404,5.182
-71.090445,42.355261,5.182
-71.090142,42.355232,5.182
-71.089959,42.355247,5.182
-71.089777,42.355411,5.182
-71.089535,42.355518,5.182
-71.089312,42.355395,5.182
-71.088879,42.355115,5.182
-71.088636,42.355127,5.182
-71.088469,42.355359,5.182
-71.088442,42.355528,5.182
-71.088126,42.355538,5.182
-71.087871,42.355643,5.182
-71.087796,42.355845,5.182
-71.087976,42.356242,5.182
-71.088166,42.356575,5.182
-71.088138,42.356598,5.182
-71.087713,42.356386,5.182
-71.087383,42.356458,5.182
-71.087191,42.356450,5.182
-71.087061,42.356188,5.182
-71.087146,42.356071,5.182
-71.087071,42.355818,5.182
-71.086997,42.355587,5.182
-71.086827,42.355428,5.182
-71.086609,42.355447,5.182
-71.086409,42.355332,5.182
-71.086172,42.355313,5.182
-71.085820,42.355323,5.182
-71.085698,42.355287,5.182
-71.085820,42.355097,5.182
-71.086244,42.354939,5.182
-71.086597,42.354792,5.182
-71.087055,42.354648,5.182
-71.087398,42.354569,5.182
-71.087847,42.354400,5.182
-71.088272,42.354280,5.182
-71.088648,42.354207,5.182
-71.089037,42.354053,5.182
-71.089377,42.354022,5.182
-71.089572,42.353829,5.182
-71.089484,42.353550,5.182
-71.089249,42.353370,5.182
-71.089304,42.353279,5.182
-71.089436,42.353181,5.182
-71.089304,42.353073,5.182
-71.089188,42.353118,5.182
-71.089138,42.353244,5.182
-71.088758,42.353292,5.182
-71.088503,42.353278,5.182
-71.088199,42.353480,5.182
-71.087593,42.353820,5.182
-71.087434,42.353833,5.182
-71.087314,42.353865,5.182
-71.087211,42.353910,5.182
-71.087167,42.353663,5.182
-71.087172,42.353514,5.182
-71.087070,42.353481,5.182
-71.086827,42.353556,5.182
-71.086147,42.353579,5.182
-71.086014,42.353649,5.182
-71.085535,42.354117,5.182
-71.085419,42.354419,5.182
-71.085169,42.354567,5.182
-71.084684,42.354738,5.182
-71.084259,42.354882,5.182
-71.083331,42.355303,5.182
-71.082976,42.355512,5.182
-71.082784,42.355571,5.182
-71.082566,42.355694,5.182
-71.082262,42.355692,5.182
-71.081825,42.355671,5.182
-71.081376,42.355590,5.182
-71.080781,42.355520,5.182
-71.080551,42.355589,5.182
-71.080363,42.355926,5.182
-71.080441,42.355988,5.182
-71.080806,42.356046,5.182
-71.081104,42.356035,5.182
-71.081170,42.356134,5.182
-71.081024,42.356244,5.182
-71.080624,42.356314,5.182
-71.080623,42.356490,5.182
-71.080700,42.356557,5.182
-71.080599,42.356647,5.182
-71.080376,42.356593,5.182
-71.080363,42.356503,5.182
-71.080401,42.356305,5.182
-71.080286,42.356161,5.182
-71.080256,42.355935,5.182
-71.080114,42.355960,5.182
-71.079652,42.355919,5.182
-71.078754,42.356047,5.182
-71.078183,42.356166,5.182
-71.077904,42.356323,5.182
-71.077370,42.356336,5.182
-71.076593,42.356535,5.182
-71.075973,42.356935,5.182
-71.075893,42.357358,5.182
-71.075666,42.357655,5.182
-71.075685,42.357997,5.182
-71.075682,42.358287,5.182
-71.075512,42.358357,5.182
-71.075506,42.358789,5.182
-71.075486,42.358969,5.182
-71.075247,42.359293,5.182
-71.075233,42.359485,5.182
-71.075096,42.359753,5.182
-71.075237,42.359897,5.182
-71.075124,42.360003,5.182
-71.074820,42.359985,5.182
-71.074550,42.360131,5.182
-71.074266,42.360509,5.182
-71.074281,42.360797,5.182
-71.074485,42.361058,5.182
-71.074832,42.361193,5.182
-71.074884,42.361175,5.182
-71.075015,42.361078,5.182
-71.075160,42.361175,5.182
-71.092671,42.356233,5.182
-71.092557,42.356293,5.182
-71.092424,42.356119,5.182
-71.092460,42.356048,5.182
-71.092678,42.356206,5.182
-71.095155,42.355764,5.182
-71.095046,42.355777,5.182
-71.095158,42.355728,5.182
-71.096372,42.354414,5.182
-71.096151,42.354569,5.182
-71.095714,42.354837,5.182
-71.095648,42.354819,5.182
-71.095634,42.354477,5.182
-71.095459,42.354415,5.182
-71.095289,42.354466,5.182
-71.095095,42.354463,5.182
-71.095064,42.354702,5.182
-71.094803,42.354841,5.182
-71.094465,42.354873,5.182
-71.094581,42.354783,5.182
-71.094531,42.354657,5.182
-71.094542,42.354540,5.182
-71.094986,42.354385,5.182
-71.095277,42.354272,5.182
-71.095459,42.354080,5.182
-71.095702,42.354106,5.182
-71.095766,42.354027,5.182
-71.095835,42.354013,5.182
-71.095993,42.354130,5.182
-71.096242,42.354180,5.182
-71.096370,42.354342,5.182
-71.098120,42.353154,5.182
-71.097887,42.353346,5.182
-71.097499,42.353477,5.182
-71.096867,42.353612,5.182
-71.096297,42.353776,5.182
-71.096088,42.353712,5.182
-71.095860,42.353459,5.182
-71.095471,42.353425,5.182
-71.095143,42.353480,5.182
-71.094961,42.353410,5.182
-71.094901,42.353266,5.182
-71.095149,42.353154,5.182
-71.095435,42.353128,5.182
-71.095702,42.353198,5.182
-71.096248,42.353126,5.182
-71.096734,42.353155,5.182
-71.097426,42.353015,5.182
-71.098004,42.352974,5.182
-71.098120,42.353154,5.182
-71.098968,42.352958,5.182
-71.098895,42.352902,5.182
-71.099019,42.352893,5.182
-71.101123,42.352452,5.182
-71.100971,42.352532,5.182
-71.100485,42.352585,5.182
-71.099866,42.352605,5.182
-71.099417,42.352630,5.182
-71.099040,42.352545,5.182
-71.098494,42.352582,5.182
-71.098154,42.352529,5.182
-71.098223,42.352334,5.182
-71.098300,42.352156,5.182
-71.098567,42.351925,5.182
-71.098579,42.351808,5.182
-71.098603,42.351745,5.182
-71.098918,42.351740,5.182
-71.099152,42.351821,5.182
-71.099150,42.351965,5.182
-71.099441,42.352085,5.182
-71.099660,42.352121,5.182
-71.099796,42.352010,5.182
-71.099674,42.351956,5.182
-71.099834,42.351956,5.182
-71.099988,42.352172,5.182
-71.100206,42.352292,5.182
-71.100607,42.352294,5.182
-71.100959,42.352172,5.182
-71.101128,42.352271,5.182
-71.062134,42.368226,4.877
-71.062255,42.368189,4.877
-71.062364,42.368193,4.877
-71.062682,42.368125,4.877
-71.062559,42.369101,4.877
-71.063020,42.369202,4.877
-71.063304,42.369205,4.877
-71.063578,42.369310,4.877
-71.063639,42.369352,4.877
-71.064392,42.369280,4.877
-71.064137,42.369205,4.877
-71.064000,42.369304,4.877
-71.065509,42.368781,4.877
-71.065929,42.368629,4.877
-71.065884,42.368512,4.877
-71.066116,42.368383,4.877
-71.066444,42.368345,4.877
-71.067051,42.368015,4.877
-71.067415,42.367934,4.877
-71.067779,42.367770,4.877
-71.068228,42.367683,4.877
-71.068507,42.367518,4.877
-71.068629,42.367367,4.877
-71.068360,42.368458,4.877
-71.068548,42.368296,4.877
-71.068714,42.368098,4.877
-71.066104,42.369050,4.877
-71.066577,42.369117,4.877
-71.066966,42.369113,4.877
-71.067597,42.368982,4.877
-71.069466,42.368285,4.877
-71.069734,42.368420,4.877
-71.071253,42.367072,4.877
-71.070964,42.366856,4.877
-71.071001,42.366639,4.877
-71.070971,42.366423,4.877
-71.070547,42.366228,4.877
-71.071336,42.368650,4.877
-71.071186,42.368728,4.877
-71.071169,42.368827,4.877
-71.070933,42.368737,4.877
-71.070953,42.368584,4.877
-71.070929,42.368503,4.877
-71.070741,42.368518,4.877
-71.070588,42.368422,4.877
-71.070426,42.368254,4.877
-71.070134,42.368157,4.877
-71.069681,42.367927,4.877
-71.069309,42.367729,4.877
-71.069101,42.367594,4.877
-71.071664,42.369037,4.877
-71.071517,42.369088,4.877
-71.072994,42.367900,4.877
-71.073090,42.367612,4.877
-71.073109,42.367377,4.877
-71.074339,42.358240,4.877
-71.075197,42.359934,4.877
-71.075172,42.359856,4.877
-71.075056,42.359861,4.877
-71.075068,42.359969,4.877
-71.075172,42.359959,4.877
-71.076443,42.363768,4.877
-71.076374,42.363925,4.877
-71.076241,42.363921,4.877
-71.076226,42.363822,4.877
-71.076396,42.363741,4.877
-71.076484,42.363655,4.877
-71.076583,42.363489,4.877
-71.076471,42.363524,4.877
-71.076351,42.363453,4.877
-71.076386,42.363365,4.877
-71.076508,42.363376,4.877
-71.076583,42.363489,4.877
-71.076945,42.359852,4.877
-71.076835,42.359888,4.877
-71.076749,42.360032,4.877
-71.076872,42.360057,4.877
-71.076957,42.359893,4.877
-71.077246,42.362768,4.877
-71.077491,42.358223,4.877
-71.077455,42.358169,4.877
-71.077330,42.358204,4.877
-71.077370,42.358261,4.877
-71.070303,42.365694,4.877
-71.070668,42.365308,4.877
-71.071579,42.365080,4.877
-71.072338,42.364821,4.877
-71.072788,42.364452,4.877
-71.073180,42.363966,4.877
-71.073449,42.363576,4.877
-71.073603,42.363381,4.877
-71.073373,42.363209,4.877
-71.073410,42.363029,4.877
-71.073414,42.362759,4.877
-71.073509,42.362700,4.877
-71.074031,42.362873,4.877
-71.074298,42.362951,4.877
-71.074529,42.362875,4.877
-71.074772,42.362650,4.877
-71.075038,42.362633,4.877
-71.075387,42.362372,4.877
-71.075559,42.362579,4.877
-71.075755,42.362739,4.877
-71.076265,42.362783,4.877
-71.076423,42.362841,4.877
-71.076595,42.362723,4.877
-71.076521,42.362606,4.877
-71.076739,42.362339,4.877
-71.077018,42.362277,4.877
-71.077358,42.362431,4.877
-71.077552,42.362452,4.877
-71.077904,42.362389,4.877
-71.077954,42.362453,4.877
-71.077651,42.362624,4.877
-71.077516,42.362633,4.877
-71.077261,42.362527,4.877
-71.077123,42.362624,4.877
-71.077148,42.362741,4.877
-71.076813,42.362984,4.877
-71.076678,42.363105,4.877
-71.076481,42.363074,4.877
-71.076253,42.363096,4.877
-71.076077,42.363336,4.877
-71.075937,42.363435,4.877
-71.075949,42.363569,4.877
-71.076059,42.363687,4.877
-71.075852,42.363653,4.877
-71.075740,42.363750,4.877
-71.075500,42.363845,4.877
-71.075330,42.364102,4.877
-71.075214,42.364398,4.877
-71.075160,42.364604,4.877
-71.074992,42.364704,4.877
-71.074690,42.364983,4.877
-71.074408,42.365271,4.877
-71.074169,42.365757,4.877
-71.078117,42.360068,4.877
-71.078055,42.360041,4.877
-71.078102,42.360023,4.877
-71.078175,42.360302,4.877
-71.078110,42.360491,4.877
-71.077892,42.360497,4.877
-71.077706,42.360410,4.877
-71.077758,42.360297,4.877
-71.078062,42.360230,4.877
-71.078179,42.360266,4.877
-71.078575,42.360473,4.877
-71.078426,42.360467,4.877
-71.078450,42.360414,4.877
-71.078596,42.360405,4.877
-71.078938,42.360419,4.877
-71.078785,42.360446,4.877
-71.078798,42.360374,4.877
-71.078922,42.360356,4.877
-71.078938,42.360419,4.877
-71.079579,42.357118,4.877
-71.079515,42.357142,4.877
-71.079993,42.358213,4.877
-71.079892,42.358213,4.877
-71.079746,42.357988,4.877
-71.079701,42.357900,4.877
-71.079821,42.357997,4.877
-71.079993,42.358213,4.877
-71.080646,42.356539,4.877
-71.080518,42.356530,4.877
-71.080485,42.356584,4.877
-71.080611,42.356606,4.877
-71.080672,42.356953,4.877
-71.080520,42.356908,4.877
-71.080149,42.356953,4.877
-71.080155,42.357034,4.877
-71.080502,42.357023,4.877
-71.080672,42.356969,4.877
-71.081107,42.356062,4.877
-71.080939,42.356028,4.877
-71.080708,42.356058,4.877
-71.080320,42.356010,4.877
-71.080417,42.356221,4.877
-71.080417,42.356368,4.877
-71.080490,42.356368,4.877
-71.080854,42.356237,4.877
-71.081109,42.356183,4.877
-71.084492,42.355287,4.877
-71.084411,42.355251,4.877
-71.084176,42.355377,4.877
-71.084399,42.355402,4.877
-71.084496,42.355321,4.877
-71.087271,42.353811,4.877
-71.087216,42.353761,4.877
-71.087228,42.353876,4.877
-71.090518,42.356419,4.877
-71.090421,42.356376,4.877
-71.090326,42.356440,4.877
-71.090372,42.356525,4.877
-71.090518,42.356419,4.877
-71.075733,42.361130,4.877
-71.075852,42.361056,4.877
-71.076168,42.361184,4.877
-71.076654,42.361211,4.877
-71.076900,42.361175,4.877
-71.076799,42.361054,4.877
-71.076435,42.360960,4.877
-71.076192,42.361001,4.877
-71.075858,42.360860,4.877
-71.075682,42.360540,4.877
-71.075877,42.360491,4.877
-71.076116,42.360257,4.877
-71.076459,42.359880,4.877
-71.076603,42.359906,4.877
-71.076532,42.360228,4.877
-71.076593,42.360318,4.877
-71.076860,42.360345,4.877
-71.077248,42.360452,4.877
-71.077443,42.360436,4.877
-71.077482,42.360311,4.877
-71.077473,42.360203,4.877
-71.077613,42.360175,4.877
-71.077477,42.360041,4.877
-71.077321,42.360018,4.877
-71.077239,42.360140,4.877
-71.077121,42.360077,4.877
-71.077166,42.359996,4.877
-71.077176,42.359889,4.877
-71.077040,42.359789,4.877
-71.077151,42.359616,4.877
-71.077418,42.359584,4.877
-71.077665,42.359663,4.877
-71.077743,42.359581,4.877
-71.077637,42.359469,4.877
-71.077476,42.359428,4.877
-71.077467,42.359361,4.877
-71.077661,42.359424,4.877
-71.077819,42.359447,4.877
-71.077947,42.359365,4.877
-71.077919,42.359275,4.877
-71.077763,42.359140,4.877
-71.078002,42.358960,4.877
-71.078014,42.358726,4.877
-71.078048,42.358519,4.877
-71.078312,42.358429,4.877
-71.078433,42.358294,4.877
-71.078303,42.358114,4.877
-71.078298,42.357880,4.877
-71.078415,42.357772,4.877
-71.078912,42.357683,4.877
-71.079154,42.357837,4.877
-71.079274,42.357817,4.877
-71.079337,42.357683,4.877
-71.079561,42.357565,4.877
-71.079725,42.357386,4.877
-71.079944,42.357390,4.877
-71.080230,42.357250,4.877
-71.080563,42.357191,4.877
-71.080811,42.357079,4.877
-71.080903,42.356932,4.877
-71.081850,42.356728,4.877
-71.082262,42.356761,4.877
-71.082432,42.356697,4.877
-71.082663,42.356645,4.877
-71.083027,42.356886,4.877
-71.083137,42.356890,4.877
-71.083367,42.356679,4.877
-71.083598,42.356703,4.877
-71.083768,42.356743,4.877
-71.084011,42.356651,4.877
-71.084241,42.356798,4.877
-71.084472,42.356980,4.877
-71.084672,42.356827,4.877
-71.084860,42.356760,4.877
-71.084970,42.356809,4.877
-71.084945,42.356894,4.877
-71.084732,42.357043,4.877
-71.084717,42.357313,4.877
-71.085188,42.357815,4.877
-71.085346,42.357906,4.877
-71.085559,42.357772,4.877
-71.085917,42.357683,4.877
-71.086187,42.357628,4.877
-71.086319,42.357754,4.877
-71.086217,42.357907,4.877
-71.085832,42.358112,4.877
-71.085814,42.358222,4.877
-71.086002,42.358406,4.877
-71.086220,42.358389,4.877
-71.086414,42.358462,4.877
-71.086727,42.358348,4.877
-71.086779,42.358195,4.877
-71.087248,42.357889,4.877
-71.087240,42.357720,4.877
-71.087251,42.357547,4.877
-71.087422,42.357432,4.877
-71.087598,42.357331,4.877
-71.087657,42.357124,4.877
-71.088126,42.357000,4.877
-71.088296,42.356905,4.877
-71.088492,42.357088,4.877
-71.088711,42.357466,4.877
-71.088623,42.357592,4.877
-71.088627,42.357655,4.877
-71.088821,42.357673,4.877
-71.089014,42.357412,4.877
-71.089182,42.357288,4.877
-71.089474,42.357285,4.877
-71.089923,42.357136,4.877
-71.090396,42.357099,4.877
-71.090846,42.356984,4.877
-71.091331,42.356840,4.877
-71.091574,42.356673,4.877
-71.091575,42.356485,4.877
-71.091271,42.356355,4.877
-71.091205,42.356269,4.877
-71.091127,42.355971,4.877
-71.091239,42.355872,4.877
-71.091161,42.355815,4.877
-71.091028,42.355860,4.877
-71.090918,42.355764,4.877
-71.090917,42.355404,4.877
-71.090790,42.355251,4.877
-71.090506,42.355154,4.877
-71.090374,42.354900,4.877
-71.090637,42.354666,4.877
-71.090591,42.354588,4.877
-71.090105,42.354553,4.877
-71.089559,42.354632,4.877
-71.089203,42.354855,4.877
-71.089243,42.354988,4.877
-71.089486,42.354986,4.877
-71.089858,42.355053,4.877
-71.089843,42.355296,4.877
-71.089619,42.355465,4.877
-71.089464,42.355449,4.877
-71.089255,42.355237,4.877
-71.088879,42.355054,4.877
-71.088600,42.355093,4.877
-71.088410,42.355431,4.877
-71.088260,42.355502,4.877
-71.087987,42.355512,4.877
-71.087745,42.355755,4.877
-71.087769,42.356026,4.877
-71.087940,42.356323,4.877
-71.087689,42.356285,4.877
-71.087564,42.356197,4.877
-71.087483,42.355935,4.877
-71.087343,42.355638,4.877
-71.087374,42.355426,4.877
-71.087374,42.355354,4.877
-71.087239,42.355377,4.877
-71.087021,42.355498,4.877
-71.086803,42.355383,4.877
-71.086560,42.355401,4.877
-71.086317,42.355250,4.877
-71.085977,42.355258,4.877
-71.085747,42.355295,4.877
-71.085729,42.355224,4.877
-71.086056,42.354990,4.877
-71.086354,42.354929,4.877
-71.086621,42.354797,4.877
-71.087058,42.354656,4.877
-71.087398,42.354579,4.877
-71.087859,42.354406,4.877
-71.088272,42.354292,4.877
-71.088685,42.354225,4.877
-71.089037,42.354069,4.877
-71.089390,42.354036,4.877
-71.089596,42.353820,4.877
-71.089496,42.353541,4.877
-71.089282,42.353379,4.877
-71.089340,42.353309,4.877
-71.089560,42.353226,4.877
-71.089425,42.353047,4.877
-71.089110,42.353025,4.877
-71.089061,42.353181,4.877
-71.088952,42.353238,4.877
-71.088503,42.353231,4.877
-71.087956,42.353622,4.877
-71.087531,42.353824,4.877
-71.087382,42.353748,4.877
-71.087346,42.353658,4.877
-71.087468,42.353550,4.877
-71.087386,42.353463,4.877
-71.087155,42.353423,4.877
-71.086993,42.353505,4.877
-71.086220,42.353556,4.877
-71.086038,42.353601,4.877
-71.085523,42.354108,4.877
-71.085407,42.354413,4.877
-71.085261,42.354444,4.877
-71.085159,42.354549,4.877
-71.084678,42.354726,4.877
-71.084240,42.354873,4.877
-71.083319,42.355292,4.877
-71.082942,42.355488,4.877
-71.082505,42.355633,4.877
-71.082044,42.355608,4.877
-71.081498,42.355572,4.877
-71.080988,42.355523,4.877
-71.080571,42.355530,4.877
-71.080393,42.355841,4.877
-71.080089,42.355923,4.877
-71.079725,42.355849,4.877
-71.078802,42.355969,4.877
-71.077770,42.356264,4.877
-71.076993,42.356369,4.877
-71.076472,42.356611,4.877
-71.075930,42.356926,4.877
-71.075903,42.357151,4.877
-71.075696,42.357529,4.877
-71.075637,42.357997,4.877
-71.075497,42.358285,4.877
-71.075457,42.358708,4.877
-71.075305,42.359059,4.877
-71.075210,42.359410,4.877
-71.075067,42.359563,4.877
-71.074795,42.359816,4.877
-71.074414,42.360077,4.877
-71.074285,42.360230,4.877
-71.074153,42.360680,4.877
-71.074189,42.361022,4.877
-71.074444,42.361167,4.877
-71.074942,42.361245,4.877
-71.075039,42.361155,4.877
-71.075233,42.361286,4.877
-71.075306,42.361481,4.877
-71.093522,42.355980,4.877
-71.093334,42.355958,4.877
-71.092958,42.356033,4.877
-71.092920,42.356116,4.877
-71.092876,42.356278,4.877
-71.092545,42.356340,4.877
-71.092361,42.356071,4.877
-71.092424,42.356003,4.877
-71.092630,42.356027,4.877
-71.092727,42.355911,4.877
-71.092922,42.355852,4.877
-71.093043,42.355831,4.877
-71.093262,42.355663,4.877
-71.093344,42.355737,4.877
-71.093347,42.355953,4.877
-71.093559,42.355953,4.877
-71.093723,42.355465,4.877
-71.093465,42.355467,4.877
-71.093759,42.355335,4.877
-71.093867,42.355359,4.877
-71.094489,42.355926,4.877
-71.094379,42.355956,4.877
-71.094342,42.355861,4.877
-71.094492,42.355890,4.877
-71.095289,42.352104,4.877
-71.094969,42.352091,4.877
-71.094728,42.351929,4.877
-71.094779,42.351850,4.877
-71.095316,42.351983,4.877
-71.095617,42.355584,4.877
-71.095280,42.355773,4.877
-71.095010,42.355846,4.877
-71.094921,42.355782,4.877
-71.095095,42.355679,4.877
-71.095503,42.355557,4.877
-71.095617,42.355584,4.877
-71.096370,42.354480,4.877
-71.096042,42.354706,4.877
-71.095853,42.354873,4.877
-71.095887,42.355008,4.877
-71.095787,42.355029,4.877
-71.095518,42.354882,4.877
-71.095543,42.354738,4.877
-71.095410,42.354642,4.877
-71.095192,42.354689,4.877
-71.094823,42.354918,4.877
-71.094769,42.354999,4.877
-71.094876,42.355015,4.877
-71.095058,42.354982,4.877
-71.095086,42.355107,4.877
-71.094828,42.355296,4.877
-71.094633,42.355339,4.877
-71.094476,42.355444,4.877
-71.094423,42.355350,4.877
-71.094589,42.355125,4.877
-71.094591,42.354990,4.877
-71.094451,42.354952,4.877
-71.094233,42.355002,4.877
-71.094277,42.354873,4.877
-71.094515,42.354747,4.877
-71.094474,42.354576,4.877
-71.094731,42.354406,4.877
-71.095240,42.354227,4.877
-71.095386,42.353996,4.877
-71.095653,42.353919,4.877
-71.095872,42.353944,4.877
-71.096066,42.354117,4.877
-71.096285,42.354170,4.877
-71.096476,42.354279,4.877
-71.097098,42.354067,4.877
-71.097025,42.354087,4.877
-71.097098,42.354025,4.877
-71.097106,42.354837,4.877
-71.096964,42.354887,4.877
-71.096805,42.354819,4.877
-71.097001,42.354701,4.877
-71.097161,42.354711,4.877
-71.101184,42.352434,4.877
-71.101044,42.352555,4.877
-71.100036,42.352616,4.877
-71.099583,42.352668,4.877
-71.099526,42.352866,4.877
-71.099453,42.353020,4.877
-71.098676,42.353276,4.877
-71.098021,42.353421,4.877
-71.097232,42.353567,4.877
-71.096309,42.353827,4.877
-71.096078,42.353826,4.877
-71.095945,42.353649,4.877
-71.095690,42.353485,4.877
-71.095289,42.353512,4.877
-71.095042,42.353550,4.877
-71.094854,42.353379,4.877
-71.094840,42.353209,4.877
-71.095156,42.353076,4.877
-71.095811,42.353041,4.877
-71.096382,42.353077,4.877
-71.097098,42.353058,4.877
-71.097948,42.352817,4.877
-71.098373,42.352822,4.877
-71.098907,42.352757,4.877
-71.099292,42.352686,4.877
-71.099278,42.352623,4.877
-71.099040,42.352590,4.877
-71.098713,42.352611,4.877
-71.098087,42.352578,4.877
-71.098044,42.352479,4.877
-71.098203,42.352172,4.877
-71.098309,42.352037,4.877
-71.098208,42.351695,4.877
-71.098251,42.351614,4.877
-71.098688,42.351687,4.877
-71.099173,42.351767,4.877
-71.099599,42.351889,4.877
-71.099963,42.351933,4.877
-71.100081,42.352109,4.877
-71.100279,42.352194,4.877
-71.100655,42.352192,4.877
-71.101031,42.352127,4.877
-71.101194,42.352271,4.877
-71.062389,42.368160,4.267
-71.062571,42.368103,4.267
-71.062546,42.369124,4.267
-71.062899,42.369202,4.267
-71.063117,42.369267,4.267
-71.063396,42.369263,4.267
-71.063554,42.369375,4.267
-71.064198,42.369267,4.267
-71.064100,42.369254,4.267
-71.065399,42.368758,4.267
-71.065739,42.368665,4.267
-71.065668,42.368584,4.267
-71.065609,42.368467,4.267
-71.065982,42.368351,4.267
-71.066371,42.368298,4.267
-71.066990,42.367993,4.267
-71.067330,42.367944,4.267
-71.067573,42.367777,4.267
-71.068180,42.367656,4.267
-71.068444,42.367477,4.267
-71.068370,42.368521,4.267
-71.068435,42.368404,4.267
-71.066274,42.369073,4.267
-71.066917,42.369157,4.267
-71.067429,42.369061,4.267
-71.069551,42.368337,4.267
-71.071104,42.367054,4.267
-71.070887,42.366821,4.267
-71.070961,42.366630,4.267
-71.070945,42.366459,4.267
-71.070654,42.366315,4.267
-71.070413,42.366249,4.267
-71.071105,42.368635,4.267
-71.070935,42.368460,4.267
-71.070668,42.368411,4.267
-71.070523,42.368247,4.267
-71.070292,42.368189,4.267
-71.069855,42.367973,4.267
-71.069537,42.367756,4.267
-71.069152,42.367585,4.267
-71.073373,42.367180,4.267
-71.073169,42.367391,4.267
-71.073181,42.367648,4.267
-71.073130,42.367783,4.267
-71.073145,42.367988,4.267
-71.074420,42.358363,4.267
-71.074274,42.358330,4.267
-71.074265,42.358177,4.267
-71.074371,42.358133,4.267
-71.074454,42.358222,4.267
-71.070316,42.365619,4.267
-71.070783,42.365154,4.267
-71.071360,42.365068,4.267
-71.071785,42.364925,4.267
-71.072185,42.364749,4.267
-71.072547,42.364524,4.267
-71.072807,42.364254,4.267
-71.073046,42.363984,4.267
-71.073364,42.363444,4.267
-71.073318,42.363237,4.267
-71.073359,42.363002,4.267
-71.073307,42.362831,4.267
-71.073376,42.362568,4.267
-71.073730,42.362687,4.267
-71.074059,42.362606,4.267
-71.074250,42.362505,4.267
-71.074423,42.362399,4.267
-71.074422,42.362156,4.267
-71.074349,42.361895,4.267
-71.074401,42.361787,4.267
-71.074262,42.361690,4.267
-71.073910,42.361664,4.267
-71.073718,42.361607,4.267
-71.074784,42.361937,4.267
-71.074893,42.362005,4.267
-71.075002,42.361926,4.267
-71.075022,42.361814,4.267
-71.074930,42.361750,4.267
-71.077710,42.362907,4.267
-71.077374,42.363155,4.267
-71.076726,42.363677,4.267
-71.076492,42.363984,4.267
-71.076083,42.364342,4.267
-71.075658,42.364625,4.267
-71.075342,42.364732,4.267
-71.075027,42.364937,4.267
-71.074747,42.365181,4.267
-71.074480,42.365533,4.267
-71.074369,42.365793,4.267
-71.077965,42.359533,4.267
-71.077977,42.359542,4.267
-71.077953,42.359757,4.267
-71.077897,42.359789,4.267
-71.077977,42.359774,4.267
-71.077977,42.359119,4.267
-71.077928,42.359161,4.267
-71.078644,42.362471,4.267
-71.078665,42.362462,4.267
-71.078685,42.362453,4.267
-71.078730,42.362453,4.267
-71.078722,42.362471,4.267
-71.078839,42.362498,4.267
-71.078839,42.362480,4.267
-71.080220,42.359320,4.267
-71.079919,42.359695,4.267
-71.079843,42.359672,4.267
-71.079822,42.359374,4.267
-71.079970,42.359221,4.267
-71.080251,42.359239,4.267
-71.079519,42.362498,4.267
-71.079747,42.362543,4.267
-71.079992,42.362585,4.267
-71.080162,42.362512,4.267
-71.080408,42.362525,4.267
-71.080587,42.362553,4.267
-71.080603,42.362552,4.267
-71.080696,42.362660,4.267
-71.081072,42.356107,4.267
-71.080976,42.356056,4.267
-71.080733,42.356100,4.267
-71.080478,42.356054,4.267
-71.080417,42.356134,4.267
-71.080563,42.356244,4.267
-71.081048,42.356169,4.267
-71.081522,42.358310,4.267
-71.081158,42.358436,4.267
-71.080976,42.358337,4.267
-71.081024,42.358232,4.267
-71.081425,42.358174,4.267
-71.081556,42.358276,4.267
-71.083793,42.359131,4.267
-71.083671,42.359079,4.267
-71.083234,42.359246,4.267
-71.083209,42.359383,4.267
-71.083391,42.359431,4.267
-71.084417,42.355341,4.267
-71.084352,42.355341,4.267
-71.084411,42.355353,4.267
-71.086227,42.355026,4.267
-71.086099,42.355062,4.267
-71.086196,42.355080,4.267
-71.086641,42.355161,4.267
-71.086633,42.355165,4.267
-71.087363,42.358366,4.267
-71.087167,42.358328,4.267
-71.086475,42.358544,4.267
-71.086232,42.358529,4.267
-71.085917,42.358623,4.267
-71.085650,42.358566,4.267
-71.085346,42.358534,4.267
-71.085188,42.358551,4.267
-71.085130,42.358456,4.267
-71.085273,42.358365,4.267
-71.085447,42.358177,4.267
-71.085104,42.357835,4.267
-71.084763,42.357457,4.267
-71.084533,42.357237,4.267
-71.084411,42.357186,4.267
-71.084168,42.357232,4.267
-71.084035,42.357208,4.267
-71.083671,42.356954,4.267
-71.083476,42.356945,4.267
-71.083379,42.357087,4.267
-71.083003,42.357073,4.267
-71.082712,42.356997,4.267
-71.082420,42.356890,4.267
-71.082141,42.356788,4.267
-71.081425,42.356977,4.267
-71.080648,42.357220,4.267
-71.080301,42.357394,4.267
-71.080068,42.357682,4.267
-71.080198,42.358006,4.267
-71.080107,42.358096,4.267
-71.080170,42.358375,4.267
-71.080162,42.358705,4.267
-71.079944,42.358379,4.267
-71.079494,42.358143,4.267
-71.079313,42.358015,4.267
-71.078972,42.357793,4.267
-71.078790,42.357755,4.267
-71.078520,42.357952,4.267
-71.078468,42.358150,4.267
-71.078528,42.358546,4.267
-71.078450,42.358576,4.267
-71.078208,42.358573,4.267
-71.078098,42.358672,4.267
-71.078135,42.358949,4.267
-71.078438,42.358911,4.267
-71.078790,42.358795,4.267
-71.078963,42.358816,4.267
-71.078778,42.359037,4.267
-71.078397,42.359257,4.267
-71.078184,42.359446,4.267
-71.078040,42.359672,4.267
-71.078147,42.359730,4.267
-71.078414,42.359735,4.267
-71.078636,42.359545,4.267
-71.078573,42.359374,4.267
-71.078620,42.359289,4.267
-71.078827,42.359211,4.267
-71.078889,42.359338,4.267
-71.078851,42.359536,4.267
-71.078626,42.359771,4.267
-71.078487,42.360005,4.267
-71.078637,42.360005,4.267
-71.078572,42.360107,4.267
-71.078526,42.360203,4.267
-71.078717,42.360239,4.267
-71.078851,42.360130,4.267
-71.079070,42.360057,4.267
-71.079268,42.359924,4.267
-71.079531,42.359773,4.267
-71.079895,42.359759,4.267
-71.079938,42.359834,4.267
-71.079822,42.360145,4.267
-71.079604,42.360225,4.267
-71.079540,42.360347,4.267
-71.079349,42.360422,4.267
-71.079057,42.360470,4.267
-71.078669,42.360613,4.267
-71.078414,42.360560,4.267
-71.078001,42.360548,4.267
-71.077587,42.360491,4.267
-71.077406,42.360583,4.267
-71.076976,42.360554,4.267
-71.076739,42.360413,4.267
-71.076454,42.360356,4.267
-71.076519,42.360158,4.267
-71.076556,42.359928,4.267
-71.076423,42.359958,4.267
-71.076065,42.360401,4.267
-71.075919,42.360680,4.267
-71.076435,42.360854,4.267
-71.076981,42.360922,4.267
-71.077250,42.360968,4.267
-71.077212,42.361082,4.267
-71.075743,42.362027,4.267
-71.076471,42.362175,4.267
-71.077042,42.362193,4.267
-71.077455,42.362201,4.267
-71.077649,42.362136,4.267
-71.077787,42.362228,4.267
-71.076663,42.361382,4.267
-71.076496,42.361317,4.267
-71.076144,42.361261,4.267
-71.075962,42.361231,4.267
-71.088453,42.357304,4.267
-71.088345,42.357215,4.267
-71.088235,42.357337,4.267
-71.088041,42.357399,4.267
-71.087811,42.357514,4.267
-71.087529,42.357646,4.267
-71.087774,42.357873,4.267
-71.087956,42.357917,4.267
-71.088109,42.357790,4.267
-71.088333,42.357697,4.267
-71.088391,42.357601,4.267
-71.088441,42.357376,4.267
-71.091004,42.353934,4.267
-71.091016,42.353902,4.267
-71.092243,42.355323,4.267
-71.092145,42.355275,4.267
-71.092107,42.355152,4.267
-71.092181,42.355123,4.267
-71.092243,42.355323,4.267
-71.092509,42.355806,4.267
-71.092316,42.355719,4.267
-71.092315,42.355562,4.267
-71.092573,42.355692,4.267
-71.094242,42.355251,4.267
-71.094099,42.355206,4.267
-71.094196,42.355276,4.267
-71.094922,42.353856,4.267
-71.094864,42.353781,4.267
-71.094743,42.353801,4.267
-71.094737,42.353856,4.267
-71.094913,42.353881,4.267
-71.094913,42.355451,4.267
-71.094777,42.355503,4.267
-71.094852,42.355548,4.267
-71.095975,42.351875,4.267
-71.095762,42.352118,4.267
-71.095471,42.352258,4.267
-71.095131,42.352193,4.267
-71.094767,42.352124,4.267
-71.094548,42.352150,4.267
-71.094148,42.352226,4.267
-71.093857,42.352199,4.267
-71.093864,42.351830,4.267
-71.094184,42.351757,4.267
-71.094633,42.351666,4.267
-71.095095,42.351794,4.267
-71.095629,42.351840,4.267
-71.095973,42.351857,4.267
-71.097389,42.355083,4.267
-71.097632,42.355035,4.267
-71.098410,42.354810,4.267
-71.098457,42.354711,4.267
-71.098288,42.354511,4.267
-71.098177,42.354513,4.267
-71.097972,42.354629,4.267
-71.097741,42.354601,4.267
-71.097571,42.354634,4.267
-71.097365,42.354531,4.267
-71.096977,42.354608,4.267
-71.096467,42.354874,4.267
-71.096248,42.354763,4.267
-71.096248,42.354614,4.267
-71.096527,42.354395,4.267
-71.096770,42.354178,4.267
-71.097037,42.354205,4.267
-71.097389,42.353986,4.267
-71.097763,42.353847,4.267
-71.097854,42.353694,4.267
-71.098130,42.353621,4.267
-71.098470,42.353693,4.267
-71.098749,42.353819,4.267
-71.098964,42.353730,4.267
-71.099141,42.353523,4.267
-71.099186,42.353370,4.267
-71.099453,42.353416,4.267
-71.099696,42.353330,4.267
-71.100058,42.353127,4.267
-71.100257,42.352866,4.267
-71.100279,42.352704,4.267
-71.100643,42.352683,4.267
-71.101141,42.352607,4.267
-71.101282,42.352461,4.267
-71.101271,42.352172,4.267
-71.100874,42.352013,4.267
-71.100352,42.351950,4.267
-71.099611,42.351837,4.267
-71.099162,42.351705,4.267
-71.098701,42.351618,4.267
-71.098203,42.351457,4.267
-71.097948,42.351533,4.267
-71.097890,42.351686,4.267
-71.098064,42.351983,4.267
-71.097987,42.352316,4.267
-71.097785,42.352370,4.267
-71.097851,42.352485,4.267
-71.097917,42.352659,4.267
-71.097499,42.352841,4.267
-71.096782,42.353022,4.267
-71.096090,42.353007,4.267
-71.095653,42.352936,4.267
-71.095030,42.353028,4.267
-71.094716,42.353136,4.267
-71.094676,42.353334,4.267
-71.094575,42.353586,4.267
-71.094634,42.353811,4.267
-71.094602,42.353919,4.267
-71.094651,42.354081,4.267
-71.094467,42.354297,4.267
-71.094373,42.354603,4.267
-71.094325,42.354738,4.267
-71.093941,42.354900,4.267
-71.093931,42.355170,4.267
-71.093306,42.355413,4.267
-71.092982,42.355623,4.267
-71.092800,42.355595,4.267
-71.092630,42.355768,4.267
-71.092468,42.355917,4.267
-71.092314,42.356089,4.267
-71.092624,42.356476,4.267
-71.092752,42.356614,4.267
-71.092915,42.356476,4.267
-71.093286,42.356136,4.267
-71.093796,42.356054,4.267
-71.094099,42.356096,4.267
-71.094876,42.355936,4.267
-71.095508,42.355749,4.267
-71.095903,42.355620,4.267
-71.095997,42.355485,4.267
-71.095665,42.355415,4.267
-71.095131,42.355444,4.267
-71.095023,42.355413,4.267
-71.095273,42.355260,4.267
-71.095344,42.355071,4.267
-71.095495,42.355043,4.267
-71.095708,42.355170,4.267
-71.095835,42.355347,4.267
-71.096030,42.355313,4.267
-71.096281,42.355251,4.267
-71.096600,42.355147,4.267
-71.096791,42.355044,4.267
-71.087871,42.358288,4.267
-71.088013,42.358204,4.267
-71.088405,42.357976,4.267
-71.088697,42.357979,4.267
-71.089277,42.357745,4.267
-71.089428,42.357547,4.267
-71.089692,42.357465,4.267
-71.089972,42.357347,4.267
-71.090445,42.357220,4.267
-71.090894,42.357089,4.267
-71.091441,42.356932,4.267
-71.091720,42.356800,4.267
-71.091803,42.356566,4.267
-71.091574,42.356219,4.267
-71.091347,42.356053,4.267
-71.091388,42.355854,4.267
-71.091209,42.355656,4.267
-71.091068,42.355242,4.267
-71.090688,42.355089,4.267
-71.090569,42.354936,4.267
-71.090644,42.354810,4.267
-71.090908,42.354738,4.267
-71.090846,42.354497,4.267
-71.090797,42.354369,4.267
-71.090967,42.354353,4.267
-71.091465,42.354297,4.267
-71.091817,42.354292,4.267
-71.092278,42.354460,4.267
-71.092752,42.354458,4.267
-71.093080,42.354345,4.267
-71.093132,42.354225,4.267
-71.092812,42.354171,4.267
-71.092181,42.354074,4.267
-71.091780,42.354090,4.267
-71.091343,42.354028,4.267
-71.090870,42.354156,4.267
-71.090518,42.354364,4.267
-71.089498,42.354525,4.267
-71.089191,42.354657,4.267
-71.088964,42.354932,4.267
-71.088673,42.354978,4.267
-71.088265,42.355161,4.267
-71.088050,42.355134,4.267
-71.087823,42.354945,4.267
-71.087713,42.354927,4.267
-71.087549,42.355071,4.267
-71.087410,42.355133,4.267
-71.087204,42.355109,4.267
-71.086975,42.355044,4.267
-71.086735,42.355062,4.267
-71.086674,42.354909,4.267
-71.086700,42.354801,4.267
-71.087119,42.354655,4.267
-71.087349,42.354622,4.267
-71.087883,42.354424,4.267
-71.088284,42.354318,4.267
-71.088588,42.354337,4.267
-71.088770,42.354338,4.267
-71.088872,42.354198,4.267
-71.089219,42.354139,4.267
-71.089516,42.354018,4.267
-71.089658,42.353775,4.267
-71.089396,42.353388,4.267
-71.089632,42.353325,4.267
-71.089617,42.353127,4.267
-71.089328,42.352932,4.267
-71.088879,42.352819,4.267
-71.088722,42.352893,4.267
-71.088466,42.353113,4.267
-71.088322,42.353280,4.267
-71.088053,42.353532,4.267
-71.087786,42.353667,4.267
-71.087531,42.353761,4.267
-71.087507,42.353686,4.267
-71.087589,42.353568,4.267
-71.087422,42.353347,4.267
-71.087252,42.353296,4.267
-71.086937,42.353496,4.267
-71.086524,42.353546,4.267
-71.086111,42.353531,4.267
-71.085980,42.353613,4.267
-71.085490,42.354099,4.267
-71.085399,42.354378,4.267
-71.085249,42.354397,4.267
-71.085142,42.354450,4.267
-71.085006,42.354619,4.267
-71.084496,42.354761,4.267
-71.084108,42.354920,4.267
-71.083258,42.355278,4.267
-71.082699,42.355368,4.267
-71.081971,42.355524,4.267
-71.081619,42.355533,4.267
-71.081328,42.355490,4.267
-71.080806,42.355466,4.267
-71.080444,42.355521,4.267
-71.080410,42.355728,4.267
-71.080211,42.355812,4.267
-71.079908,42.355845,4.267
-71.079873,42.355719,4.267
-71.079774,42.355689,4.267
-71.079131,42.355809,4.267
-71.078414,42.355970,4.267
-71.077928,42.356164,4.267
-71.076969,42.356343,4.267
-71.076411,42.356622,4.267
-71.075901,42.356874,4.267
-71.075843,42.357133,4.267
-71.075801,42.357385,4.267
-71.075609,42.357443,4.267
-71.075571,42.357574,4.267
-71.075540,42.358006,4.267
-71.075415,42.358222,4.267
-71.075324,42.358519,4.267
-71.075337,42.358798,4.267
-71.075160,42.359165,4.267
-71.074978,42.359435,4.267
-71.074796,42.359440,4.267
-71.074637,42.359545,4.267
-71.074617,42.359726,4.267
-71.074454,42.359915,4.267
-71.074156,42.360086,4.267
-71.074126,42.360392,4.267
-71.073958,42.360866,4.267
-71.073767,42.361067,4.267
-71.110088,42.352455,4.267
-71.109930,42.352538,4.267
-71.109613,42.352425,4.267
-71.109858,42.352336,4.267
-71.110173,42.352352,4.267
-71.062387,42.368125,3.962
-71.062504,42.368116,3.962
-71.062571,42.369143,3.962
-71.062996,42.369272,3.962
-71.063263,42.369256,3.962
-71.063466,42.369322,3.962
-71.064185,42.369276,3.962
-71.065254,42.368706,3.962
-71.065448,42.368740,3.962
-71.065642,42.368674,3.962
-71.065534,42.368485,3.962
-71.065812,42.368400,3.962
-71.066310,42.368281,3.962
-71.066711,42.368111,3.962
-71.067208,42.367967,3.962
-71.067500,42.367799,3.962
-71.067997,42.367646,3.962
-71.068265,42.367567,3.962
-71.068557,42.367333,3.962
-71.068467,42.368404,3.962
-71.066274,42.369094,3.962
-71.066917,42.369173,3.962
-71.067305,42.369111,3.962
-71.069466,42.368327,3.962
-71.069685,42.368451,3.962
-71.071000,42.366973,3.962
-71.070869,42.366729,3.962
-71.070960,42.366527,3.962
-71.070807,42.366378,3.962
-71.070450,42.366279,3.962
-71.069212,42.367609,3.962
-71.069609,42.367783,3.962
-71.070061,42.368024,3.962
-71.070450,42.368200,3.962
-71.070634,42.368350,3.962
-71.070838,42.368409,3.962
-71.071114,42.368593,3.962
-71.070238,42.365649,3.962
-71.070535,42.365318,3.962
-71.071105,42.365094,3.962
-71.071523,42.364947,3.962
-71.071615,42.364924,3.962
-71.071652,42.364933,3.962
-71.071822,42.364882,3.962
-71.072247,42.364674,3.962
-71.072427,42.364569,3.962
-71.072453,42.364551,3.962
-71.072550,42.364460,3.962
-71.072650,42.364398,3.962
-71.072817,42.364145,3.962
-71.072963,42.364048,3.962
-71.073040,42.363786,3.962
-71.073259,42.363264,3.962
-71.073250,42.362867,3.962
-71.073287,42.362624,3.962
-71.072975,42.368039,3.962
-71.073266,42.368084,3.962
-71.073315,42.368044,3.962
-71.073376,42.367210,3.962
-71.073186,42.367477,3.962
-71.073558,42.368197,3.962
-71.073388,42.368222,3.962
-71.073346,42.368107,3.962
-71.073503,42.368143,3.962
-71.073169,42.362400,3.962
-71.073594,42.362290,3.962
-71.073750,42.362120,3.962
-71.073634,42.361607,3.962
-71.074432,42.358429,3.962
-71.074274,42.358375,3.962
-71.074229,42.358177,3.962
-71.074359,42.358105,3.962
-71.074473,42.358168,3.962
-71.074942,42.361888,3.962
-71.074905,42.361817,3.962
-71.074857,42.361889,3.962
-71.074942,42.361888,3.962
-71.077541,42.363074,3.962
-71.077116,42.363390,3.962
-71.076720,42.363732,3.962
-71.076510,42.364011,3.962
-71.076090,42.364425,3.962
-71.075968,42.364587,3.962
-71.075379,42.364788,3.962
-71.074979,42.365100,3.962
-71.074787,42.365343,3.962
-71.074608,42.365442,3.962
-71.074449,42.365766,3.962
-71.078341,42.358659,3.962
-71.078184,42.358681,3.962
-71.078135,42.358822,3.962
-71.078269,42.358816,3.962
-71.079057,42.359119,3.962
-71.079021,42.358978,3.962
-71.078898,42.359032,3.962
-71.078924,42.359119,3.962
-71.079057,42.359119,3.962
-71.079117,42.358537,3.962
-71.079257,42.358042,3.962
-71.078936,42.357813,3.962
-71.078790,42.357816,3.962
-71.078567,42.358168,3.962
-71.078669,42.358327,3.962
-71.078960,42.358350,3.962
-71.079104,42.358303,3.962
-71.079247,42.358123,3.962
-71.079688,42.359050,3.962
-71.079519,42.358905,3.962
-71.079457,42.358942,3.962
-71.079640,42.359083,3.962
-71.079870,42.359203,3.962
-71.079749,42.359103,3.962
-71.079677,42.359237,3.962
-71.079494,42.359202,3.962
-71.079265,42.359365,3.962
-71.079258,42.359554,3.962
-71.079282,42.359717,3.962
-71.079409,42.359710,3.962
-71.079604,42.359672,3.962
-71.079737,42.359679,3.962
-71.079709,42.359410,3.962
-71.079823,42.359266,3.962
-71.079888,42.358438,3.962
-71.079786,42.358380,3.962
-71.079794,42.358483,3.962
-71.079871,42.358494,3.962
-71.079960,42.358780,3.962
-71.079749,42.358641,3.962
-71.079543,42.358514,3.962
-71.079324,42.358510,3.962
-71.079373,42.358764,3.962
-71.079652,42.358798,3.962
-71.079834,42.358901,3.962
-71.080101,42.359107,3.962
-71.080065,42.359046,3.962
-71.080039,42.359122,3.962
-71.080393,42.355660,3.962
-71.080332,42.355587,3.962
-71.080177,42.355674,3.962
-71.079982,42.355800,3.962
-71.080186,42.355779,3.962
-71.080393,42.355660,3.962
-71.081015,42.356089,3.962
-71.080806,42.356117,3.962
-71.080538,42.356094,3.962
-71.080500,42.356152,3.962
-71.080599,42.356199,3.962
-71.080988,42.356166,3.962
-71.081608,42.358321,3.962
-71.081322,42.358456,3.962
-71.081024,42.358519,3.962
-71.080934,42.358591,3.962
-71.080866,42.358594,3.962
-71.080840,42.358357,3.962
-71.080976,42.358199,3.962
-71.081303,42.358102,3.962
-71.081485,42.358133,3.962
-71.081608,42.358321,3.962
-71.081812,42.360041,3.962
-71.081668,42.360085,3.962
-71.081388,42.360026,3.962
-71.081024,42.360109,3.962
-71.080993,42.360059,3.962
-71.081558,42.359763,3.962
-71.081762,42.359735,3.962
-71.081851,42.359960,3.962
-71.085006,42.358550,3.962
-71.084933,42.358534,3.962
-71.084683,42.358645,3.962
-71.084622,42.358834,3.962
-71.084724,42.358789,3.962
-71.084970,42.358686,3.962
-71.077159,42.361418,3.962
-71.077248,42.361175,3.962
-71.077371,42.361103,3.962
-71.077321,42.360943,3.962
-71.076872,42.360865,3.962
-71.076350,42.360788,3.962
-71.076034,42.360644,3.962
-71.075988,42.360527,3.962
-71.076300,42.360104,3.962
-71.076546,42.359951,3.962
-71.076494,42.360158,3.962
-71.076411,42.360360,3.962
-71.076714,42.360450,3.962
-71.076969,42.360578,3.962
-71.077406,42.360608,3.962
-71.077649,42.360539,3.962
-71.078038,42.360575,3.962
-71.078305,42.360613,3.962
-71.078547,42.360589,3.962
-71.078948,42.360567,3.962
-71.079361,42.360449,3.962
-71.079625,42.360302,3.962
-71.079786,42.360252,3.962
-71.079872,42.360158,3.962
-71.079981,42.359699,3.962
-71.080110,42.359455,3.962
-71.080344,42.359334,3.962
-71.080537,42.359338,3.962
-71.080732,42.359104,3.962
-71.080733,42.359014,3.962
-71.080490,42.359074,3.962
-71.080386,42.359032,3.962
-71.080458,42.358915,3.962
-71.080293,42.358564,3.962
-71.080344,42.358435,3.962
-71.080302,42.358294,3.962
-71.080364,42.358150,3.962
-71.080344,42.358033,3.962
-71.080190,42.357880,3.962
-71.080142,42.357592,3.962
-71.080542,42.357277,3.962
-71.081449,42.357012,3.962
-71.082141,42.356820,3.962
-71.082567,42.357034,3.962
-71.082869,42.357114,3.962
-71.083234,42.357099,3.962
-71.083501,42.357255,3.962
-71.083914,42.357340,3.962
-71.084302,42.357621,3.962
-71.084484,42.357576,3.962
-71.084873,42.357646,3.962
-71.085006,42.357747,3.962
-71.085262,42.358150,3.962
-71.085213,42.358264,3.962
-71.085070,42.358339,3.962
-71.084945,42.358446,3.962
-71.084751,42.358393,3.962
-71.084496,42.358534,3.962
-71.084301,42.358654,3.962
-71.083945,42.358888,3.962
-71.083416,42.359131,3.962
-71.083096,42.359284,3.962
-71.083039,42.359437,3.962
-71.083066,42.359636,3.962
-71.083161,42.359681,3.962
-71.076132,42.361321,3.962
-71.076496,42.361379,3.962
-71.077916,42.362228,3.962
-71.077722,42.362086,3.962
-71.077528,42.362123,3.962
-71.077285,42.362048,3.962
-71.077146,42.362111,3.962
-71.076981,42.362162,3.962
-71.076544,42.362098,3.962
-71.076245,42.361985,3.962
-71.076110,42.361949,3.962
-71.076179,42.361868,3.962
-71.076071,42.361814,3.962
-71.083914,42.359242,3.962
-71.084071,42.359183,3.962
-71.084338,42.359250,3.962
-71.084751,42.359138,3.962
-71.087289,42.358451,3.962
-71.086669,42.358546,3.962
-71.086062,42.358727,3.962
-71.085006,42.359078,3.962
-71.084970,42.359083,3.962
-71.085091,42.359031,3.962
-71.085067,42.359034,3.962
-71.088602,42.354468,3.962
-71.088466,42.354355,3.962
-71.088187,42.354350,3.962
-71.087713,42.354516,3.962
-71.087289,42.354648,3.962
-71.086924,42.354762,3.962
-71.086700,42.354846,3.962
-71.086936,42.354990,3.962
-71.087325,42.355019,3.962
-71.087616,42.354874,3.962
-71.088248,42.354735,3.962
-71.088578,42.354729,3.962
-71.093456,42.355239,3.962
-71.093359,42.355172,3.962
-71.092946,42.354875,3.962
-71.092703,42.354773,3.962
-71.092467,42.354873,3.962
-71.092551,42.355098,3.962
-71.092483,42.355287,3.962
-71.092546,42.355485,3.962
-71.092764,42.355502,3.962
-71.093128,42.355486,3.962
-71.087896,42.358302,3.962
-71.088027,42.358240,3.962
-71.088503,42.358076,3.962
-71.088860,42.357988,3.962
-71.089340,42.357808,3.962
-71.090008,42.357515,3.962
-71.090457,42.357386,3.962
-71.090919,42.357181,3.962
-71.091562,42.356971,3.962
-71.091901,42.356746,3.962
-71.091841,42.356485,3.962
-71.091626,42.356080,3.962
-71.091339,42.355647,3.962
-71.091137,42.355106,3.962
-71.090882,42.354974,3.962
-71.090955,42.354876,3.962
-71.090929,42.354603,3.962
-71.090937,42.354459,3.962
-71.091441,42.354337,3.962
-71.091623,42.354358,3.962
-71.091870,42.354558,3.962
-71.092064,42.355008,3.962
-71.092046,42.355197,3.962
-71.092224,42.355503,3.962
-71.092254,42.355701,3.962
-71.092422,42.355872,3.962
-71.092296,42.356007,3.962
-71.092424,42.356332,3.962
-71.092635,42.356638,3.962
-71.092740,42.356665,3.962
-71.093152,42.356489,3.962
-71.093360,42.356395,3.962
-71.093347,42.356228,3.962
-71.093553,42.356215,3.962
-71.093704,42.356233,3.962
-71.093522,42.356341,3.962
-71.093633,42.356341,3.962
-71.094306,42.356089,3.962
-71.094888,42.355967,3.962
-71.095702,42.355728,3.962
-71.096115,42.355561,3.962
-71.096331,42.351902,3.962
-71.095953,42.352082,3.962
-71.095610,42.352262,3.962
-71.095164,42.352226,3.962
-71.094888,42.352197,3.962
-71.094670,42.352160,3.962
-71.094026,42.352302,3.962
-71.093780,42.352253,3.962
-71.093734,42.351830,3.962
-71.093954,42.351708,3.962
-71.094281,42.351651,3.962
-71.094658,42.351560,3.962
-71.095143,42.351763,3.962
-71.095641,42.351798,3.962
-71.096148,42.351794,3.962
-71.098045,42.354407,3.962
-71.097924,42.354173,3.962
-71.097669,42.354069,3.962
-71.097365,42.354117,3.962
-71.096794,42.354332,3.962
-71.096471,42.354549,3.962
-71.096346,42.354675,3.962
-71.096455,42.354784,3.962
-71.096712,42.354675,3.962
-71.097232,42.354489,3.962
-71.097584,42.354509,3.962
-71.097948,42.354498,3.962
-71.098035,42.354441,3.962
-71.099966,42.354027,3.962
-71.099805,42.354059,3.962
-71.099673,42.353982,3.962
-71.099745,42.353898,3.962
-71.100036,42.353885,3.962
-71.100066,42.353928,3.962
-71.097456,42.355107,3.962
-71.098263,42.354868,3.962
-71.098487,42.354801,3.962
-71.098444,42.354540,3.962
-71.098433,42.354324,3.962
-71.098340,42.354045,3.962
-71.098433,42.353916,3.962
-71.098749,42.353933,3.962
-71.099177,42.353739,3.962
-71.099320,42.353648,3.962
-71.099514,42.353731,3.962
-71.100400,42.353396,3.962
-71.100669,42.353289,3.962
-71.100810,42.353127,3.962
-71.100922,42.352819,3.962
-71.101214,42.352681,3.962
-71.101420,42.352382,3.962
-71.101480,42.352244,3.962
-71.101204,42.352064,3.962
-71.100764,42.351914,3.962
-71.100012,42.351836,3.962
-71.099150,42.351679,3.962
-71.098725,42.351592,3.962
-71.098178,42.351415,3.962
-71.098021,42.351441,3.962
-71.097803,42.351650,3.962
-71.097847,42.352028,3.962
-71.097659,42.352343,3.962
-71.097735,42.352578,3.962
-71.097698,42.352686,3.962
-71.097004,42.352929,3.962
-71.096187,42.352970,3.962
-71.095702,42.352905,3.962
-71.095131,42.352966,3.962
-71.094731,42.353081,3.962
-71.094548,42.353304,3.962
-71.094063,42.353613,3.962
-71.093055,42.353958,3.962
-71.092545,42.354026,3.962
-71.091768,42.353950,3.962
-71.091526,42.353979,3.962
-71.091198,42.353851,3.962
-71.090955,42.353797,3.962
-71.090603,42.354010,3.962
-71.090275,42.354224,3.962
-71.089668,42.354371,3.962
-71.089521,42.354342,3.962
-71.089686,42.354054,3.962
-71.089704,42.353775,3.962
-71.089708,42.353532,3.962
-71.089693,42.353298,3.962
-71.089549,42.353019,3.962
-71.088830,42.352581,3.962
-71.088539,42.352677,3.962
-71.088405,42.352967,3.962
-71.088222,42.353118,3.962
-71.088197,42.353370,3.962
-71.087934,42.353586,3.962
-71.087678,42.353649,3.962
-71.087594,42.353451,3.962
-71.087313,42.353206,3.962
-71.087034,42.353351,3.962
-71.086864,42.353510,3.962
-71.086329,42.353506,3.962
-71.086014,42.353548,3.962
-71.085843,42.353802,3.962
-71.085516,42.354054,3.962
-71.085415,42.354315,3.962
-71.085334,42.354396,3.962
-71.085176,42.354393,3.962
-71.084994,42.354607,3.962
-71.084494,42.354747,3.962
-71.083661,42.355143,3.962
-71.082894,42.355301,3.962
-71.082372,42.355275,3.962
-71.081716,42.355407,3.962
-71.081000,42.355445,3.962
-71.080514,42.355460,3.962
-71.079689,42.355656,3.962
-71.078754,42.355894,3.962
-71.078341,42.355974,3.962
-71.077722,42.356198,3.962
-71.076836,42.356368,3.962
-71.076406,42.356611,3.962
-71.075962,42.356806,3.962
-71.075780,42.357016,3.962
-71.075803,42.357313,3.962
-71.075719,42.357399,3.962
-71.075522,42.357421,3.962
-71.075522,42.357583,3.962
-71.075440,42.358031,3.962
-71.075323,42.358384,3.962
-71.075301,42.358645,3.962
-71.075270,42.358843,3.962
-71.075084,42.359104,3.962
-71.074965,42.359248,3.962
-71.074723,42.359447,3.962
-71.074561,42.359726,3.962
-71.074201,42.359982,3.962
-71.073965,42.360176,3.962
-71.073912,42.360536,3.962
-71.073740,42.360851,3.962
-71.073625,42.361049,3.962
-71.110354,42.352397,3.962
-71.110040,42.352583,3.962
-71.109554,42.352520,3.962
-71.109400,42.352379,3.962
-71.109845,42.352294,3.962
-71.110355,42.352267,3.962
-71.110421,42.352352,3.962
-71.110574,42.352817,3.962
-71.062546,42.369192,3.353
-71.062943,42.369295,3.353
-71.063105,42.369340,3.353
-71.063311,42.369297,3.353
-71.063421,42.369371,3.353
-71.065980,42.368287,3.353
-71.066516,42.368199,3.353
-71.066966,42.367960,3.353
-71.067305,42.367908,3.353
-71.067542,42.367738,3.353
-71.068119,42.367603,3.353
-71.068436,42.367342,3.353
-71.068427,42.368476,3.353
-71.066237,42.369148,3.353
-71.066929,42.369207,3.353
-71.069466,42.368353,3.353
-71.069663,42.368476,3.353
-71.070807,42.366738,3.353
-71.070915,42.366594,3.353
-71.070814,42.366419,3.353
-71.070556,42.368197,3.353
-71.070875,42.368382,3.353
-71.069220,42.367549,3.353
-71.069619,42.367738,3.353
-71.070086,42.367985,3.353
-71.071215,42.368558,3.353
-71.070183,42.365610,3.353
-71.070330,42.365451,3.353
-71.070705,42.365100,3.353
-71.071033,42.365045,3.353
-71.071093,42.365051,3.353
-71.071251,42.365043,3.353
-71.071360,42.364976,3.353
-71.073194,42.362642,3.353
-71.073060,42.363265,3.353
-71.073198,42.363155,3.353
-71.073121,42.363003,3.353
-71.073454,42.367243,3.353
-71.073302,42.367531,3.353
-71.073242,42.362062,3.353
-71.073400,42.362080,3.353
-71.073484,42.361904,3.353
-71.073524,42.361643,3.353
-71.073412,42.360995,3.353
-71.073470,42.360833,3.353
-71.073519,42.360635,3.353
-71.073315,42.360483,3.353
-71.073460,42.367999,3.353
-71.073606,42.368332,3.353
-71.073741,42.368305,3.353
-71.073850,42.358528,3.353
-71.073776,42.358594,3.353
-71.073674,42.358528,3.353
-71.073691,42.358452,3.353
-71.073788,42.358444,3.353
-71.074556,42.358501,3.353
-71.074456,42.358543,3.353
-71.074181,42.358375,3.353
-71.074195,42.358114,3.353
-71.074347,42.358049,3.353
-71.074531,42.358132,3.353
-71.074564,42.358456,3.353
-71.075937,42.364672,3.353
-71.075525,42.364846,3.353
-71.075198,42.365073,3.353
-71.074964,42.365352,3.353
-71.074699,42.365501,3.353
-71.074519,42.365739,3.353
-71.076508,42.361837,3.353
-71.076474,42.361796,3.353
-71.076921,42.362045,3.353
-71.077018,42.362033,3.353
-71.077346,42.363275,3.353
-71.076969,42.363629,3.353
-71.076654,42.363881,3.353
-71.076192,42.364407,3.353
-71.081959,42.359906,3.353
-71.081813,42.360176,3.353
-71.081376,42.360378,3.353
-71.080866,42.360407,3.353
-71.080818,42.360230,3.353
-71.080987,42.359969,3.353
-71.081764,42.359572,3.353
-71.081874,42.359606,3.353
-71.081959,42.359906,3.353
-71.077399,42.361346,3.353
-71.077503,42.361148,3.353
-71.077431,42.360953,3.353
-71.077236,42.360849,3.353
-71.076714,42.360755,3.353
-71.076350,42.360692,3.353
-71.076127,42.360491,3.353
-71.076350,42.360107,3.353
-71.076447,42.360047,3.353
-71.076440,42.360158,3.353
-71.076324,42.360365,3.353
-71.076532,42.360480,3.353
-71.076848,42.360552,3.353
-71.077054,42.360635,3.353
-71.077491,42.360657,3.353
-71.077819,42.360575,3.353
-71.078183,42.360654,3.353
-71.078487,42.360617,3.353
-71.078717,42.360683,3.353
-71.079142,42.360517,3.353
-71.079626,42.360419,3.353
-71.079823,42.360302,3.353
-71.079935,42.360212,3.353
-71.080041,42.359879,3.353
-71.080089,42.359563,3.353
-71.080296,42.359401,3.353
-71.080551,42.359404,3.353
-71.080792,42.359167,3.353
-71.080854,42.358905,3.353
-71.080738,42.358762,3.353
-71.080951,42.358716,3.353
-71.081170,42.358728,3.353
-71.081498,42.358435,3.353
-71.081691,42.358321,3.353
-71.081565,42.358114,3.353
-71.081437,42.357960,3.353
-71.081230,42.357985,3.353
-71.080963,42.357886,3.353
-71.080850,42.358069,3.353
-71.080818,42.358115,3.353
-71.080538,42.358087,3.353
-71.080308,42.357894,3.353
-71.080178,42.357655,3.353
-71.080429,42.357390,3.353
-71.080915,42.357204,3.353
-71.082092,42.356893,3.353
-71.082481,42.357118,3.353
-71.083149,42.357143,3.353
-71.083276,42.357196,3.353
-71.083598,42.357559,3.353
-71.084056,42.357871,3.353
-71.084387,42.357975,3.353
-71.084613,42.358159,3.353
-71.084604,42.358411,3.353
-71.084326,42.358521,3.353
-71.083404,42.359083,3.353
-71.083052,42.359222,3.353
-71.082889,42.359527,3.353
-71.082979,42.359706,3.353
-71.083234,42.359753,3.353
-71.077916,42.362155,3.353
-71.077819,42.361967,3.353
-71.077710,42.361911,3.353
-71.077524,42.361985,3.353
-71.077428,42.361967,3.353
-71.084047,42.359302,3.353
-71.084290,42.359338,3.353
-71.084824,42.359208,3.353
-71.085152,42.359126,3.353
-71.085043,42.359144,3.353
-71.085783,42.358920,3.353
-71.086354,42.358789,3.353
-71.087264,42.358543,3.353
-71.088437,42.354450,3.353
-71.088284,42.354382,3.353
-71.088029,42.354480,3.353
-71.087738,42.354555,3.353
-71.087337,42.354681,3.353
-71.087130,42.354702,3.353
-71.086845,42.354837,3.353
-71.086973,42.354908,3.353
-71.087289,42.354848,3.353
-71.088088,42.354585,3.353
-71.088430,42.354470,3.353
-71.093886,42.352920,3.353
-71.093888,42.352866,3.353
-71.093943,42.352911,3.353
-71.096102,42.355637,3.353
-71.095520,42.355825,3.353
-71.094718,42.356082,3.353
-71.094391,42.356117,3.353
-71.094156,42.356242,3.353
-71.092837,42.356696,3.353
-71.092606,42.356705,3.353
-71.092392,42.356359,3.353
-71.092224,42.356044,3.353
-71.092317,42.355917,3.353
-71.092184,42.355701,3.353
-71.091979,42.355206,3.353
-71.091992,42.355017,3.353
-71.091774,42.354594,3.353
-71.091549,42.354423,3.353
-71.091065,42.354486,3.353
-71.090999,42.354594,3.353
-71.091387,42.355377,3.353
-71.091761,42.356116,3.353
-71.092063,42.356773,3.353
-71.091780,42.356964,3.353
-71.091271,42.357165,3.353
-71.090554,42.357457,3.353
-71.090069,42.357587,3.353
-71.089377,42.357865,3.353
-71.088648,42.358135,3.353
-71.088248,42.358206,3.353
-71.105274,42.352289,3.353
-71.105050,42.352359,3.353
-71.104661,42.352334,3.353
-71.104427,42.352253,3.353
-71.104856,42.352214,3.353
-71.105196,42.352218,3.353
-71.108198,42.352388,3.353
-71.108024,42.352477,3.353
-71.107575,42.352553,3.353
-71.107543,42.352623,3.353
-71.107756,42.352776,3.353
-71.107502,42.352837,3.353
-71.106871,42.352788,3.353
-71.106389,42.352740,3.353
-71.106251,42.352632,3.353
-71.106325,42.352545,3.353
-71.106410,42.352417,3.353
-71.106248,42.352298,3.353
-71.106592,42.352265,3.353
-71.107077,42.352234,3.353
-71.107709,42.352226,3.353
-71.108109,42.352279,3.353
-71.108195,42.352325,3.353
-71.073558,42.360069,3.353
-71.073639,42.359996,3.353
-71.073910,42.360035,3.353
-71.074310,42.359873,3.353
-71.074531,42.359608,3.353
-71.074835,42.359302,3.353
-71.074991,42.359032,3.353
-71.075100,42.358845,3.353
-71.075190,42.358690,3.353
-71.075192,42.358474,3.353
-71.075252,42.358249,3.353
-71.075270,42.357817,3.353
-71.075406,42.357592,3.353
-71.075427,42.357363,3.353
-71.075622,42.357267,3.353
-71.075714,42.357043,3.353
-71.075860,42.356836,3.353
-71.076289,42.356639,3.353
-71.076520,42.356463,3.353
-71.077115,42.356280,3.353
-71.077770,42.356158,3.353
-71.078402,42.355918,3.353
-71.079179,42.355731,3.353
-71.080138,42.355504,3.353
-71.080648,42.355427,3.353
-71.081413,42.355212,3.353
-71.082165,42.355060,3.353
-71.082469,42.355064,3.353
-71.082967,42.355217,3.353
-71.083648,42.355107,3.353
-71.084205,42.354793,3.353
-71.084885,42.354614,3.353
-71.085016,42.354477,3.353
-71.085152,42.354361,3.353
-71.085322,42.354351,3.353
-71.085407,42.354144,3.353
-71.085589,42.353976,3.353
-71.085852,42.353703,3.353
-71.086026,42.353488,3.353
-71.086378,42.353461,3.353
-71.086812,42.353496,3.353
-71.086971,42.353343,3.353
-71.087138,42.353181,3.353
-71.087217,42.352974,3.353
-71.087459,42.352992,3.353
-71.087591,42.353307,3.353
-71.087757,42.353541,3.353
-71.087871,42.353562,3.353
-71.088077,42.353424,3.353
-71.088101,42.353190,3.353
-71.088005,42.352758,3.353
-71.088428,42.352605,3.353
-71.088879,42.352532,3.353
-71.089292,42.352766,3.353
-71.089675,42.353064,3.353
-71.089824,42.353424,3.353
-71.089804,42.353667,3.353
-71.089843,42.353973,3.353
-71.089862,42.354128,3.353
-71.090530,42.353883,3.353
-71.090858,42.353717,3.353
-71.091283,42.353750,3.353
-71.091987,42.353637,3.353
-71.092266,42.353670,3.353
-71.093019,42.353779,3.353
-71.093724,42.353523,3.353
-71.094221,42.353193,3.353
-71.094840,42.352966,3.353
-71.095410,42.352889,3.353
-71.096212,42.352829,3.353
-71.096831,42.352769,3.353
-71.097134,42.352663,3.353
-71.097365,42.352488,3.353
-71.097322,42.352325,3.353
-71.096952,42.352279,3.353
-71.096455,42.352310,3.353
-71.096066,42.352263,3.353
-71.095520,42.352326,3.353
-71.095253,42.352321,3.353
-71.095010,42.352238,3.353
-71.094597,42.352268,3.353
-71.093820,42.352361,3.353
-71.093716,42.352289,3.353
-71.093645,42.351830,3.353
-71.093941,42.351642,3.353
-71.094245,42.351576,3.353
-71.094755,42.351412,3.353
-71.094913,42.351456,3.353
-71.095131,42.351678,3.353
-71.095568,42.351739,3.353
-71.096102,42.351711,3.353
-71.096370,42.351783,3.353
-71.096521,42.351731,3.353
-71.096564,42.351578,3.353
-71.096843,42.351591,3.353
-71.097147,42.351557,3.353
-71.097232,42.351618,3.353
-71.097211,42.351758,3.353
-71.097089,42.351875,3.353
-71.097147,42.351987,3.353
-71.097365,42.352035,3.353
-71.097519,42.351956,3.353
-71.097474,42.351857,3.353
-71.097596,42.351741,3.353
-71.097749,42.351443,3.353
-71.097960,42.351380,3.353
-71.098385,42.351449,3.353
-71.098968,42.351584,3.353
-71.099611,42.351778,3.353
-71.100558,42.351846,3.353
-71.101140,42.351965,3.353
-71.101626,42.351976,3.353
-71.102355,42.352021,3.353
-71.102768,42.352118,3.353
-71.102840,42.352203,3.353
-71.102750,42.352298,3.353
-71.102962,42.352462,3.353
-71.103095,42.352632,3.353
-71.102981,42.352839,3.353
-71.102403,42.353045,3.353
-71.102190,42.353172,3.353
-71.102191,42.353388,3.353
-71.101796,42.353646,3.353
-71.101141,42.353789,3.353
-71.100607,42.353941,3.353
-71.100182,42.354112,3.353
-71.099565,42.354396,3.353
-71.098798,42.354636,3.353
-71.098470,42.354888,3.353
-71.098348,42.354907,3.353
-71.097813,42.355062,3.353
-71.073740,42.359292,3.353
-71.073983,42.359214,3.353
-71.074096,42.359266,3.353
-71.074019,42.359436,3.353
-71.073813,42.359564,3.353
-71.110524,42.352614,3.353
-71.110543,42.352461,3.353
-71.110428,42.352441,3.353
-71.110167,42.352560,3.353
-71.110233,42.352812,3.353
-71.110040,42.352797,3.353
-71.109785,42.352745,3.353
-71.109202,42.352456,3.353
-71.108825,42.352370,3.353
-71.108819,42.352325,3.353
-71.109433,42.352285,3.353
-71.110112,42.352240,3.353
-71.110589,42.352918,3.353
-71.110448,42.352857,3.353
-71.110673,42.352253,3.353
-71.110675,42.352280,3.353
-71.062499,42.369286,3.048
-71.062729,42.369229,3.048
-71.062889,42.369295,3.048
-71.063141,42.369369,3.048
-71.063263,42.369317,3.048
-71.063376,42.369367,3.048
-71.065727,42.368353,3.048
-71.066431,42.368207,3.048
-71.066953,42.367951,3.048
-71.067293,42.367895,3.048
-71.067536,42.367724,3.048
-71.068143,42.367572,3.048
-71.068471,42.367270,3.048
-71.068507,42.368427,3.048
-71.066638,42.369209,3.048
-71.066929,42.369223,3.048
-71.069524,42.368386,3.048
-71.070741,42.366803,3.048
-71.070784,42.366711,3.048
-71.070802,42.366680,3.048
-71.070889,42.366513,3.048
-71.070717,42.366401,3.048
-71.070183,42.365588,3.048
-71.070431,42.365271,3.048
-71.070705,42.365040,3.048
-71.070875,42.365043,3.048
-71.070583,42.368179,3.048
-71.070863,42.368350,3.048
-71.070268,42.368053,3.048
-71.069648,42.367729,3.048
-71.069988,42.367927,3.048
-71.069272,42.367553,3.048
-71.071160,42.365019,3.048
-71.071251,42.365018,3.048
-71.073084,42.363208,3.048
-71.073142,42.363128,3.048
-71.073096,42.363070,3.048
-71.073327,42.361961,3.048
-71.073390,42.361796,3.048
-71.073359,42.361589,3.048
-71.073351,42.360885,3.048
-71.073458,42.360635,3.048
-71.073303,42.360507,3.048
-71.073594,42.368349,3.048
-71.073795,42.368305,3.048
-71.073813,42.366916,3.048
-71.073861,42.366933,3.048
-71.073879,42.367018,3.048
-71.073837,42.367081,3.048
-71.073606,42.367172,3.048
-71.073519,42.367378,3.048
-71.075925,42.364709,3.048
-71.075581,42.364884,3.048
-71.075271,42.365073,3.048
-71.074961,42.365424,3.048
-71.074683,42.365550,3.048
-71.074565,42.365746,3.048
-71.076386,42.360129,3.048
-71.076314,42.360234,3.048
-71.076399,42.360150,3.048
-71.077228,42.363381,3.048
-71.076961,42.363669,3.048
-71.076672,42.363903,3.048
-71.076232,42.364416,3.048
-71.081996,42.360032,3.048
-71.081838,42.360201,3.048
-71.081534,42.360395,3.048
-71.081182,42.360455,3.048
-71.080903,42.360482,3.048
-71.080748,42.360410,3.048
-71.080841,42.360050,3.048
-71.081230,42.359810,3.048
-71.081777,42.359537,3.048
-71.081913,42.359608,3.048
-71.082006,42.359834,3.048
-71.077513,42.361454,3.048
-71.077462,42.361292,3.048
-71.077533,42.361049,3.048
-71.077358,42.360847,3.048
-71.076896,42.360784,3.048
-71.076556,42.360714,3.048
-71.076229,42.360526,3.048
-71.076211,42.360419,3.048
-71.076386,42.360468,3.048
-71.076835,42.360572,3.048
-71.077188,42.360644,3.048
-71.077613,42.360662,3.048
-71.078001,42.360623,3.048
-71.078293,42.360675,3.048
-71.078535,42.360649,3.048
-71.078815,42.360691,3.048
-71.079165,42.360536,3.048
-71.079646,42.360437,3.048
-71.079919,42.360286,3.048
-71.079999,42.359978,3.048
-71.080120,42.359563,3.048
-71.080296,42.359426,3.048
-71.080563,42.359426,3.048
-71.080830,42.359167,3.048
-71.080915,42.358942,3.048
-71.080803,42.358789,3.048
-71.080891,42.358734,3.048
-71.081109,42.358793,3.048
-71.081267,42.358664,3.048
-71.081677,42.358384,3.048
-71.081722,42.358276,3.048
-71.081498,42.357952,3.048
-71.081230,42.357923,3.048
-71.080936,42.357853,3.048
-71.080745,42.358047,3.048
-71.080587,42.358030,3.048
-71.080332,42.357871,3.048
-71.080211,42.357673,3.048
-71.080349,42.357484,3.048
-71.080642,42.357313,3.048
-71.081267,42.357172,3.048
-71.082068,42.356946,3.048
-71.082287,42.357018,3.048
-71.082809,42.357240,3.048
-71.083183,42.357178,3.048
-71.083361,42.357376,3.048
-71.083952,42.357880,3.048
-71.084387,42.358015,3.048
-71.084552,42.358159,3.048
-71.084572,42.358402,3.048
-71.084304,42.358501,3.048
-71.083901,42.358803,3.048
-71.083197,42.359114,3.048
-71.082927,42.359302,3.048
-71.082864,42.359572,3.048
-71.083039,42.359775,3.048
-71.083331,42.359746,3.048
-71.077758,42.361534,3.048
-71.077862,42.361472,3.048
-71.077783,42.361425,3.048
-71.078038,42.362147,3.048
-71.077869,42.362048,3.048
-71.077795,42.361877,3.048
-71.084108,42.359327,3.048
-71.084326,42.359383,3.048
-71.084508,42.359337,3.048
-71.085176,42.359168,3.048
-71.085205,42.359167,3.048
-71.085091,42.359176,3.048
-71.085868,42.358970,3.048
-71.086354,42.358832,3.048
-71.087216,42.358582,3.048
-71.091963,42.356090,3.048
-71.091880,42.356053,3.048
-71.092009,42.356026,3.048
-71.096045,42.355701,3.048
-71.095750,42.355779,3.048
-71.095107,42.355978,3.048
-71.094488,42.356122,3.048
-71.094184,42.356260,3.048
-71.092861,42.356716,3.048
-71.092582,42.356720,3.048
-71.092358,42.356350,3.048
-71.092176,42.356044,3.048
-71.092272,42.355881,3.048
-71.092122,42.355530,3.048
-71.091964,42.355062,3.048
-71.091801,42.354729,3.048
-71.091578,42.354522,3.048
-71.091416,42.354432,3.048
-71.091040,42.354558,3.048
-71.091131,42.354792,3.048
-71.091319,42.355172,3.048
-71.091522,42.355485,3.048
-71.091671,42.355820,3.048
-71.091839,42.356053,3.048
-71.092107,42.356737,3.048
-71.092060,42.356866,3.048
-71.091655,42.357079,3.048
-71.090955,42.357308,3.048
-71.090409,42.357514,3.048
-71.089935,42.357692,3.048
-71.089255,42.357926,3.048
-71.088478,42.358172,3.048
-71.088016,42.358330,3.048
-71.098214,42.354945,3.048
-71.097562,42.355179,3.048
-71.073592,42.359807,3.048
-71.073873,42.360002,3.048
-71.074056,42.359990,3.048
-71.074554,42.359536,3.048
-71.074898,42.359122,3.048
-71.075029,42.358834,3.048
-71.075039,42.358735,3.048
-71.075149,42.358519,3.048
-71.075209,42.357925,3.048
-71.075303,42.357727,3.048
-71.075296,42.357493,3.048
-71.075362,42.357358,3.048
-71.075749,42.356926,3.048
-71.076132,42.356662,3.048
-71.076427,42.356548,3.048
-71.076945,42.356298,3.048
-71.077673,42.356166,3.048
-71.078172,42.356017,3.048
-71.078560,42.355863,3.048
-71.079409,42.355677,3.048
-71.080332,42.355418,3.048
-71.080721,42.355402,3.048
-71.081024,42.355259,3.048
-71.081801,42.355044,3.048
-71.082542,42.354999,3.048
-71.083088,42.355185,3.048
-71.083631,42.355080,3.048
-71.083859,42.354954,3.048
-71.084278,42.354744,3.048
-71.084766,42.354621,3.048
-71.084990,42.354450,3.048
-71.085188,42.354327,3.048
-71.085342,42.354315,3.048
-71.085415,42.354072,3.048
-71.085759,42.353833,3.048
-71.085941,42.353527,3.048
-71.086123,42.353425,3.048
-71.086496,42.353478,3.048
-71.086779,42.353486,3.048
-71.086944,42.353334,3.048
-71.087092,42.353010,3.048
-71.087276,42.352926,3.048
-71.087543,42.352996,3.048
-71.087653,42.353307,3.048
-71.087835,42.353502,3.048
-71.088017,42.353439,3.048
-71.088085,42.353289,3.048
-71.087940,42.352803,3.048
-71.088005,42.352719,3.048
-71.088478,42.352564,3.048
-71.088976,42.352534,3.048
-71.089365,42.352779,3.048
-71.089701,42.353055,3.048
-71.089865,42.353415,3.048
-71.089862,42.353685,3.048
-71.089902,42.353973,3.048
-71.089911,42.354051,3.048
-71.090506,42.353838,3.048
-71.090809,42.353671,3.048
-71.091283,42.353688,3.048
-71.092169,42.353505,3.048
-71.092388,42.353510,3.048
-71.092958,42.353642,3.048
-71.093421,42.353532,3.048
-71.093749,42.353208,3.048
-71.093662,42.353099,3.048
-71.093572,42.352929,3.048
-71.093735,42.352717,3.048
-71.093966,42.352692,3.048
-71.094104,42.352902,3.048
-71.094281,42.353035,3.048
-71.094682,42.352955,3.048
-71.095071,42.352858,3.048
-71.096005,42.352784,3.048
-71.096673,42.352693,3.048
-71.096887,42.352686,3.048
-71.097195,42.352527,3.048
-71.097299,42.352388,3.048
-71.096952,42.352327,3.048
-71.096442,42.352349,3.048
-71.096212,42.352350,3.048
-71.095896,42.352291,3.048
-71.095253,42.352344,3.048
-71.094864,42.352287,3.048
-71.094464,42.352308,3.048
-71.093929,42.352392,3.048
-71.093723,42.352357,3.048
-71.093600,42.352073,3.048
-71.093633,42.351767,3.048
-71.094051,42.351621,3.048
-71.094415,42.351512,3.048
-71.094791,42.351369,3.048
-71.094998,42.351454,3.048
-71.095156,42.351647,3.048
-71.095568,42.351716,3.048
-71.096017,42.351691,3.048
-71.096321,42.351752,3.048
-71.096461,42.351731,3.048
-71.096492,42.351569,3.048
-71.096612,42.351488,3.048
-71.096879,42.351443,3.048
-71.097377,42.351294,3.048
-71.097455,42.351443,3.048
-71.097499,42.351648,3.048
-71.097620,42.351599,3.048
-71.097734,42.351389,3.048
-71.097960,42.351351,3.048
-71.098397,42.351427,3.048
-71.098773,42.351523,3.048
-71.099344,42.351687,3.048
-71.100012,42.351759,3.048
-71.100801,42.351837,3.048
-71.101201,42.351935,3.048
-71.102003,42.351928,3.048
-71.103107,42.352001,3.048
-71.104176,42.352061,3.048
-71.105378,42.352074,3.048
-71.106252,42.352139,3.048
-71.107344,42.352143,3.048
-71.107939,42.352207,3.048
-71.108301,42.352271,3.048
-71.108334,42.352388,3.048
-71.108142,42.352605,3.048
-71.108061,42.352785,3.048
-71.107900,42.352875,3.048
-71.107490,42.352872,3.048
-71.106689,42.352838,3.048
-71.106118,42.352808,3.048
-71.105645,42.352728,3.048
-71.105256,42.352803,3.048
-71.104176,42.352862,3.048
-71.103532,42.352934,3.048
-71.103277,42.353048,3.048
-71.103047,42.353247,3.048
-71.102245,42.353539,3.048
-71.101566,42.353759,3.048
-71.101165,42.353826,3.048
-71.100607,42.353985,3.048
-71.100194,42.354145,3.048
-71.099766,42.354351,3.048
-71.098822,42.354666,3.048
-71.098515,42.354891,3.048
-71.073679,42.359197,3.048
-71.073751,42.359131,3.048
-71.073570,42.359056,3.048
-71.073561,42.358906,3.048
-71.073648,42.358744,3.048
-71.073614,42.358555,3.048
-71.073631,42.358434,3.048
-71.073837,42.358367,3.048
-71.073974,42.358411,3.048
-71.074092,42.358602,3.048
-71.074306,42.358609,3.048
-71.074085,42.358384,3.048
-71.074131,42.358114,3.048
-71.074298,42.358016,3.048
-71.074534,42.358069,3.048
-71.074603,42.358258,3.048
-71.074553,42.358612,3.048
-71.074480,42.358698,3.048
-71.074371,42.358986,3.048
-71.074194,42.359248,3.048
-71.073946,42.359540,3.048
-71.110516,42.352686,3.048
-71.110458,42.352506,3.048
-71.110258,42.352522,3.048
-71.110263,42.352677,3.048
-71.110296,42.352875,3.048
-71.110040,42.352826,3.048
-71.109643,42.352785,3.048
-71.109226,42.352523,3.048
-71.108667,42.352388,3.048
-71.108664,42.352316,3.048
-71.108935,42.352276,3.048
-71.109554,42.352257,3.048
-71.110112,42.352224,3.048
-71.110234,42.352186,3.048
-71.110428,42.352893,3.048
-71.110490,42.352740,3.048
-71.062804,42.369313,2.438
-71.062692,42.369276,2.438
-71.065448,42.368336,2.438
-71.065832,42.368278,2.438
-71.065958,42.368223,2.438
-71.066043,42.368223,2.438
-71.066164,42.368212,2.438
-71.066613,42.368107,2.438
-71.067002,42.367911,2.438
-71.067440,42.367738,2.438
-71.067937,42.367578,2.438
-71.068289,42.367412,2.438
-71.068350,42.367288,2.438
-71.068507,42.368456,2.438
-71.066856,42.369249,2.438
-71.069454,42.368396,2.438
-71.069614,42.368494,2.438
-71.070194,42.365469,2.438
-71.070231,42.365326,2.438
-71.070413,42.365150,2.438
-71.070765,42.366598,2.438
-71.070833,42.366549,2.438
-71.070717,42.366446,2.438
-71.073271,42.361823,2.438
-71.073298,42.361688,2.438
-71.073206,42.360829,2.438
-71.073357,42.360734,2.438
-71.073351,42.360588,2.438
-71.073412,42.358522,2.438
-71.073438,42.358519,2.438
-71.073449,42.358506,2.438
-71.073639,42.358294,2.438
-71.073606,42.358237,2.438
-71.073788,42.368388,2.438
-71.074001,42.368404,2.438
-71.073811,42.368242,2.438
-71.075670,42.365015,2.438
-71.075367,42.365264,2.438
-71.075263,42.365406,2.438
-71.075235,42.365541,2.438
-71.075057,42.365568,2.438
-71.074917,42.365527,2.438
-71.074705,42.365604,2.438
-71.074614,42.365732,2.438
-71.074808,42.365766,2.438
-71.074981,42.365721,2.438
-71.075039,42.365814,2.438
-71.076909,42.363759,2.438
-71.076705,42.363984,2.438
-71.077115,42.363615,2.438
-71.077285,42.363396,2.438
-71.077126,42.363597,2.438
-71.077989,42.362051,2.438
-71.078025,42.361939,2.438
-71.078183,42.361260,2.438
-71.078076,42.361193,2.438
-71.078135,42.361039,2.438
-71.078244,42.361053,2.438
-71.084168,42.359527,2.438
-71.084193,42.359454,2.438
-71.080838,42.360581,2.438
-71.080654,42.360464,2.438
-71.080626,42.360374,2.438
-71.080737,42.360140,2.438
-71.080855,42.359951,2.438
-71.081728,42.359491,2.438
-71.081886,42.359476,2.438
-71.082019,42.359690,2.438
-71.082076,42.359915,2.438
-71.082040,42.360149,2.438
-71.081739,42.360311,2.438
-71.081570,42.360508,2.438
-71.083526,42.359762,2.438
-71.083440,42.359776,2.438
-71.083124,42.359903,2.438
-71.082889,42.359780,2.438
-71.082781,42.359536,2.438
-71.082893,42.359239,2.438
-71.083331,42.359026,2.438
-71.083896,42.358735,2.438
-71.084168,42.358545,2.438
-71.084302,42.358431,2.438
-71.084524,42.358348,2.438
-71.084410,42.358123,2.438
-71.084217,42.358101,2.438
-71.083804,42.357953,2.438
-71.083707,42.357966,2.438
-71.083343,42.357776,2.438
-71.082812,42.357691,2.438
-71.082548,42.357556,2.438
-71.082481,42.357425,2.438
-71.082352,42.357412,2.438
-71.082080,42.357532,2.438
-71.081922,42.357531,2.438
-71.081801,42.357461,2.438
-71.081805,42.357376,2.438
-71.081855,42.357286,2.438
-71.081546,42.357297,2.438
-71.081243,42.357289,2.438
-71.080886,42.357313,2.438
-71.080587,42.357461,2.438
-71.080350,42.357664,2.438
-71.080563,42.357854,2.438
-71.080733,42.357944,2.438
-71.080866,42.357746,2.438
-71.081073,42.357779,2.438
-71.081510,42.357830,2.438
-71.081681,42.358033,2.438
-71.081838,42.358285,2.438
-71.081793,42.358384,2.438
-71.081507,42.358519,2.438
-71.081133,42.358850,2.438
-71.080993,42.358897,2.438
-71.080899,42.359194,2.438
-71.080623,42.359460,2.438
-71.080356,42.359477,2.438
-71.080215,42.359536,2.438
-71.080178,42.359861,2.438
-71.080078,42.360014,2.438
-71.080018,42.360293,2.438
-71.079774,42.360409,2.438
-71.079543,42.360533,2.438
-71.079130,42.360609,2.438
-71.078778,42.360747,2.438
-71.078402,42.360759,2.438
-71.077992,42.360689,2.438
-71.077770,42.360663,2.438
-71.077531,42.360770,2.438
-71.077601,42.360851,2.438
-71.077645,42.361058,2.438
-71.077564,42.361326,2.438
-71.077807,42.361323,2.438
-71.078316,42.361418,2.438
-71.086827,42.353297,2.438
-71.086609,42.353397,2.438
-71.086791,42.353433,2.438
-71.085188,42.359254,2.438
-71.085410,42.359185,2.438
-71.086014,42.359006,2.438
-71.086609,42.358797,2.438
-71.087361,42.358623,2.438
-71.073813,42.358024,2.438
-71.073954,42.357889,2.438
-71.074273,42.357736,2.438
-71.074444,42.357516,2.438
-71.074565,42.357526,2.438
-71.074647,42.357718,2.438
-71.074602,42.357916,2.438
-71.074688,42.358204,2.438
-71.074683,42.358573,2.438
-71.074698,42.358744,2.438
-71.074498,42.358915,2.438
-71.074007,42.359552,2.438
-71.073750,42.359852,2.438
-71.073861,42.359957,2.438
-71.074031,42.359968,2.438
-71.074525,42.359527,2.438
-71.074958,42.358852,2.438
-71.074940,42.358699,2.438
-71.075167,42.358339,2.438
-71.075170,42.357835,2.438
-71.075182,42.357394,2.438
-71.075403,42.357223,2.438
-71.075747,42.356881,2.438
-71.076156,42.356613,2.438
-71.076405,42.356530,2.438
-71.076581,42.356381,2.438
-71.077491,42.356163,2.438
-71.078086,42.356029,2.438
-71.078378,42.355884,2.438
-71.078997,42.355741,2.438
-71.079798,42.355527,2.438
-71.080441,42.355370,2.438
-71.080745,42.355346,2.438
-71.081498,42.355093,2.438
-71.082347,42.354912,2.438
-71.082602,42.354829,2.438
-71.082857,42.354945,2.438
-71.083124,42.354987,2.438
-71.083598,42.354779,2.438
-71.083803,42.354621,2.438
-71.084096,42.354608,2.438
-71.084533,42.354586,2.438
-71.084848,42.354489,2.438
-71.085189,42.354252,2.438
-71.085337,42.354045,2.438
-71.085552,42.353921,2.438
-71.085754,42.353703,2.438
-71.085967,42.353397,2.438
-71.086026,42.353274,2.438
-71.086534,42.353154,2.438
-71.086791,42.353129,2.438
-71.086991,42.352974,2.438
-71.087301,42.352872,2.438
-71.087543,42.352934,2.438
-71.087657,42.353145,2.438
-71.087835,42.353392,2.438
-71.087956,42.353395,2.438
-71.088027,42.353280,2.438
-71.087866,42.352785,2.438
-71.087912,42.352695,2.438
-71.088066,42.358351,2.438
-71.088463,42.358231,2.438
-71.092800,42.356818,2.438
-71.092655,42.356791,2.438
-71.092506,42.356728,2.438
-71.092218,42.356291,2.438
-71.092128,42.356359,2.438
-71.092188,42.356593,2.438
-71.092224,42.356782,2.438
-71.092084,42.356946,2.438
-71.091708,42.357121,2.438
-71.091319,42.357237,2.438
-71.090834,42.357440,2.438
-71.090627,42.357544,2.438
-71.090372,42.357615,2.438
-71.090166,42.357669,2.438
-71.089322,42.357952,2.438
-71.089046,42.358096,2.438
-71.095107,42.356025,2.438
-71.094439,42.356188,2.438
-71.093485,42.356530,2.438
-71.095726,42.355851,2.438
-71.095491,42.355926,2.438
-71.096078,42.352429,2.438
-71.095702,42.352421,2.438
-71.095180,42.352387,2.438
-71.095034,42.352323,2.438
-71.094990,42.352470,2.438
-71.095010,42.352686,2.438
-71.094706,42.352673,2.438
-71.094527,42.352542,2.438
-71.094464,42.352393,2.438
-71.094222,42.352425,2.438
-71.094136,42.352488,2.438
-71.094306,42.352839,2.438
-71.094488,42.352875,2.438
-71.094840,42.352811,2.438
-71.095580,42.352702,2.438
-71.096102,42.352569,2.438
-71.107721,42.352953,2.438
-71.107575,42.352937,2.438
-71.106652,42.352920,2.438
-71.105111,42.352965,2.438
-71.103957,42.353127,2.438
-71.103605,42.353213,2.438
-71.103447,42.353315,2.438
-71.102889,42.353440,2.438
-71.102148,42.353684,2.438
-71.101566,42.353840,2.438
-71.101080,42.353969,2.438
-71.100375,42.354153,2.438
-71.100050,42.354270,2.438
-71.099380,42.354540,2.438
-71.098664,42.354808,2.438
-71.088484,42.352497,2.438
-71.088685,42.352473,2.438
-71.089042,42.352497,2.438
-71.089418,42.352713,2.438
-71.089527,42.352884,2.438
-71.089837,42.353091,2.438
-71.089972,42.353268,2.438
-71.090433,42.353254,2.438
-71.090731,42.353388,2.438
-71.090877,42.353370,2.438
-71.090834,42.353226,2.438
-71.090943,42.353208,2.438
-71.091343,42.353421,2.438
-71.091799,42.353442,2.438
-71.092436,42.353235,2.438
-71.092941,42.353001,2.438
-71.093230,42.352884,2.438
-71.093347,42.352587,2.438
-71.093589,42.352452,2.438
-71.093604,42.352271,2.438
-71.093520,42.351929,2.438
-71.093371,42.351908,2.438
-71.093116,42.351905,2.438
-71.092837,42.351814,2.438
-71.092818,42.351740,2.438
-71.093007,42.351720,2.438
-71.093359,42.351683,2.438
-71.093565,42.351597,2.438
-71.093820,42.351524,2.438
-71.094281,42.351402,2.438
-71.094755,42.351287,2.438
-71.095112,42.351308,2.438
-71.095157,42.351488,2.438
-71.095228,42.351572,2.438
-71.095617,42.351679,2.438
-71.096212,42.351647,2.438
-71.096394,42.351685,2.438
-71.096410,42.351524,2.438
-71.096552,42.351303,2.438
-71.096689,42.351335,2.438
-71.096964,42.351232,2.438
-71.097547,42.351230,2.438
-71.097656,42.351304,2.438
-71.097960,42.351298,2.438
-71.098409,42.351371,2.438
-71.098822,42.351491,2.438
-71.099635,42.351716,2.438
-71.100291,42.351769,2.438
-71.101201,42.351871,2.438
-71.101906,42.351829,2.438
-71.102816,42.351677,2.438
-71.103157,42.351650,2.438
-71.103545,42.351679,2.438
-71.103848,42.351675,2.438
-71.104176,42.351763,2.438
-71.104661,42.351765,2.438
-71.105378,42.351765,2.438
-71.105851,42.351852,2.438
-71.106191,42.351839,2.438
-71.106592,42.351820,2.438
-71.107150,42.351894,2.438
-71.107672,42.352076,2.438
-71.108231,42.352180,2.438
-71.108935,42.352239,2.438
-71.109640,42.352208,2.438
-71.109858,42.352159,2.438
-71.110149,42.352175,2.438
-71.110404,42.352932,2.438
-71.110027,42.352872,2.438
-71.109651,42.352868,2.438
-71.109359,42.352848,2.438
-71.108996,42.352631,2.438
-71.108474,42.352577,2.438
-71.108323,42.352650,2.438
-71.108322,42.352785,2.438
-71.108449,42.352851,2.438
-71.108835,42.352857,2.438
-71.108859,42.352902,2.438
-71.108522,42.352889,2.438
-71.108182,42.352937,2.438
-71.062704,42.369307,2.134
-71.065536,42.368305,2.134
-71.065764,42.368287,2.134
-71.066043,42.368188,2.134
-71.066274,42.368184,2.134
-71.066618,42.368089,2.134
-71.066953,42.367910,2.134
-71.067488,42.367681,2.134
-71.068119,42.367514,2.134
-71.068313,42.367323,2.134
-71.067014,42.369278,2.134
-71.066978,42.369277,2.134
-71.069503,42.368430,2.134
-71.073194,42.361807,2.134
-71.073240,42.361697,2.134
-71.073230,42.360788,2.134
-71.073339,42.360626,2.134
-71.073242,42.360563,2.134
-71.073546,42.358345,2.134
-71.073533,42.358326,2.134
-71.073560,42.358321,2.134
-71.073905,42.368287,2.134
-71.074063,42.368395,2.134
-71.074043,42.368453,2.134
-71.073679,42.368395,2.134
-71.073752,42.357944,2.134
-71.074158,42.357781,2.134
-71.074254,42.357619,2.134
-71.074274,42.357503,2.134
-71.074286,42.357500,2.134
-71.074833,42.365591,2.134
-71.074703,42.365685,2.134
-71.074773,42.365694,2.134
-71.075731,42.365084,2.134
-71.075466,42.365280,2.134
-71.075385,42.365370,2.134
-71.075930,42.369241,2.134
-71.075597,42.369146,2.134
-71.075648,42.369025,2.134
-71.075779,42.368983,2.134
-71.075808,42.369106,2.134
-71.077006,42.363744,2.134
-71.076756,42.363948,2.134
-71.080696,42.360517,2.134
-71.080532,42.360428,2.134
-71.080523,42.360338,2.134
-71.080669,42.360158,2.134
-71.080514,42.360108,2.134
-71.080369,42.360175,2.134
-71.080290,42.360185,2.134
-71.080369,42.360211,2.134
-71.080461,42.360311,2.134
-71.080332,42.360311,2.134
-71.080004,42.360412,2.134
-71.079749,42.360553,2.134
-71.079276,42.360603,2.134
-71.079057,42.360700,2.134
-71.078690,42.360824,2.134
-71.078390,42.361106,2.134
-71.078279,42.361319,2.134
-71.082092,42.360352,2.134
-71.081765,42.360347,2.134
-71.081682,42.360446,2.134
-71.082260,42.359969,2.134
-71.082214,42.359910,2.134
-71.082226,42.359988,2.134
-71.082906,42.359099,2.134
-71.082844,42.358978,2.134
-71.082659,42.358879,2.134
-71.082447,42.358645,2.134
-71.082190,42.358642,2.134
-71.081967,42.358501,2.134
-71.081740,42.358491,2.134
-71.081522,42.358584,2.134
-71.081320,42.358789,2.134
-71.081085,42.358921,2.134
-71.080854,42.359359,2.134
-71.080611,42.359531,2.134
-71.080344,42.359530,2.134
-71.080268,42.359599,2.134
-71.080296,42.359761,2.134
-71.080490,42.359738,2.134
-71.080702,42.359906,2.134
-71.080927,42.359829,2.134
-71.081428,42.359608,2.134
-71.081777,42.359425,2.134
-71.081971,42.359463,2.134
-71.082117,42.359667,2.134
-71.082287,42.359596,2.134
-71.082578,42.359578,2.134
-71.082693,42.359599,2.134
-71.082703,42.359383,2.134
-71.082845,42.359182,2.134
-71.083546,42.357997,2.134
-71.083464,42.357951,2.134
-71.083501,42.358027,2.134
-71.083962,42.359732,2.134
-71.083464,42.359861,2.134
-71.074298,42.357488,2.134
-71.074456,42.357396,2.134
-71.074664,42.357439,2.134
-71.074713,42.357700,2.134
-71.074728,42.358015,2.134
-71.074692,42.358492,2.134
-71.074745,42.358753,2.134
-71.074530,42.358915,2.134
-71.074031,42.359558,2.134
-71.073782,42.359771,2.134
-71.073814,42.359906,2.134
-71.073983,42.359965,2.134
-71.074388,42.359690,2.134
-71.074891,42.359014,2.134
-71.074846,42.358717,2.134
-71.075045,42.358618,2.134
-71.075158,42.358141,2.134
-71.075136,42.357394,2.134
-71.075367,42.357212,2.134
-71.075727,42.356881,2.134
-71.076001,42.356674,2.134
-71.076261,42.356584,2.134
-71.076462,42.356431,2.134
-71.077479,42.356154,2.134
-71.078159,42.355982,2.134
-71.078547,42.355827,2.134
-71.079179,42.355670,2.134
-71.080126,42.355434,2.134
-71.080636,42.355355,2.134
-71.081510,42.355069,2.134
-71.082360,42.354876,2.134
-71.082699,42.354803,2.134
-71.082918,42.354917,2.134
-71.083246,42.354864,2.134
-71.083488,42.354639,2.134
-71.083792,42.354526,2.134
-71.084266,42.354442,2.134
-71.084533,42.354482,2.134
-71.084727,42.354375,2.134
-71.084983,42.354135,2.134
-71.085237,42.353818,2.134
-71.085540,42.353646,2.134
-71.085686,42.353654,2.134
-71.085817,42.353460,2.134
-71.085735,42.353403,2.134
-71.085577,42.353497,2.134
-71.085485,42.353496,2.134
-71.085540,42.353363,2.134
-71.086244,42.353131,2.134
-71.086499,42.353102,2.134
-71.086718,42.353019,2.134
-71.086883,42.352947,2.134
-71.085467,42.359246,2.134
-71.086196,42.358966,2.134
-71.087009,42.358726,2.134
-71.087131,42.358724,2.134
-71.087228,42.358690,2.134
-71.086997,42.352899,2.134
-71.087337,42.352847,2.134
-71.087614,42.352947,2.134
-71.087695,42.353172,2.134
-71.087883,42.353369,2.134
-71.087989,42.353307,2.134
-71.087890,42.352893,2.134
-71.088219,42.358321,2.134
-71.088454,42.358280,2.134
-71.089413,42.357961,2.134
-71.089261,42.358024,2.134
-71.089946,42.357790,2.134
-71.092557,42.356793,2.134
-71.092303,42.356786,2.134
-71.092035,42.357016,2.134
-71.091647,42.357192,2.134
-71.091052,42.357358,2.134
-71.088882,42.352425,2.134
-71.089195,42.352486,2.134
-71.089448,42.352632,2.134
-71.089581,42.352857,2.134
-71.089749,42.352875,2.134
-71.089852,42.352758,2.134
-71.090057,42.352720,2.134
-71.090396,42.352760,2.134
-71.090651,42.352624,2.134
-71.090997,42.352803,2.134
-71.091331,42.352936,2.134
-71.091683,42.353034,2.134
-71.092181,42.353086,2.134
-71.092849,42.352883,2.134
-71.093113,42.352803,2.134
-71.093275,42.352479,2.134
-71.093529,42.352316,2.134
-71.093437,42.352028,2.134
-71.093128,42.352005,2.134
-71.092837,42.351950,2.134
-71.092733,42.351713,2.134
-71.094585,42.356211,2.134
-71.094394,42.356251,2.134
-71.094051,42.356402,2.134
-71.093772,42.356486,2.134
-71.093444,42.356573,2.134
-71.092934,42.351645,2.134
-71.093164,42.351694,2.134
-71.093444,42.351581,2.134
-71.093869,42.351435,2.134
-71.094346,42.351290,2.134
-71.094840,42.351255,2.134
-71.095251,42.351308,2.134
-71.095301,42.351444,2.134
-71.095629,42.351651,2.134
-71.096321,42.351625,2.134
-71.096379,42.351434,2.134
-71.096175,42.351317,2.134
-71.096163,42.351249,2.134
-71.096527,42.351181,2.134
-71.097098,42.351186,2.134
-71.097535,42.351182,2.134
-71.097584,42.351186,2.134
-71.097627,42.351182,2.134
-71.097644,42.351185,2.134
-71.097661,42.351191,2.134
-71.097693,42.351215,2.134
-71.098106,42.351267,2.134
-71.098652,42.351387,2.134
-71.099363,42.351623,2.134
-71.100012,42.351700,2.134
-71.100607,42.351779,2.134
-71.100777,42.351777,2.134
-71.101432,42.351837,2.134
-71.102513,42.351699,2.134
-71.103083,42.351607,2.134
-71.103727,42.351630,2.134
-71.104152,42.351645,2.134
-71.104661,42.351704,2.134
-71.105086,42.351720,2.134
-71.105317,42.351696,2.134
-71.105633,42.351701,2.134
-71.105820,42.351740,2.134
-71.106288,42.351760,2.134
-71.107603,42.353001,2.134
-71.107539,42.352970,2.134
-71.106640,42.352963,2.134
-71.105487,42.352995,2.134
-71.104455,42.353089,2.134
-71.103593,42.353267,2.134
-71.103435,42.353369,2.134
-71.102804,42.353502,2.134
-71.102161,42.353721,2.134
-71.101311,42.353910,2.134
-71.100558,42.354110,2.134
-71.100133,42.354256,2.134
-71.099393,42.354563,2.134
-71.098731,42.354801,2.134
-71.108306,42.353028,2.134
-71.108996,42.352975,2.134
-71.109190,42.353023,2.134
-71.109311,42.352982,2.134
-71.106489,42.351740,2.134
-71.106555,42.351767,2.134
-71.106895,42.351826,2.134
-71.107405,42.351931,2.134
-71.107988,42.352129,2.134
-71.108728,42.352230,2.134
-71.109433,42.352217,2.134
-71.109931,42.352136,2.134
-71.110088,42.352163,2.134
-71.110506,42.352965,2.134
-71.110307,42.352967,2.134
-71.110185,42.352959,2.134
-71.110027,42.352896,2.134
-71.109675,42.352893,2.134
-71.109423,42.352983,2.134
-71.066480,42.368126,1.524
-71.067026,42.367852,1.524
-71.067245,42.367802,1.524
-71.068010,42.367502,1.524
-71.068459,42.368648,1.524
-71.066941,42.369329,1.524
-71.069394,42.368456,1.524
-71.074869,42.358958,1.524
-71.074857,42.358825,1.524
-71.074723,42.358810,1.524
-71.074577,42.358924,1.524
-71.074062,42.359581,1.524
-71.073830,42.359807,1.524
-71.073886,42.359915,1.524
-71.074031,42.359922,1.524
-71.074725,42.359230,1.524
-71.074820,42.368985,1.524
-71.075228,42.369187,1.524
-71.074213,42.368522,1.524
-71.073946,42.368486,1.524
-71.074505,42.368811,1.524
-71.074505,42.368697,1.524
-71.074905,42.368839,1.524
-71.075355,42.369037,1.524
-71.076068,42.368845,1.524
-71.076204,42.369002,1.524
-71.076152,42.369187,1.524
-71.075956,42.369349,1.524
-71.075707,42.369281,1.524
-71.075549,42.369236,1.524
-71.081522,42.354026,1.524
-71.081692,42.354181,1.524
-71.081757,42.354387,1.524
-71.081595,42.354369,1.524
-71.074335,42.357310,1.524
-71.074723,42.357351,1.524
-71.074789,42.357817,1.524
-71.074745,42.358402,1.524
-71.074811,42.358618,1.524
-71.075002,42.358594,1.524
-71.075111,42.358168,1.524
-71.075128,42.357673,1.524
-71.075043,42.357340,1.524
-71.075283,42.357205,1.524
-71.075708,42.356854,1.524
-71.076132,42.356558,1.524
-71.076373,42.356485,1.524
-71.076556,42.356346,1.524
-71.077516,42.356119,1.524
-71.078062,42.355998,1.524
-71.078960,42.355707,1.524
-71.079798,42.355480,1.524
-71.080454,42.355320,1.524
-71.081498,42.355034,1.524
-71.082590,42.354761,1.524
-71.083549,42.354507,1.524
-71.084351,42.354331,1.524
-71.084824,42.354135,1.524
-71.085128,42.353821,1.524
-71.085369,42.353406,1.524
-71.085261,42.353293,1.524
-71.087511,42.352749,1.524
-71.087871,42.353151,1.524
-71.087787,42.353172,1.524
-71.087896,42.353229,1.524
-71.090615,42.352113,1.524
-71.090749,42.352129,1.524
-71.091343,42.352128,1.524
-71.092048,42.352031,1.524
-71.092244,42.351911,1.524
-71.093031,42.352417,1.524
-71.092837,42.352159,1.524
-71.092606,42.351966,1.524
-71.092472,42.352035,1.524
-71.092343,42.352154,1.524
-71.092245,42.352443,1.524
-71.092509,42.352660,1.524
-71.092764,42.352753,1.524
-71.092960,42.352641,1.524
-71.093031,42.352417,1.524
-71.093201,42.351625,1.524
-71.093371,42.351530,1.524
-71.093772,42.351385,1.524
-71.094148,42.351288,1.524
-71.094342,42.351142,1.524
-71.094779,42.351156,1.524
-71.094864,42.351177,1.524
-71.095022,42.351195,1.524
-71.095155,42.351191,1.524
-71.095156,42.351200,1.524
-71.095204,42.351201,1.524
-71.095260,42.351200,1.524
-71.095464,42.351200,1.524
-71.095508,42.351224,1.524
-71.095653,42.351201,1.524
-71.095799,42.351208,1.524
-71.095896,42.351198,1.524
-71.095979,42.351164,1.524
-71.096212,42.351119,1.524
-71.096236,42.351110,1.524
-71.096321,42.351124,1.524
-71.096420,42.351092,1.524
-71.096445,42.351092,1.524
-71.096904,42.351095,1.524
-71.097098,42.351133,1.524
-71.097195,42.351132,1.524
-71.097377,42.351126,1.524
-71.097936,42.351173,1.524
-71.098081,42.351212,1.524
-71.098707,42.351317,1.524
-71.098825,42.351416,1.524
-71.099611,42.351628,1.524
-71.100052,42.351641,1.524
-71.100109,42.351668,1.524
-71.100412,42.351729,1.524
-71.100548,42.351731,1.524
-71.100582,42.351735,1.524
-71.100888,42.351740,1.524
-71.101116,42.351781,1.524
-71.101323,42.351786,1.524
-71.102202,42.351677,1.524
-71.102415,42.351637,1.524
-71.103153,42.351524,1.524
-71.103677,42.351515,1.524
-71.103872,42.351544,1.524
-71.104193,42.351560,1.524
-71.104261,42.351576,1.524
-71.104358,42.351598,1.524
-71.104441,42.351587,1.524
-71.104455,42.351588,1.524
-71.104491,42.351590,1.524
-71.104649,42.351602,1.524
-71.104880,42.351681,1.524
-71.105050,42.351641,1.524
-71.107381,42.353048,1.524
-71.106482,42.353074,1.524
-71.105815,42.353093,1.524
-71.104974,42.353154,1.524
-71.104516,42.353167,1.524
-71.103593,42.353352,1.524
-71.103265,42.353443,1.524
-71.102755,42.353612,1.524
-71.101918,42.353887,1.524
-71.100922,42.354105,1.524
-71.100267,42.354269,1.524
-71.100000,42.354423,1.524
-71.098837,42.354801,1.524
-71.108837,42.353082,1.524
-71.106629,42.351722,1.524
-71.106895,42.351775,1.524
-71.107150,42.351810,1.524
-71.107721,42.352009,1.524
-71.108291,42.352108,1.524
-71.108741,42.352193,1.524
-71.109481,42.352173,1.524
-71.109870,42.352971,1.524
-71.109596,42.352983,1.524
-71.110440,42.353003,1.524
-71.067087,42.367816,1.219
-71.067299,42.367720,1.219
-71.068522,42.368674,1.219
-71.069418,42.368542,1.219
-71.074165,42.368653,1.219
-71.074162,42.368584,1.219
-71.073886,42.368495,1.219
-71.074297,42.368494,1.219
-71.074456,42.368614,1.219
-71.074857,42.358888,1.219
-71.074784,42.358822,1.219
-71.074630,42.358888,1.219
-71.074256,42.359410,1.219
-71.073874,42.359762,1.219
-71.073868,42.359879,1.219
-71.074007,42.359916,1.219
-71.074359,42.359638,1.219
-71.074857,42.358926,1.219
-71.075100,42.368901,1.219
-71.075676,42.369313,1.219
-71.075658,42.369304,1.219
-71.079765,42.355008,1.219
-71.079566,42.355008,1.219
-71.079567,42.354920,1.219
-71.079689,42.354906,1.219
-71.079826,42.354963,1.219
-71.081935,42.353927,1.219
-71.082202,42.353883,1.219
-71.082281,42.353820,1.219
-71.082459,42.353703,1.219
-71.082317,42.353874,1.219
-71.082306,42.354018,1.219
-71.082663,42.354125,1.219
-71.082869,42.354072,1.219
-71.082784,42.354129,1.219
-71.082334,42.354270,1.219
-71.081852,42.354441,1.219
-71.081595,42.354412,1.219
-71.081352,42.354299,1.219
-71.084484,42.353409,1.219
-71.084302,42.353594,1.219
-71.084260,42.353487,1.219
-71.074359,42.357262,1.219
-71.074812,42.357349,1.219
-71.074827,42.357808,1.219
-71.074770,42.358402,1.219
-71.074825,42.358600,1.219
-71.074991,42.358573,1.219
-71.075091,42.358141,1.219
-71.075095,42.357601,1.219
-71.074981,42.357331,1.219
-71.075367,42.357132,1.219
-71.075804,42.356743,1.219
-71.076252,42.356512,1.219
-71.076508,42.356347,1.219
-71.077091,42.356202,1.219
-71.077661,42.356096,1.219
-71.078141,42.355944,1.219
-71.078487,42.355798,1.219
-71.079179,42.355625,1.219
-71.079907,42.355433,1.219
-71.080648,42.355282,1.219
-71.081753,42.354932,1.219
-71.082882,42.354680,1.219
-71.083853,42.354417,1.219
-71.084460,42.354266,1.219
-71.084864,42.354063,1.219
-71.085331,42.353469,1.219
-71.085298,42.353364,1.219
-71.085115,42.353309,1.219
-71.090450,42.352100,1.219
-71.091049,42.352064,1.219
-71.091428,42.352065,1.219
-71.091689,42.352073,1.219
-71.091841,42.352015,1.219
-71.091890,42.352013,1.219
-71.091950,42.352001,1.219
-71.092087,42.351965,1.219
-71.092958,42.352446,1.219
-71.092691,42.352102,1.219
-71.092545,42.352120,1.219
-71.092431,42.352262,1.219
-71.092504,42.352479,1.219
-71.092703,42.352693,1.219
-71.092825,42.352672,1.219
-71.092958,42.352446,1.219
-71.093589,42.351442,1.219
-71.093844,42.351316,1.219
-71.094238,42.351209,1.219
-71.096989,42.351067,1.219
-71.097025,42.351068,1.219
-71.097074,42.351079,1.219
-71.097098,42.351085,1.219
-71.097136,42.351074,1.219
-71.097207,42.351087,1.219
-71.097244,42.351092,1.219
-71.097280,42.351096,1.219
-71.098184,42.351200,1.219
-71.098300,42.351211,1.219
-71.098373,42.351217,1.219
-71.098812,42.351344,1.219
-71.099058,42.351470,1.219
-71.099465,42.351533,1.219
-71.099575,42.351571,1.219
-71.099793,42.351597,1.219
-71.100085,42.354446,1.219
-71.099830,42.354525,1.219
-71.099538,42.354604,1.219
-71.099162,42.354703,1.219
-71.101374,42.351722,1.219
-71.101505,42.351730,1.219
-71.102124,42.351650,1.219
-71.103375,42.353471,1.219
-71.102883,42.353577,1.219
-71.102513,42.353742,1.219
-71.102221,42.353827,1.219
-71.101420,42.354036,1.219
-71.100789,42.354192,1.219
-71.100229,42.354360,1.219
-71.104733,42.353235,1.219
-71.104674,42.353208,1.219
-71.104540,42.353201,1.219
-71.104406,42.353224,1.219
-71.104285,42.353250,1.219
-71.104018,42.353285,1.219
-71.103578,42.353442,1.219
-71.104831,42.351623,1.219
-71.104941,42.351637,1.219
-71.105419,42.353235,1.219
-71.105328,42.353172,1.219
-71.105135,42.353197,1.219
-71.107320,42.353126,1.219
-71.106713,42.353109,1.219
-71.106155,42.353116,1.219
-71.105669,42.353159,1.219
-71.106680,42.351704,1.219
-71.106980,42.351751,1.219
-71.107357,42.351839,1.219
-71.107563,42.351898,1.219
-71.107838,42.352019,1.219
-71.108377,42.352082,1.219
-71.108498,42.352118,1.219
-71.108680,42.352169,1.219
-71.109202,42.352164,1.219
-71.109688,42.352986,1.219
-71.109724,42.352985,1.219
-71.109760,42.352988,1.219
-71.074151,42.359780,0.610
-71.074760,42.359039,0.610
-71.073946,42.359880,0.610
-71.073983,42.359883,0.610
-71.074660,42.358924,0.610
-71.074109,42.359627,0.610
-71.073916,42.359861,0.610
-71.074799,42.358942,0.610
-71.074804,42.358915,0.610
-71.075013,42.357214,0.610
-71.075039,42.357215,0.610
-71.074930,42.358562,0.610
-71.075037,42.358132,0.610
-71.074881,42.357417,0.610
-71.074908,42.357961,0.610
-71.074818,42.358519,0.610
-71.075039,42.357610,0.610
-71.075076,42.357196,0.610
-71.075249,42.357151,0.610
-71.075071,42.356656,0.610
-71.075051,42.356806,0.610
-71.074820,42.356968,0.610
-71.074525,42.357088,0.610
-71.074541,42.357224,0.610
-71.074820,42.357264,0.610
-71.075257,42.357141,0.610
-71.075511,42.356962,0.610
-71.075537,42.356912,0.610
-71.075565,42.356908,0.610
-71.075573,42.356872,0.610
-71.075598,42.356872,0.610
-71.076326,42.356407,0.610
-71.077060,42.356152,0.610
-71.077176,42.356126,0.610
-71.075549,42.356084,0.610
-71.075075,42.356377,0.610
-71.075609,42.356057,0.610
-71.075585,42.356064,0.610
-71.075682,42.356026,0.610
-71.075719,42.356007,0.610
-71.075767,42.355989,0.610
-71.075742,42.355989,0.610
-71.075779,42.355968,0.610
-71.077601,42.355431,0.610
-71.077564,42.355440,0.610
-71.077394,42.355459,0.610
-71.076933,42.355609,0.610
-71.076836,42.355654,0.610
-71.076787,42.355667,0.610
-71.076751,42.355685,0.610
-71.076702,42.355685,0.610
-71.076641,42.355717,0.610
-71.076593,42.355721,0.610
-71.076544,42.355736,0.610
-71.076496,42.355749,0.610
-71.076435,42.355774,0.610
-71.076386,42.355764,0.610
-71.076338,42.355795,0.610
-71.076289,42.355795,0.610
-71.076229,42.355833,0.610
-71.076180,42.355831,0.610
-71.076144,42.355845,0.610
-71.076095,42.355846,0.610
-71.076037,42.355863,0.610
-71.075998,42.355880,0.610
-71.075949,42.355890,0.610
-71.075913,42.355913,0.610
-71.075877,42.355917,0.610
-71.075804,42.355968,0.610
-71.077661,42.355431,0.610
-71.077734,42.356035,0.610
-71.077759,42.356035,0.610
-71.078159,42.355891,0.610
-71.078936,42.355643,0.610
-71.078964,42.355638,0.610
-71.079482,42.355514,0.610
-71.079762,42.355416,0.610
-71.080211,42.355289,0.610
-71.080077,42.355039,0.610
-71.081255,42.354385,0.610
-71.081133,42.354401,0.610
-71.080775,42.354567,0.610
-71.080704,42.354756,0.610
-71.080490,42.354897,0.610
-71.080417,42.354923,0.610
-71.080332,42.354965,0.610
-71.080284,42.354975,0.610
-71.080223,42.354998,0.610
-71.080150,42.355014,0.610
-71.082226,42.354423,0.610
-71.083015,42.354212,0.610
-71.082930,42.354220,0.610
-71.082869,42.354238,0.610
-71.082772,42.354262,0.610
-71.082712,42.354282,0.610
-71.082639,42.354288,0.610
-71.082578,42.354314,0.610
-71.082530,42.354320,0.610
-71.082457,42.354354,0.610
-71.082408,42.354363,0.610
-71.082347,42.354389,0.610
-71.082275,42.354401,0.610
-71.083052,42.354202,0.610
-71.083088,42.354190,0.610
-71.083513,42.354072,0.610
-71.083464,42.354085,0.610
-71.083379,42.354103,0.610
-71.083331,42.354109,0.610
-71.083234,42.354139,0.610
-71.083124,42.354174,0.610
-71.083525,42.354066,0.610
-71.083586,42.354053,0.610
-71.083561,42.354056,0.610
-71.083719,42.354018,0.610
-71.083792,42.353991,0.610
-71.084478,42.353559,0.610
-71.084237,42.353829,0.610
-71.084023,42.353901,0.610
-71.083938,42.353946,0.610
-71.083853,42.353975,0.610
-71.084593,42.353466,0.610
-71.080247,42.355287,0.610
-71.080636,42.355229,0.610
-71.080891,42.355110,0.610
-71.081340,42.355005,0.610
-71.081850,42.354861,0.610
-71.082153,42.354805,0.610
-71.082445,42.354730,0.610
-71.083015,42.354581,0.610
-71.083452,42.354452,0.610
-71.083768,42.354378,0.610
-71.084343,42.354243,0.610
-71.084808,42.354018,0.610
-71.085214,42.353559,0.610
-71.085256,42.353415,0.610
-71.085030,42.353376,0.610
-71.084824,42.353425,0.610
-71.074128,42.359653,0.305
-71.074880,42.358366,0.305
-71.074892,42.358330,0.305
-71.074929,42.358096,0.305
-71.074924,42.358123,0.305
-71.074920,42.358150,0.305
-71.074915,42.357547,0.305
-71.075002,42.356911,0.305
-71.076192,42.356408,0.305
-71.080745,42.354816,0.305
-71.080795,42.354612,0.305
-71.080788,42.354756,0.305
-71.084508,42.354144,0.305
-71.084533,42.353559,0.305
-71.084529,42.353586,0.305
-71.084528,42.353613,0.305
-71.084557,42.354126,0.305
-71.084618,42.354092,0.305
-71.133026,42.371989,5.791
-71.132926,42.371917,5.791
-71.132977,42.371889,5.791
-71.133026,42.371989,5.791
-71.122357,42.368613,5.182
-71.122300,42.368577,5.182
-71.122391,42.368604,5.182
-71.133110,42.372130,5.182
-71.132904,42.371989,5.182
-71.132879,42.371803,5.182
-71.133013,42.371833,5.182
-71.133147,42.372070,5.182
-71.122559,42.368697,4.877
-71.122219,42.368644,4.877
-71.122128,42.368550,4.877
-71.122353,42.368516,4.877
-71.122677,42.368667,4.877
-71.122936,42.368717,4.877
-71.122777,42.368667,4.877
-71.122826,42.368607,4.877
-71.122972,42.368632,4.877
-71.133183,42.372178,4.877
-71.133122,42.372227,4.877
-71.132911,42.372034,4.877
-71.132831,42.371795,4.877
-71.132989,42.371789,4.877
-71.133147,42.371948,4.877
-71.117000,42.361195,4.267
-71.116829,42.361380,4.267
-71.116659,42.361341,4.267
-71.116542,42.361267,4.267
-71.116500,42.360961,4.267
-71.116659,42.360711,4.267
-71.116744,42.360683,4.267
-71.116931,42.361024,4.267
-71.117000,42.361195,4.267
-71.118273,42.368441,4.267
-71.118152,42.368308,4.267
-71.117958,42.368274,4.267
-71.117776,42.368059,4.267
-71.117594,42.367845,4.267
-71.117391,42.367425,4.267
-71.117460,42.367476,4.267
-71.117955,42.368100,4.267
-71.118261,42.368226,4.267
-71.118437,42.368397,4.267
-71.120968,42.368577,4.267
-71.120905,42.368568,4.267
-71.120968,42.368577,4.267
-71.123019,42.368829,4.267
-71.122766,42.368807,4.267
-71.122147,42.368703,4.267
-71.121365,42.368541,4.267
-71.121418,42.368468,4.267
-71.121940,42.368417,4.267
-71.122584,42.368479,4.267
-71.122996,42.368593,4.267
-71.123046,42.368712,4.267
-71.123208,42.368955,4.267
-71.123245,42.368964,4.267
-71.123458,42.369055,4.267
-71.123385,42.369013,4.267
-71.123494,42.368991,4.267
-71.132481,42.373582,4.267
-71.132140,42.373708,4.267
-71.132576,42.373428,4.267
-71.132892,42.373087,4.267
-71.132734,42.373284,4.267
-71.132709,42.373230,4.267
-71.132898,42.373051,4.267
-71.133195,42.372406,4.267
-71.133134,42.372456,4.267
-71.132882,42.372052,4.267
-71.132762,42.371737,4.267
-71.132831,42.371670,4.267
-71.133062,42.371790,4.267
-71.133235,42.372115,4.267
-71.148580,42.361123,4.267
-71.147753,42.361404,4.267
-71.147675,42.361348,4.267
-71.147923,42.361204,4.267
-71.148505,42.361089,4.267
-71.148580,42.361123,4.267
-71.110843,42.352913,3.962
-71.110805,42.352859,3.962
-71.110931,42.352877,3.962
-71.111122,42.352380,3.962
-71.111134,42.352361,3.962
-71.116999,42.364220,3.962
-71.116841,42.364375,3.962
-71.116770,42.364256,3.962
-71.116853,42.364065,3.962
-71.116974,42.364050,3.962
-71.117024,42.361222,3.962
-71.116902,42.361445,3.962
-71.116768,42.361493,3.962
-71.116537,42.361394,3.962
-71.116509,42.361150,3.962
-71.116515,42.360691,3.962
-71.116651,42.360340,3.962
-71.116748,42.360376,3.962
-71.116979,42.360988,3.962
-71.117024,42.361222,3.962
-71.118492,42.368558,3.962
-71.118140,42.368390,3.962
-71.117958,42.368327,3.962
-71.117545,42.367894,3.962
-71.117259,42.367335,3.962
-71.117127,42.367002,3.962
-71.117205,42.367018,3.962
-71.117774,42.367902,3.962
-71.118104,42.368149,3.962
-71.118456,42.368363,3.962
-71.118595,42.368532,3.962
-71.123701,42.369223,3.962
-71.123385,42.369096,3.962
-71.122778,42.368851,3.962
-71.122110,42.368731,3.962
-71.121200,42.368597,3.962
-71.120872,42.368645,3.962
-71.120701,42.368586,3.962
-71.120775,42.368512,3.962
-71.121248,42.368491,3.962
-71.121564,42.368392,3.962
-71.122122,42.368374,3.962
-71.122948,42.368552,3.962
-71.123065,42.368649,3.962
-71.123106,42.368844,3.962
-71.123349,42.368930,3.962
-71.123608,42.368955,3.962
-71.123733,42.369180,3.962
-71.127853,42.373536,3.962
-71.127673,42.373465,3.962
-71.127752,42.373447,3.962
-71.132421,42.368721,3.962
-71.132212,42.368922,3.962
-71.132155,42.368901,3.962
-71.132333,42.368713,3.962
-71.132421,42.368721,3.962
-71.133140,42.372835,3.962
-71.132758,42.373358,3.962
-71.132333,42.373658,3.962
-71.131896,42.373859,3.962
-71.131858,42.373808,3.962
-71.132560,42.373348,3.962
-71.132898,42.372889,3.962
-71.133053,42.372520,3.962
-71.133033,42.372322,3.962
-71.132817,42.371953,3.962
-71.132572,42.371548,3.962
-71.132479,42.371398,3.962
-71.132807,42.371602,3.962
-71.133200,42.371917,3.962
-71.133269,42.372322,3.962
-71.144082,42.365120,3.962
-71.143976,42.365111,3.962
-71.144198,42.365057,3.962
-71.149820,42.361015,3.962
-71.149440,42.361065,3.962
-71.148942,42.361075,3.962
-71.148008,42.361312,3.962
-71.147716,42.361446,3.962
-71.147629,42.361375,3.962
-71.147765,42.361241,3.962
-71.148517,42.361043,3.962
-71.149367,42.360954,3.962
-71.149768,42.360940,3.962
-71.111173,42.352868,3.353
-71.111049,42.352985,3.353
-71.110770,42.352947,3.353
-71.110831,42.352788,3.353
-71.111086,42.352773,3.353
-71.111173,42.352868,3.353
-71.111705,42.352520,3.353
-71.111236,42.352481,3.353
-71.110989,42.352466,3.353
-71.110932,42.352382,3.353
-71.111171,42.352314,3.353
-71.111858,42.352418,3.353
-71.117032,42.361672,3.353
-71.116895,42.362095,3.353
-71.116822,42.362131,3.353
-71.116641,42.361681,3.353
-71.116439,42.361294,3.353
-71.116368,42.361015,3.353
-71.116365,42.360655,3.353
-71.116511,42.360133,3.353
-71.116598,42.359223,3.353
-71.116771,42.358674,3.353
-71.116817,42.358648,3.353
-71.116847,42.359007,3.353
-71.116875,42.359692,3.353
-71.116972,42.360484,3.353
-71.117056,42.360979,3.353
-71.117083,42.361456,3.353
-71.117156,42.364271,3.353
-71.116933,42.364589,3.353
-71.116853,42.364700,3.353
-71.116684,42.364571,3.353
-71.116619,42.364301,3.353
-71.116573,42.364004,3.353
-71.116679,42.363734,3.353
-71.116803,42.363077,3.353
-71.116877,42.362800,3.353
-71.116957,42.363266,3.353
-71.117139,42.364067,3.353
-71.119432,42.368739,3.353
-71.119051,42.368799,3.353
-71.118456,42.368695,3.353
-71.118176,42.368543,3.353
-71.117825,42.368352,3.353
-71.117455,42.367974,3.353
-71.117155,42.367425,3.353
-71.116846,42.366588,3.353
-71.116800,42.366128,3.353
-71.116902,42.366038,3.353
-71.116962,42.366099,3.353
-71.117234,42.366876,3.353
-71.117587,42.367515,3.353
-71.118067,42.368085,3.353
-71.118492,42.368337,3.353
-71.119038,42.368600,3.353
-71.119432,42.368721,3.353
-71.124231,42.369531,3.353
-71.123895,42.369436,3.353
-71.123276,42.369093,3.353
-71.122996,42.368959,3.353
-71.122304,42.368828,3.353
-71.121539,42.368684,3.353
-71.120872,42.368729,3.353
-71.120155,42.368722,3.353
-71.120057,42.368676,3.353
-71.120447,42.368585,3.353
-71.120775,42.368447,3.353
-71.121248,42.368400,3.353
-71.121612,42.368292,3.353
-71.122389,42.368377,3.353
-71.123021,42.368556,3.353
-71.123227,42.368782,3.353
-71.123676,42.368914,3.353
-71.124040,42.369108,3.353
-71.124262,42.369513,3.353
-71.128873,42.373994,3.353
-71.128314,42.373863,3.353
-71.127379,42.373394,3.353
-71.127063,42.373177,3.353
-71.126967,42.373011,3.353
-71.126335,42.372601,3.353
-71.126026,42.372340,3.353
-71.126117,42.372325,3.353
-71.126785,42.372726,3.353
-71.127477,42.373190,3.353
-71.128633,42.373780,3.353
-71.128939,42.373988,3.353
-71.130245,42.374107,3.353
-71.130130,42.374087,3.353
-71.130342,42.374044,3.353
-71.133246,42.368253,3.353
-71.132794,42.368657,3.353
-71.131904,42.369585,3.353
-71.131714,42.370106,3.353
-71.131627,42.370080,3.353
-71.131668,42.369837,3.353
-71.131614,42.369666,3.353
-71.131916,42.369081,3.353
-71.132111,42.368802,3.353
-71.133037,42.368234,3.353
-71.133236,42.368226,3.353
-71.133300,42.372646,3.353
-71.133134,42.373015,3.353
-71.132523,42.373627,3.353
-71.131997,42.373889,3.353
-71.131143,42.374118,3.353
-71.130658,42.374097,3.353
-71.130505,42.374015,3.353
-71.130913,42.373986,3.353
-71.131677,42.373808,3.353
-71.132303,42.373474,3.353
-71.132799,42.372907,3.353
-71.132973,42.372511,3.353
-71.132843,42.372083,3.353
-71.132589,42.371674,3.353
-71.131992,42.371089,3.353
-71.131877,42.370846,3.353
-71.131702,42.370586,3.353
-71.131690,42.370403,3.353
-71.131924,42.370765,3.353
-71.132564,42.371320,3.353
-71.133209,42.371845,3.353
-71.133317,42.372538,3.353
-71.135002,42.367452,3.353
-71.140468,42.364472,3.353
-71.139982,42.364512,3.353
-71.139181,42.364740,3.353
-71.138562,42.365170,3.353
-71.137930,42.365618,3.353
-71.136958,42.366542,3.353
-71.136449,42.366957,3.353
-71.135988,42.367160,3.353
-71.135587,42.367382,3.353
-71.135266,42.367425,3.353
-71.135313,42.367326,3.353
-71.135708,42.367092,3.353
-71.136255,42.366834,3.353
-71.137159,42.366146,3.353
-71.138127,42.365228,3.353
-71.138829,42.364763,3.353
-71.139472,42.364444,3.353
-71.140140,42.364377,3.353
-71.144622,42.364904,3.353
-71.144386,42.365075,3.353
-71.143600,42.365275,3.353
-71.142908,42.365219,3.353
-71.142495,42.365066,3.353
-71.142247,42.364940,3.353
-71.142756,42.364976,3.353
-71.143248,42.365074,3.353
-71.143770,42.365054,3.353
-71.144487,42.364805,3.353
-71.144608,42.364815,3.353
-71.145653,42.363230,3.353
-71.145421,42.363607,3.353
-71.145349,42.363583,3.353
-71.145397,42.363365,3.353
-71.145640,42.363145,3.353
-71.145653,42.363230,3.353
-71.147028,42.361978,3.353
-71.146587,42.362293,3.353
-71.146270,42.362428,3.353
-71.146243,42.362329,3.353
-71.146478,42.362112,3.353
-71.147036,42.361771,3.353
-71.147122,42.361870,3.353
-71.150594,42.361024,3.353
-71.149549,42.361111,3.353
-71.148238,42.361291,3.353
-71.147649,42.361537,3.353
-71.147291,42.361622,3.353
-71.147400,42.361523,3.353
-71.147663,42.361267,3.353
-71.148141,42.361062,3.353
-71.148955,42.360928,3.353
-71.149780,42.360858,3.353
-71.150399,42.360922,3.353
-71.150717,42.360961,3.353
-71.156253,42.359998,3.353
-71.155783,42.359980,3.353
-71.155642,42.359917,3.353
-71.155790,42.359869,3.353
-71.156155,42.359944,3.353
-71.156778,42.360061,3.353
-71.156622,42.360034,3.353
-71.156778,42.360061,3.353
-71.156951,42.360088,3.353
-71.157235,42.360124,3.353
-71.159008,42.360091,3.353
-71.158669,42.360079,3.353
-71.158874,42.360028,3.353
-71.159134,42.360052,3.353
-71.112761,42.352827,3.048
-71.112203,42.352718,3.048
-71.111911,42.352579,3.048
-71.111750,42.352688,3.048
-71.111656,42.352813,3.048
-71.111440,42.352895,3.048
-71.111025,42.353020,3.048
-71.110755,42.352954,3.048
-71.110936,42.352337,3.048
-71.111617,42.352301,3.048
-71.112219,42.352400,3.048
-71.112759,42.352625,3.048
-71.110777,42.352790,3.048
-71.110989,42.352751,3.048
-71.111114,42.352634,3.048
-71.111187,42.352535,3.048
-71.111098,42.352495,3.048
-71.110809,42.352550,3.048
-71.115530,42.354072,3.048
-71.115420,42.354153,3.048
-71.115360,42.354110,3.048
-71.115384,42.353923,3.048
-71.115542,42.353634,3.048
-71.115635,42.353633,3.048
-71.116976,42.355929,3.048
-71.116829,42.355893,3.048
-71.116732,42.355684,3.048
-71.116975,42.355875,3.048
-71.124405,42.369636,3.048
-71.124271,42.369632,3.048
-71.123604,42.369308,3.048
-71.123021,42.368990,3.048
-71.122673,42.368964,3.048
-71.122110,42.368834,3.048
-71.121430,42.368721,3.048
-71.119876,42.368799,3.048
-71.119233,42.368854,3.048
-71.118917,42.368900,3.048
-71.118456,42.368752,3.048
-71.118128,42.368568,3.048
-71.117776,42.368375,3.048
-71.117363,42.367951,3.048
-71.117108,42.367569,3.048
-71.116841,42.366840,3.048
-71.116617,42.365822,3.048
-71.116553,42.365228,3.048
-71.116541,42.364598,3.048
-71.116548,42.364283,3.048
-71.116509,42.364058,3.048
-71.116553,42.363662,3.048
-71.116657,42.363086,3.048
-71.116659,42.362104,3.048
-71.116574,42.361816,3.048
-71.116420,42.361510,3.048
-71.116399,42.361123,3.048
-71.116320,42.360844,3.048
-71.116434,42.360142,3.048
-71.116587,42.358764,3.048
-71.116844,42.358089,3.048
-71.116950,42.357811,3.048
-71.117031,42.357810,3.048
-71.116990,42.358863,3.048
-71.116981,42.359584,3.048
-71.117061,42.360691,3.048
-71.117086,42.360979,3.048
-71.117116,42.361357,3.048
-71.117128,42.361645,3.048
-71.117071,42.362007,3.048
-71.117028,42.362869,3.048
-71.117195,42.363833,3.048
-71.117230,42.364193,3.048
-71.117113,42.364436,3.048
-71.117019,42.364733,3.048
-71.116937,42.365543,3.048
-71.117143,42.366533,3.048
-71.117824,42.367838,3.048
-71.118322,42.368186,3.048
-71.118759,42.368428,3.048
-71.119257,42.368591,3.048
-71.119815,42.368627,3.048
-71.120489,42.368478,3.048
-71.120981,42.368411,3.048
-71.121442,42.368285,3.048
-71.122037,42.368287,3.048
-71.122572,42.368400,3.048
-71.123166,42.368691,3.048
-71.123676,42.368892,3.048
-71.123975,42.368982,3.048
-71.124413,42.369504,3.048
-71.145810,42.362950,3.048
-71.145594,42.363428,3.048
-71.145203,42.364121,3.048
-71.144779,42.364697,3.048
-71.144681,42.364913,3.048
-71.144389,42.365098,3.048
-71.143673,42.365292,3.048
-71.143006,42.365264,3.048
-71.142508,42.365106,3.048
-71.141779,42.364854,3.048
-71.141256,42.364733,3.048
-71.140419,42.364546,3.048
-71.139642,42.364607,3.048
-71.139011,42.364864,3.048
-71.138270,42.365406,3.048
-71.137026,42.366533,3.048
-71.136609,42.366912,3.048
-71.135930,42.367281,3.048
-71.135308,42.367507,3.048
-71.134701,42.367699,3.048
-71.133816,42.368136,3.048
-71.133101,42.368523,3.048
-71.132564,42.368876,3.048
-71.132014,42.369522,3.048
-71.131838,42.370125,3.048
-71.131940,42.370585,3.048
-71.132363,42.371107,3.048
-71.133001,42.371636,3.048
-71.133255,42.371899,3.048
-71.133304,42.372763,3.048
-71.132830,42.373375,3.048
-71.132345,42.373703,3.048
-71.131759,42.374006,3.048
-71.130913,42.374159,3.048
-71.130475,42.374106,3.048
-71.130002,42.374178,3.048
-71.129198,42.374096,3.048
-71.128484,42.373912,3.048
-71.127919,42.373717,3.048
-71.127137,42.373284,3.048
-71.126967,42.373070,3.048
-71.126481,42.372777,3.048
-71.125978,42.372403,3.048
-71.125586,42.371863,3.048
-71.125595,42.371761,3.048
-71.125874,42.371956,3.048
-71.126857,42.372730,3.048
-71.127756,42.373321,3.048
-71.128642,42.373729,3.048
-71.129055,42.373894,3.048
-71.129541,42.373995,3.048
-71.130026,42.373989,3.048
-71.130913,42.373932,3.048
-71.131653,42.373773,3.048
-71.132253,42.373465,3.048
-71.132847,42.372781,3.048
-71.132939,42.372421,3.048
-71.132764,42.371944,3.048
-71.132431,42.371575,3.048
-71.131866,42.370999,3.048
-71.131641,42.370599,3.048
-71.131521,42.370017,3.048
-71.131562,42.369666,3.048
-71.131817,42.369162,3.048
-71.132089,42.368793,3.048
-71.133232,42.368073,3.048
-71.133766,42.367894,3.048
-71.134453,42.367623,3.048
-71.135198,42.367327,3.048
-71.135613,42.367083,3.048
-71.135988,42.366927,3.048
-71.137059,42.366191,3.048
-71.137861,42.365408,3.048
-71.138518,42.364949,3.048
-71.138683,42.364793,3.048
-71.139318,42.364463,3.048
-71.139836,42.364338,3.048
-71.140483,42.364391,3.048
-71.141791,42.364719,3.048
-71.142775,42.364953,3.048
-71.143333,42.365043,3.048
-71.143928,42.364970,3.048
-71.144383,42.364733,3.048
-71.144798,42.364400,3.048
-71.145162,42.363914,3.048
-71.145397,42.363287,3.048
-71.145798,42.362864,3.048
-71.145810,42.362950,3.048
-71.151126,42.360988,3.048
-71.149792,42.361136,3.048
-71.149125,42.361144,3.048
-71.148226,42.361309,3.048
-71.147692,42.361540,3.048
-71.147218,42.361713,3.048
-71.147165,42.361771,3.048
-71.147158,42.361915,3.048
-71.146393,42.362466,3.048
-71.145956,42.362817,3.048
-71.145822,42.362842,3.048
-71.145903,42.362581,3.048
-71.146648,42.361960,3.048
-71.147146,42.361686,3.048
-71.147510,42.361399,3.048
-71.147774,42.361177,3.048
-71.148707,42.360925,3.048
-71.149780,42.360835,3.048
-71.150666,42.360876,3.048
-71.151272,42.360907,3.048
-71.158012,42.360156,3.048
-71.156883,42.360126,3.048
-71.155729,42.360004,3.048
-71.155544,42.359944,3.048
-71.155681,42.359849,3.048
-71.156033,42.359851,3.048
-71.157174,42.360030,3.048
-71.157891,42.360071,3.048
-71.158062,42.360142,3.048
-71.159766,42.359908,3.048
-71.159231,42.360088,3.048
-71.158522,42.360146,3.048
-71.158403,42.360097,3.048
-71.158789,42.359994,3.048
-71.159384,42.359994,3.048
-71.159843,42.359845,3.048
-71.110807,42.352701,2.438
-71.110797,42.352643,2.438
-71.127258,42.373411,2.438
-71.127865,42.373730,2.438
-71.128448,42.373956,2.438
-71.129310,42.374149,2.438
-71.130136,42.374217,2.438
-71.130815,42.374192,2.438
-71.131702,42.374055,2.438
-71.132200,42.373840,2.438
-71.132588,42.373633,2.438
-71.133270,42.372952,2.438
-71.133411,42.372538,2.438
-71.133311,42.371980,2.438
-71.133147,42.371720,2.438
-71.132784,42.371440,2.438
-71.132186,42.370756,2.438
-71.131989,42.370125,2.438
-71.132111,42.369531,2.438
-71.132343,42.369171,2.438
-71.132928,42.368722,2.438
-71.133872,42.368190,2.438
-71.134834,42.367789,2.438
-71.135927,42.367365,2.438
-71.136773,42.366885,2.438
-71.137099,42.366570,2.438
-71.137832,42.365849,2.438
-71.138656,42.365192,2.438
-71.139278,42.364780,2.438
-71.140067,42.364581,2.438
-71.140711,42.364648,2.438
-71.141621,42.364896,2.438
-71.142617,42.365183,2.438
-71.143357,42.365327,2.438
-71.144219,42.365203,2.438
-71.144718,42.364949,2.438
-71.144984,42.364673,2.438
-71.145652,42.363464,2.438
-71.146225,42.362680,2.438
-71.147029,42.362059,2.438
-71.147874,42.361473,2.438
-71.148469,42.361268,2.438
-71.149549,42.361160,2.438
-71.150776,42.361081,2.438
-71.151504,42.360981,2.438
-71.152111,42.360819,2.438
-71.153037,42.360493,2.438
-71.153763,42.360205,2.438
-71.153669,42.360142,2.438
-71.153386,42.360168,2.438
-71.152476,42.360509,2.438
-71.151796,42.360655,2.438
-71.150666,42.360815,2.438
-71.149829,42.360805,2.438
-71.149404,42.360804,2.438
-71.148141,42.361015,2.438
-71.147681,42.361204,2.438
-71.147219,42.361537,2.438
-71.146793,42.361851,2.438
-71.146080,42.362311,2.438
-71.145616,42.362794,2.438
-71.145274,42.363392,2.438
-71.144774,42.364247,2.438
-71.144329,42.364653,2.438
-71.143612,42.364961,2.438
-71.142981,42.364951,2.438
-71.141755,42.364638,2.438
-71.141087,42.364465,2.438
-71.140043,42.364268,2.438
-71.139302,42.364400,2.438
-71.138768,42.364672,2.438
-71.138520,42.364877,2.438
-71.138203,42.365057,2.438
-71.137589,42.365597,2.438
-71.136846,42.366308,2.438
-71.135976,42.366882,2.438
-71.135223,42.367217,2.438
-71.134421,42.367530,2.438
-71.133754,42.367736,2.438
-71.132370,42.368525,2.438
-71.131638,42.369297,2.438
-71.131451,42.369747,2.438
-71.131416,42.370116,2.438
-71.131559,42.370585,2.438
-71.131872,42.371093,2.438
-71.132499,42.371701,2.438
-71.132746,42.371976,2.438
-71.132876,42.372520,2.438
-71.132661,42.372965,2.438
-71.132139,42.373440,2.438
-71.131350,42.373768,2.438
-71.130852,42.373849,2.438
-71.129662,42.373859,2.438
-71.128739,42.373692,2.438
-71.127804,42.373294,2.438
-71.127211,42.372916,2.438
-71.126076,42.372025,2.438
-71.125793,42.371674,2.438
-71.125404,42.371206,2.438
-71.125085,42.370598,2.438
-71.124799,42.370044,2.438
-71.124747,42.369630,2.438
-71.124441,42.369261,2.438
-71.123986,42.368910,2.438
-71.123434,42.368797,2.438
-71.123075,42.368550,2.438
-71.122317,42.368282,2.438
-71.121709,42.368213,2.438
-71.120969,42.368336,2.438
-71.120022,42.368466,2.438
-71.119172,42.368470,2.438
-71.118480,42.368272,2.438
-71.118091,42.368041,2.438
-71.117651,42.367506,2.438
-71.117247,42.366624,2.438
-71.117119,42.365912,2.438
-71.117176,42.364796,2.438
-71.127076,42.373305,2.438
-71.127230,42.373393,2.438
-71.110770,42.352994,2.438
-71.111098,42.353062,2.438
-71.111802,42.353076,2.438
-71.112810,42.353206,2.438
-71.114353,42.353849,2.438
-71.115451,42.354533,2.438
-71.115954,42.354903,2.438
-71.116296,42.355388,2.438
-71.116437,42.355649,2.438
-71.116607,42.356109,2.438
-71.116719,42.357189,2.438
-71.116401,42.358674,2.438
-71.116290,42.359395,2.438
-71.116228,42.360331,2.438
-71.116277,42.361033,2.438
-71.116389,42.361411,2.438
-71.116402,42.362383,2.438
-71.116434,42.363113,2.438
-71.116400,42.363743,2.438
-71.116457,42.364229,2.438
-71.116415,42.364841,2.438
-71.116386,42.365327,2.438
-71.116395,42.365885,2.438
-71.116794,42.367191,2.438
-71.117217,42.367936,2.438
-71.117675,42.368433,2.438
-71.118225,42.368705,2.438
-71.118990,42.369027,2.438
-71.119512,42.369059,2.438
-71.119914,42.369207,2.438
-71.120338,42.369320,2.438
-71.120354,42.369252,2.438
-71.120066,42.369045,2.438
-71.120121,42.368910,2.438
-71.120617,42.368844,2.438
-71.121588,42.368834,2.438
-71.121892,42.368937,2.438
-71.122013,42.369024,2.438
-71.122219,42.368935,2.438
-71.122584,42.369014,2.438
-71.122936,42.369032,2.438
-71.123421,42.369282,2.438
-71.124112,42.369657,2.438
-71.124404,42.369945,2.438
-71.124667,42.370459,2.438
-71.124866,42.370863,2.438
-71.125031,42.371269,2.438
-71.125777,42.372286,2.438
-71.126882,42.373079,2.438
-71.117283,42.364400,2.438
-71.117300,42.364112,2.438
-71.117274,42.363644,2.438
-71.117247,42.362887,2.438
-71.117304,42.362302,2.438
-71.117221,42.361690,2.438
-71.117118,42.361195,2.438
-71.117121,42.360511,2.438
-71.117056,42.359440,2.438
-71.117216,42.358656,2.438
-71.117365,42.357972,2.438
-71.117532,42.357405,2.438
-71.117410,42.356694,2.438
-71.117443,42.356082,2.438
-71.117291,42.355740,2.438
-71.116792,42.355086,2.438
-71.116522,42.354686,2.438
-71.116350,42.354434,2.438
-71.116107,42.354173,2.438
-71.115785,42.353802,2.438
-71.115698,42.353615,2.438
-71.115457,42.353562,2.438
-71.115250,42.353426,2.438
-71.114243,42.352875,2.438
-71.113053,42.352390,2.438
-71.112761,42.352412,2.438
-71.112434,42.352319,2.438
-71.112057,42.352290,2.438
-71.111098,42.352286,2.438
-71.110842,42.352303,2.438
-71.161563,42.359025,2.438
-71.161138,42.359295,2.438
-71.160653,42.359557,2.438
-71.160039,42.359872,2.438
-71.159275,42.360140,2.438
-71.158498,42.360209,2.438
-71.157684,42.360230,2.438
-71.156810,42.360162,2.438
-71.155232,42.360039,2.438
-71.154880,42.360128,2.438
-71.154151,42.360194,2.438
-71.153902,42.360169,2.438
-71.154175,42.360092,2.438
-71.154880,42.359869,2.438
-71.155499,42.359816,2.438
-71.155972,42.359760,2.438
-71.156506,42.359864,2.438
-71.157793,42.359964,2.438
-71.159311,42.359885,2.438
-71.160246,42.359539,2.438
-71.160841,42.359327,2.438
-71.161121,42.359151,2.438
-71.161436,42.358943,2.438
-71.161666,42.358851,2.438
-71.125308,42.369864,2.134
-71.125197,42.369783,2.134
-71.125267,42.369795,2.134
-71.117294,42.364688,2.134
-71.117234,42.364985,2.134
-71.117181,42.365966,2.134
-71.117270,42.366570,2.134
-71.117672,42.367497,2.134
-71.118104,42.368028,2.134
-71.118565,42.368297,2.134
-71.119305,42.368436,2.134
-71.120653,42.368328,2.134
-71.121175,42.368247,2.134
-71.122049,42.368241,2.134
-71.122438,42.368317,2.134
-71.123203,42.368655,2.134
-71.123676,42.368844,2.134
-71.124283,42.369038,2.134
-71.124929,42.369504,2.134
-71.125020,42.369603,2.134
-71.124920,42.369801,2.134
-71.125034,42.370279,2.134
-71.125451,42.371080,2.134
-71.126105,42.371973,2.134
-71.126521,42.372349,2.134
-71.127829,42.373281,2.134
-71.128352,42.373537,2.134
-71.129213,42.373770,2.134
-71.130136,42.373842,2.134
-71.130985,42.373799,2.134
-71.131665,42.373630,2.134
-71.132479,42.373122,2.134
-71.132794,42.372727,2.134
-71.132838,42.372349,2.134
-71.132697,42.371948,2.134
-71.132357,42.371602,2.134
-71.131750,42.370982,2.134
-71.131474,42.370432,2.134
-71.131345,42.369900,2.134
-71.131598,42.369279,2.134
-71.132024,42.368775,2.134
-71.132807,42.368212,2.134
-71.133887,42.367657,2.134
-71.134543,42.367452,2.134
-71.135162,42.367210,2.134
-71.135757,42.366928,2.134
-71.136668,42.366428,2.134
-71.137427,42.365705,2.134
-71.138173,42.365041,2.134
-71.138502,42.364859,2.134
-71.138744,42.364652,2.134
-71.139329,42.364364,2.134
-71.140116,42.364245,2.134
-71.141111,42.364428,2.134
-71.141743,42.364605,2.134
-71.142993,42.364923,2.134
-71.143722,42.364900,2.134
-71.144268,42.364651,2.134
-71.144766,42.364210,2.134
-71.145177,42.363563,2.134
-71.145589,42.362788,2.134
-71.146061,42.362302,2.134
-71.146781,42.361839,2.134
-71.147202,42.361528,2.134
-71.147850,42.361096,2.134
-71.148845,42.360848,2.134
-71.149634,42.360775,2.134
-71.150169,42.360823,2.134
-71.151346,42.360735,2.134
-71.152257,42.360518,2.134
-71.153362,42.360139,2.134
-71.154127,42.360035,2.134
-71.154880,42.359824,2.134
-71.155438,42.359788,2.134
-71.156106,42.359747,2.134
-71.110916,42.352294,2.134
-71.110989,42.352283,2.134
-71.111159,42.352260,2.134
-71.111596,42.352247,2.134
-71.112385,42.352275,2.134
-71.112676,42.352384,2.134
-71.113053,42.352358,2.134
-71.114267,42.352820,2.134
-71.115481,42.353527,2.134
-71.115744,42.353633,2.134
-71.116109,42.353903,2.134
-71.116693,42.354362,2.134
-71.116988,42.354839,2.134
-71.117096,42.355208,2.134
-71.117304,42.355505,2.134
-71.117480,42.355712,2.134
-71.117358,42.355866,2.134
-71.117448,42.355994,2.134
-71.117714,42.356154,2.134
-71.117545,42.356451,2.134
-71.117674,42.357153,2.134
-71.117506,42.357837,2.134
-71.117344,42.358404,2.134
-71.117076,42.359440,2.134
-71.117149,42.360502,2.134
-71.117154,42.360997,2.134
-71.117235,42.361465,2.134
-71.117324,42.361987,2.134
-71.117316,42.362662,2.134
-71.117347,42.363491,2.134
-71.117317,42.363977,2.134
-71.117293,42.364391,2.134
-71.116473,42.357801,2.134
-71.116604,42.357054,2.134
-71.116528,42.356370,2.134
-71.116280,42.355658,2.134
-71.115719,42.354893,2.134
-71.114910,42.354257,2.134
-71.114000,42.353761,2.134
-71.113490,42.353523,2.134
-71.113101,42.353375,2.134
-71.112021,42.353148,2.134
-71.111086,42.353080,2.134
-71.110749,42.352998,2.134
-71.126949,42.373195,2.134
-71.126117,42.372621,2.134
-71.125629,42.372169,2.134
-71.124851,42.371152,2.134
-71.124578,42.370612,2.134
-71.124206,42.369846,2.134
-71.123920,42.369585,2.134
-71.123191,42.369144,2.134
-71.122414,42.369007,2.134
-71.122164,42.369072,2.134
-71.121892,42.369112,2.134
-71.121649,42.368959,2.134
-71.121200,42.368930,2.134
-71.120512,42.368910,2.134
-71.120333,42.368982,2.134
-71.120589,42.369216,2.134
-71.120471,42.369340,2.134
-71.120044,42.369342,2.134
-71.119463,42.369151,2.134
-71.118990,42.369081,2.134
-71.118419,42.368893,2.134
-71.117946,42.368629,2.134
-71.117646,42.368505,2.134
-71.117220,42.368028,2.134
-71.116897,42.367524,2.134
-71.116450,42.366524,2.134
-71.116329,42.365417,2.134
-71.116355,42.364938,2.134
-71.116389,42.364058,2.134
-71.116406,42.363599,2.134
-71.116379,42.362752,2.134
-71.116301,42.361717,2.134
-71.116373,42.361348,2.134
-71.116270,42.361066,2.134
-71.116201,42.360592,2.134
-71.116172,42.359304,2.134
-71.116354,42.358404,2.134
-71.127203,42.373402,2.134
-71.127124,42.373340,2.134
-71.127076,42.373316,2.134
-71.156203,42.359774,2.134
-71.156883,42.359870,2.134
-71.157842,42.359923,2.134
-71.159105,42.359868,2.134
-71.159857,42.359672,2.134
-71.160440,42.359417,2.134
-71.160791,42.359178,2.134
-71.161023,42.359082,2.134
-71.161472,42.358805,2.134
-71.161873,42.358593,2.134
-71.162322,42.358467,2.134
-71.162674,42.358429,2.134
-71.163354,42.358446,2.134
-71.163755,42.358516,2.134
-71.164544,42.358953,2.134
-71.164902,42.359259,2.134
-71.165076,42.359458,2.134
-71.164736,42.359259,2.134
-71.164010,42.358861,2.134
-71.163193,42.358665,2.134
-71.162796,42.358650,2.134
-71.162371,42.358676,2.134
-71.161956,42.358854,2.134
-71.161295,42.359268,2.134
-71.160695,42.359590,2.134
-71.160100,42.359882,2.134
-71.159372,42.360144,2.134
-71.158461,42.360229,2.134
-71.157684,42.360245,2.134
-71.156142,42.360102,2.134
-71.155013,42.360138,2.134
-71.154042,42.360271,2.134
-71.153313,42.360443,2.134
-71.152500,42.360731,2.134
-71.151504,42.361009,2.134
-71.150691,42.361106,2.134
-71.149489,42.361176,2.134
-71.148226,42.361348,2.134
-71.147755,42.361564,2.134
-71.147280,42.361915,2.134
-71.146584,42.362419,2.134
-71.145961,42.363041,2.134
-71.145432,42.364004,2.134
-71.145071,42.364607,2.134
-71.144716,42.364976,2.134
-71.144207,42.365224,2.134
-71.143564,42.365348,2.134
-71.142775,42.365259,2.134
-71.141906,42.365021,2.134
-71.140735,42.364678,2.134
-71.140043,42.364604,2.134
-71.139509,42.364725,2.134
-71.139095,42.364895,2.134
-71.138518,42.365345,2.134
-71.137897,42.365840,2.134
-71.137203,42.366515,2.134
-71.136802,42.366903,2.134
-71.136133,42.367269,2.134
-71.135368,42.367615,2.134
-71.134385,42.367966,2.134
-71.133584,42.368351,2.134
-71.132361,42.369216,2.134
-71.132044,42.369918,2.134
-71.132119,42.370486,2.134
-71.132807,42.371433,2.134
-71.133173,42.371710,2.134
-71.133318,42.371836,2.134
-71.133444,42.372502,2.134
-71.133341,42.372880,2.134
-71.132876,42.373393,2.134
-71.132370,42.373736,2.134
-71.131799,42.374038,2.134
-71.130864,42.374208,2.134
-71.130221,42.374249,2.134
-71.130002,42.374251,2.134
-71.129807,42.374204,2.134
-71.129720,42.374195,2.134
-71.129601,42.374186,2.134
-71.129489,42.374177,2.134
-71.129322,42.374164,2.134
-71.128885,42.374104,2.134
-71.128247,42.373925,2.134
-71.127598,42.373590,2.134
-71.127055,42.373312,1.524
-71.127100,42.373363,1.524
-71.127185,42.373402,1.524
-71.116124,42.358410,1.524
-71.116044,42.358926,1.524
-71.116150,42.360592,1.524
-71.116191,42.361006,1.524
-71.116340,42.361276,1.524
-71.116228,42.361807,1.524
-71.116245,42.362410,1.524
-71.116316,42.362779,1.524
-71.116297,42.363311,1.524
-71.116350,42.363590,1.524
-71.116298,42.363761,1.524
-71.116368,42.364445,1.524
-71.116302,42.364796,1.524
-71.116263,42.365435,1.524
-71.116428,42.366921,1.524
-71.116804,42.367551,1.524
-71.117266,42.368216,1.524
-71.117521,42.368529,1.524
-71.117703,42.368620,1.524
-71.118128,42.368813,1.524
-71.118556,42.369099,1.524
-71.119439,42.369319,1.524
-71.120253,42.369395,1.524
-71.120374,42.369410,1.524
-71.120545,42.369369,1.524
-71.121576,42.369252,1.524
-71.122365,42.369104,1.524
-71.122851,42.369105,1.524
-71.123316,42.369315,1.524
-71.123920,42.369729,1.524
-71.124307,42.370234,1.524
-71.124599,42.370945,1.524
-71.125010,42.371557,1.524
-71.125548,42.372160,1.524
-71.126315,42.372817,1.524
-71.126918,42.373217,1.524
-71.110745,42.353025,1.524
-71.111219,42.353132,1.524
-71.111669,42.353289,1.524
-71.111948,42.353310,1.524
-71.112604,42.353437,1.524
-71.113211,42.353612,1.524
-71.113587,42.353768,1.524
-71.114177,42.354065,1.524
-71.114990,42.354533,1.524
-71.115712,42.355138,1.524
-71.116034,42.355712,1.524
-71.116265,42.356253,1.524
-71.116450,42.356550,1.524
-71.116425,42.357108,1.524
-71.116303,42.357711,1.524
-71.129773,42.374258,1.524
-71.129808,42.374257,1.524
-71.129686,42.374245,1.524
-71.129541,42.374240,1.524
-71.129577,42.374237,1.524
-71.129430,42.374222,1.524
-71.129443,42.374222,1.524
-71.129480,42.374229,1.524
-71.129334,42.374218,1.524
-71.127307,42.373476,1.524
-71.127841,42.373765,1.524
-71.128691,42.374079,1.524
-71.128788,42.374113,1.524
-71.128921,42.374152,1.524
-71.129031,42.374169,1.524
-71.129189,42.374203,1.524
-71.127238,42.373447,1.524
-71.167167,42.359860,1.524
-71.167167,42.359844,1.524
-71.167167,42.359860,1.524
-71.117314,42.365129,1.524
-71.117350,42.366371,1.524
-71.117484,42.366984,1.524
-71.117885,42.367708,1.524
-71.118286,42.368088,1.524
-71.118881,42.368313,1.524
-71.119585,42.368383,1.524
-71.120228,42.368313,1.524
-71.120884,42.368267,1.524
-71.121807,42.368177,1.524
-71.122183,42.368208,1.524
-71.122280,42.368216,1.524
-71.122450,42.368288,1.524
-71.123179,42.368597,1.524
-71.123591,42.368801,1.524
-71.123992,42.368839,1.524
-71.124531,42.369063,1.524
-71.124988,42.369366,1.524
-71.125413,42.369800,1.524
-71.125500,42.370017,1.524
-71.125461,42.370138,1.524
-71.125300,42.370198,1.524
-71.125496,42.370639,1.524
-71.125719,42.371134,1.524
-71.125920,42.371422,1.524
-71.126167,42.371791,1.524
-71.126737,42.372403,1.524
-71.127562,42.373044,1.524
-71.128217,42.373420,1.524
-71.128788,42.373617,1.524
-71.130038,42.373776,1.524
-71.130961,42.373734,1.524
-71.131993,42.373400,1.524
-71.132515,42.373027,1.524
-71.132749,42.372718,1.524
-71.132769,42.372259,1.524
-71.132545,42.371872,1.524
-71.131791,42.371107,1.524
-71.131413,42.370432,1.524
-71.131278,42.369747,1.524
-71.131444,42.369306,1.524
-71.131842,42.368874,1.524
-71.132855,42.368129,1.524
-71.134179,42.367518,1.524
-71.134807,42.367290,1.524
-71.135336,42.367020,1.524
-71.136303,42.366628,1.524
-71.137195,42.365876,1.524
-71.137743,42.365336,1.524
-71.138343,42.364917,1.524
-71.138513,42.364730,1.524
-71.138938,42.364503,1.524
-71.139642,42.364255,1.524
-71.140480,42.364212,1.524
-71.140905,42.364308,1.524
-71.141512,42.364452,1.524
-71.142702,42.364823,1.524
-71.143491,42.364879,1.524
-71.144074,42.364698,1.524
-71.144535,42.364365,1.524
-71.144997,42.363797,1.524
-71.145400,42.363005,1.524
-71.145959,42.362338,1.524
-71.146587,42.361905,1.524
-71.147043,42.361618,1.524
-71.147620,42.361195,1.524
-71.148469,42.360888,1.524
-71.149598,42.360740,1.524
-71.150181,42.360784,1.524
-71.151079,42.360697,1.524
-71.152087,42.360526,1.524
-71.153726,42.359978,1.524
-71.154151,42.359948,1.524
-71.154807,42.359759,1.524
-71.155159,42.359733,1.524
-71.155693,42.359678,1.524
-71.117913,42.356055,1.524
-71.117877,42.356307,1.524
-71.117813,42.356460,1.524
-71.117888,42.356829,1.524
-71.117747,42.357342,1.524
-71.117379,42.358503,1.524
-71.117158,42.359259,1.524
-71.117144,42.359647,1.524
-71.117210,42.360340,1.524
-71.117231,42.360880,1.524
-71.117164,42.361186,1.524
-71.117299,42.361456,1.524
-71.117394,42.361924,1.524
-71.117421,42.362482,1.524
-71.117452,42.363185,1.524
-71.117393,42.363671,1.524
-71.117364,42.364103,1.524
-71.111164,42.352229,1.524
-71.111280,42.352227,1.524
-71.111353,42.352236,1.524
-71.111620,42.352207,1.524
-71.112477,42.352238,1.524
-71.112701,42.352326,1.524
-71.113041,42.352310,1.524
-71.114073,42.352670,1.524
-71.115338,42.353372,1.524
-71.115712,42.353560,1.524
-71.116052,42.353794,1.524
-71.116768,42.354196,1.524
-71.117387,42.354722,1.524
-71.117618,42.355050,1.524
-71.117824,42.355658,1.524
-71.117764,42.355751,1.524
-71.117443,42.355839,1.524
-71.117488,42.355938,1.524
-71.117691,42.355950,1.524
-71.117788,42.355859,1.524
-71.117914,42.355929,1.524
-71.156519,42.359771,1.524
-71.157514,42.359849,1.524
-71.158777,42.359831,1.524
-71.159809,42.359613,1.524
-71.160392,42.359332,1.524
-71.160999,42.359025,1.524
-71.161225,42.358836,1.524
-71.161594,42.358607,1.524
-71.161970,42.358412,1.524
-71.162468,42.358327,1.524
-71.163075,42.358270,1.524
-71.163548,42.358362,1.524
-71.164107,42.358512,1.524
-71.164678,42.358881,1.524
-71.165697,42.359590,1.524
-71.165977,42.359686,1.524
-71.166462,42.359763,1.524
-71.166948,42.359881,1.524
-71.167068,42.359782,1.524
-71.167118,42.359692,1.524
-71.167417,42.359647,1.524
-71.167514,42.359710,1.524
-71.167407,42.359827,1.524
-71.167200,42.359854,1.524
-71.167209,42.359953,1.524
-71.167009,42.359983,1.524
-71.166827,42.360028,1.524
-71.166195,42.360082,1.524
-71.165685,42.360073,1.524
-71.164702,42.359413,1.524
-71.164180,42.359031,1.524
-71.163731,42.358842,1.524
-71.162905,42.358743,1.524
-71.162176,42.358869,1.524
-71.161764,42.359079,1.524
-71.161205,42.359403,1.524
-71.160137,42.359941,1.524
-71.159505,42.360153,1.524
-71.159056,42.360220,1.524
-71.158910,42.360221,1.524
-71.158753,42.360240,1.524
-71.158655,42.360243,1.524
-71.158498,42.360266,1.524
-71.157854,42.360259,1.524
-71.157538,42.360279,1.524
-71.156033,42.360121,1.524
-71.154831,42.360207,1.524
-71.153556,42.360472,1.524
-71.152342,42.360882,1.524
-71.150994,42.361117,1.524
-71.150351,42.361173,1.524
-71.150216,42.361177,1.524
-71.150023,42.361207,1.524
-71.149792,42.361212,1.524
-71.148955,42.361249,1.524
-71.148517,42.361292,1.524
-71.147935,42.361490,1.524
-71.147510,42.361756,1.524
-71.147048,42.362111,1.524
-71.146618,42.362455,1.524
-71.146029,42.363109,1.524
-71.145726,42.363590,1.524
-71.145548,42.363959,1.524
-71.145141,42.364634,1.524
-71.144693,42.365043,1.524
-71.144049,42.365291,1.524
-71.143588,42.365379,1.524
-71.142762,42.365287,1.524
-71.141536,42.364940,1.524
-71.140577,42.364692,1.524
-71.139849,42.364672,1.524
-71.139353,42.364832,1.524
-71.138837,42.365147,1.524
-71.138015,42.365826,1.524
-71.137267,42.366570,1.524
-71.136613,42.367074,1.524
-71.135951,42.367461,1.524
-71.135368,42.367685,1.524
-71.134264,42.368067,1.524
-71.133183,42.368655,1.524
-71.132480,42.369243,1.524
-71.132179,42.369774,1.524
-71.132174,42.370387,1.524
-71.132515,42.371035,1.524
-71.132904,42.371446,1.524
-71.133329,42.371736,1.524
-71.133376,42.371926,1.524
-71.133506,42.372457,1.524
-71.133427,42.372817,1.524
-71.132879,42.373434,1.524
-71.132382,42.373764,1.524
-71.132030,42.373975,1.524
-71.131629,42.374123,1.524
-71.131495,42.374145,1.524
-71.131289,42.374196,1.524
-71.131204,42.374212,1.524
-71.131095,42.374231,1.524
-71.131022,42.374229,1.524
-71.130694,42.374245,1.524
-71.130500,42.374220,1.524
-71.182477,42.360785,1.524
-71.182173,42.360705,1.524
-71.181443,42.360457,1.524
-71.181080,42.360387,1.524
-71.180789,42.360273,1.524
-71.180489,42.360196,1.524
-71.180571,42.360162,1.524
-71.181700,42.360457,1.524
-71.182336,42.360691,1.524
-71.182498,42.360781,1.524
-71.183715,42.363326,1.524
-71.183630,42.363203,1.524
-71.183472,42.362789,1.524
-71.183315,42.362284,1.524
-71.183175,42.361582,1.524
-71.182933,42.361078,1.524
-71.182588,42.360835,1.524
-71.182707,42.360815,1.524
-71.182926,42.360911,1.524
-71.183163,42.361159,1.524
-71.183289,42.361627,1.524
-71.183394,42.362122,1.524
-71.183765,42.363149,1.524
-71.184480,42.364513,1.524
-71.184346,42.364445,1.524
-71.184383,42.364417,1.524
-71.184497,42.364508,1.524
-71.184843,42.364715,1.524
-71.184931,42.364715,1.524
-71.184890,42.364715,1.524
-71.184931,42.364715,1.524
-71.184905,42.364687,1.524
-71.184832,42.364621,1.524
-71.184995,42.364616,1.524
-71.116224,42.364994,1.219
-71.116227,42.364967,1.219
-71.116230,42.364940,1.219
-71.116235,42.364904,1.219
-71.116240,42.364877,1.219
-71.116247,42.364823,1.219
-71.116267,42.363158,1.219
-71.116235,42.362572,1.219
-71.116265,42.364751,1.219
-71.116275,42.364715,1.219
-71.116344,42.364238,1.219
-71.116270,42.363876,1.219
-71.116269,42.363455,1.219
-71.116198,42.361681,1.219
-71.116299,42.361447,1.219
-71.116161,42.361033,1.219
-71.116102,42.360736,1.219
-71.116084,42.360331,1.219
-71.115995,42.359232,1.219
-71.116026,42.358782,1.219
-71.116091,42.358350,1.219
-71.116270,42.358099,1.219
-71.116260,42.357711,1.219
-71.116369,42.357108,1.219
-71.116360,42.356550,1.219
-71.116209,42.356325,1.219
-71.115909,42.355532,1.219
-71.115663,42.355174,1.219
-71.114916,42.354551,1.219
-71.114317,42.354209,1.219
-71.113728,42.353885,1.219
-71.113331,42.353795,1.219
-71.112676,42.353529,1.219
-71.112373,42.353525,1.219
-71.111936,42.353358,1.219
-71.111605,42.353300,1.219
-71.110855,42.353089,1.219
-71.117424,42.361924,1.219
-71.117316,42.361420,1.219
-71.117181,42.361177,1.219
-71.117233,42.360493,1.219
-71.117215,42.360034,1.219
-71.117662,42.355848,1.219
-71.117533,42.355822,1.219
-71.117488,42.355893,1.219
-71.117606,42.355922,1.219
-71.111292,42.352214,1.219
-71.111632,42.352182,1.219
-71.111766,42.352202,1.219
-71.112276,42.352200,1.219
-71.112519,42.352223,1.219
-71.113077,42.352298,1.219
-71.114073,42.352646,1.219
-71.115372,42.353367,1.219
-71.115724,42.353548,1.219
-71.115897,42.353696,1.219
-71.116622,42.354091,1.219
-71.117273,42.354560,1.219
-71.117658,42.355037,1.219
-71.117887,42.355685,1.219
-71.117913,42.355866,1.219
-71.117928,42.356055,1.219
-71.117957,42.356244,1.219
-71.117889,42.356424,1.219
-71.117953,42.356613,1.219
-71.117872,42.357099,1.219
-71.117640,42.357954,1.219
-71.117308,42.358836,1.219
-71.117192,42.359259,1.219
-71.117177,42.359602,1.219
-71.117426,42.361951,1.219
-71.117430,42.362653,1.219
-71.117495,42.363293,1.219
-71.117435,42.363833,1.219
-71.117374,42.364247,1.219
-71.117380,42.364985,1.219
-71.117342,42.365543,1.219
-71.117490,42.366723,1.219
-71.117795,42.367515,1.219
-71.118121,42.367947,1.219
-71.118565,42.368244,1.219
-71.119451,42.368359,1.219
-71.120471,42.368275,1.219
-71.120957,42.368231,1.219
-71.121406,42.368169,1.219
-71.121722,42.368140,1.219
-71.121892,42.368169,1.219
-71.122122,42.368198,1.219
-71.120386,42.369438,1.219
-71.120253,42.369428,1.219
-71.119804,42.369396,1.219
-71.118759,42.369201,1.219
-71.118372,42.369045,1.219
-71.117679,42.368647,1.219
-71.117410,42.368424,1.219
-71.116858,42.367731,1.219
-71.116535,42.367236,1.219
-71.116222,42.366254,1.219
-71.116224,42.365192,1.219
-71.120477,42.369432,1.219
-71.120447,42.369431,1.219
-71.126894,42.373222,1.219
-71.126226,42.372778,1.219
-71.125522,42.372169,1.219
-71.124980,42.371566,1.219
-71.124535,42.370882,1.219
-71.124263,42.370225,1.219
-71.123726,42.369621,1.219
-71.123154,42.369232,1.219
-71.122511,42.369113,1.219
-71.121807,42.369209,1.219
-71.121576,42.369281,1.219
-71.121008,42.369324,1.219
-71.120860,42.369363,1.219
-71.120738,42.369364,1.219
-71.120592,42.369408,1.219
-71.127169,42.373411,1.219
-71.127152,42.373393,1.219
-71.129031,42.374188,1.219
-71.128921,42.374172,1.219
-71.128958,42.374176,1.219
-71.128897,42.374165,1.219
-71.128849,42.374155,1.219
-71.128205,42.373960,1.219
-71.128545,42.374059,1.219
-71.128679,42.374094,1.219
-71.127683,42.373692,1.219
-71.127707,42.373704,1.219
-71.127673,42.373681,1.219
-71.131022,42.374246,1.219
-71.130973,42.374254,1.219
-71.130900,42.374266,1.219
-71.130796,42.374267,1.219
-71.130828,42.374265,1.219
-71.130409,42.374285,1.219
-71.130682,42.374260,1.219
-71.145057,42.363606,1.219
-71.122257,42.368181,1.219
-71.122292,42.368191,1.219
-71.122584,42.368311,1.219
-71.123037,42.368460,1.219
-71.123252,42.368631,1.219
-71.123676,42.368799,1.219
-71.124548,42.369018,1.219
-71.125085,42.369369,1.219
-71.125527,42.369927,1.219
-71.125692,42.370203,1.219
-71.125745,42.370378,1.219
-71.125607,42.370373,1.219
-71.125563,42.370495,1.219
-71.125887,42.371206,1.219
-71.126246,42.371764,1.219
-71.126708,42.372304,1.219
-71.127052,42.372619,1.219
-71.127707,42.373080,1.219
-71.128472,42.373488,1.219
-71.129322,42.373695,1.219
-71.130330,42.373743,1.219
-71.131423,42.373580,1.219
-71.132090,42.373307,1.219
-71.132628,42.372871,1.219
-71.132765,42.372538,1.219
-71.132667,42.372043,1.219
-71.132427,42.371746,1.219
-71.131817,42.371170,1.219
-71.131454,42.370612,1.219
-71.131196,42.369909,1.219
-71.131244,42.369612,1.219
-71.131490,42.369162,1.219
-71.132309,42.368465,1.219
-71.133062,42.367983,1.219
-71.134349,42.367408,1.219
-71.135088,42.367128,1.219
-71.135429,42.366961,1.219
-71.135915,42.366824,1.219
-71.136619,42.366375,1.219
-71.137355,42.365660,1.219
-71.137862,42.365183,1.219
-71.138319,42.364898,1.219
-71.138479,42.364715,1.219
-71.139424,42.364269,1.219
-71.140334,42.364170,1.219
-71.140929,42.364273,1.219
-71.141524,42.364415,1.219
-71.142690,42.364787,1.219
-71.143370,42.364853,1.219
-71.144001,42.364701,1.219
-71.144589,42.364283,1.219
-71.145052,42.363617,1.219
-71.145079,42.363563,1.219
-71.145086,42.363545,1.219
-71.167768,42.361564,1.219
-71.167616,42.361624,1.219
-71.167369,42.361555,1.219
-71.167516,42.361474,1.219
-71.167718,42.361456,1.219
-71.167786,42.361483,1.219
-71.168241,42.361474,1.219
-71.167864,42.361456,1.219
-71.168033,42.361357,1.219
-71.168247,42.361311,1.219
-71.168342,42.361411,1.219
-71.169595,42.360858,1.219
-71.169676,42.360754,1.219
-71.169514,42.360700,1.219
-71.169061,42.360864,1.219
-71.168394,42.361150,1.219
-71.168453,42.361183,1.219
-71.168806,42.361112,1.219
-71.170414,42.359467,1.219
-71.170129,42.359461,1.219
-71.170153,42.359431,1.219
-71.170414,42.359467,1.219
-71.172909,42.358906,1.219
-71.172885,42.358802,1.219
-71.172946,42.358854,1.219
-71.173765,42.358953,1.219
-71.173759,42.359051,1.219
-71.173395,42.359089,1.219
-71.173362,42.359034,1.219
-71.175593,42.359016,1.219
-71.175508,42.359050,1.219
-71.175544,42.358974,1.219
-71.179356,42.359953,1.219
-71.179308,42.359939,1.219
-71.184619,42.364589,1.219
-71.184359,42.364509,1.219
-71.183868,42.363815,1.219
-71.183644,42.363347,1.219
-71.183340,42.362563,1.219
-71.183132,42.361582,1.219
-71.182876,42.361078,1.219
-71.182440,42.360841,1.219
-71.181797,42.360669,1.219
-71.181190,42.360471,1.219
-71.180595,42.360336,1.219
-71.180182,42.360236,1.219
-71.179745,42.360061,1.219
-71.179684,42.359989,1.219
-71.180243,42.360001,1.219
-71.180765,42.360145,1.219
-71.181724,42.360430,1.219
-71.182460,42.360682,1.219
-71.183061,42.360979,1.219
-71.183252,42.361231,1.219
-71.183333,42.361564,1.219
-71.183408,42.361960,1.219
-71.183744,42.362905,1.219
-71.183895,42.363608,1.219
-71.184099,42.363968,1.219
-71.184213,42.364170,1.219
-71.184393,42.364157,1.219
-71.184383,42.364249,1.219
-71.184406,42.364373,1.219
-71.184628,42.364580,1.219
-71.184986,42.364742,1.219
-71.184881,42.364480,1.219
-71.184785,42.364562,1.219
-71.184742,42.364652,1.219
-71.184808,42.364739,1.219
-71.155693,42.359640,1.219
-71.155232,42.359681,1.219
-71.154867,42.359700,1.219
-71.154564,42.359839,1.219
-71.153698,42.359953,1.219
-71.152366,42.360438,1.219
-71.151581,42.360601,1.219
-71.150836,42.360696,1.219
-71.149999,42.360762,1.219
-71.149513,42.360719,1.219
-71.149282,42.360745,1.219
-71.149173,42.360750,1.219
-71.148991,42.360783,1.219
-71.148882,42.360787,1.219
-71.148639,42.360836,1.219
-71.148530,42.360851,1.219
-71.147838,42.361054,1.219
-71.147148,42.361501,1.219
-71.146745,42.361802,1.219
-71.146223,42.362134,1.219
-71.145552,42.362716,1.219
-71.145312,42.363085,1.219
-71.148870,42.361285,1.219
-71.149622,42.361215,1.219
-71.149804,42.361243,1.219
-71.150242,42.361198,1.219
-71.150351,42.361198,1.219
-71.150715,42.361152,1.219
-71.150812,42.361157,1.219
-71.151529,42.361071,1.219
-71.152840,42.360748,1.219
-71.153775,42.360454,1.219
-71.154863,42.360223,1.219
-71.155693,42.360137,1.219
-71.155912,42.360143,1.219
-71.156130,42.360150,1.219
-71.157101,42.360269,1.219
-71.157283,42.360273,1.219
-71.157672,42.360298,1.219
-71.157793,42.360282,1.219
-71.158121,42.360304,1.219
-71.158400,42.360286,1.219
-71.158498,42.360292,1.219
-71.158655,42.360272,1.219
-71.158753,42.360268,1.219
-71.159044,42.360238,1.219
-71.159253,42.360232,1.219
-71.159408,42.360195,1.219
-71.159481,42.360185,1.219
-71.160140,42.359971,1.219
-71.161242,42.359425,1.219
-71.161666,42.359175,1.219
-71.161994,42.358974,1.219
-71.162601,42.358809,1.219
-71.163403,42.358796,1.219
-71.163876,42.358915,1.219
-71.164429,42.359232,1.219
-71.165382,42.359988,1.219
-71.165673,42.360242,1.219
-71.165782,42.360297,1.219
-71.166025,42.360154,1.219
-71.166899,42.360182,1.219
-71.167288,42.360109,1.219
-71.167640,42.359996,1.219
-71.167907,42.359941,1.219
-71.168405,42.359772,1.219
-71.168463,42.359692,1.219
-71.168235,42.359662,1.219
-71.167944,42.359616,1.219
-71.167786,42.359557,1.219
-71.167397,42.359598,1.219
-71.166657,42.359693,1.219
-71.166219,42.359576,1.219
-71.166001,42.359577,1.219
-71.165722,42.359514,1.219
-71.165276,42.359232,1.219
-71.165023,42.359025,1.219
-71.164573,42.358719,1.219
-71.164196,42.358476,1.219
-71.163694,42.358312,1.219
-71.163196,42.358219,1.219
-71.162796,42.358251,1.219
-71.162091,42.358319,1.219
-71.161569,42.358586,1.219
-71.161136,42.358872,1.219
-71.160804,42.359070,1.219
-71.159836,42.359566,1.219
-71.159141,42.359756,1.219
-71.158097,42.359830,1.219
-71.157211,42.359795,1.219
-71.156361,42.359693,1.219
-71.133410,42.371917,1.219
-71.133366,42.371728,1.219
-71.132879,42.371391,1.219
-71.132346,42.370684,1.219
-71.132189,42.370225,1.219
-71.132300,42.369612,1.219
-71.132532,42.369261,1.219
-71.133371,42.368559,1.219
-71.134980,42.367832,1.219
-71.136121,42.367393,1.219
-71.136886,42.366960,1.219
-71.137299,42.366598,1.219
-71.138065,42.365831,1.219
-71.139027,42.365066,1.219
-71.139411,42.364855,1.219
-71.139861,42.364708,1.219
-71.140565,42.364716,1.219
-71.141536,42.364961,1.219
-71.141900,42.365078,1.219
-71.142192,42.365148,1.219
-71.142738,42.365302,1.219
-71.142920,42.365344,1.219
-71.143078,42.365374,1.219
-71.143588,42.365407,1.219
-71.144049,42.365309,1.219
-71.144698,42.365066,1.219
-71.145182,42.364634,1.219
-71.145665,42.363842,1.219
-71.145979,42.363266,1.219
-71.146136,42.363068,1.219
-71.146514,42.362602,1.219
-71.147243,42.362026,1.219
-71.147522,42.361768,1.219
-71.147947,42.361499,1.219
-71.148517,42.361310,1.219
-71.131811,42.374085,1.219
-71.132248,42.373882,1.219
-71.132612,42.373688,1.219
-71.133391,42.372925,1.219
-71.133536,42.372538,1.219
-71.133481,42.372079,1.219
-71.131495,42.374163,1.219
-71.131527,42.374159,1.219
-71.131410,42.374178,1.219
-71.115891,42.359142,0.610
-71.115894,42.358740,0.610
-71.115919,42.359404,0.610
-71.115933,42.359566,0.610
-71.116252,42.361222,0.610
-71.112434,42.353634,0.610
-71.112482,42.353625,0.610
-71.113660,42.353974,0.610
-71.114415,42.354353,0.610
-71.115001,42.354713,0.610
-71.115675,42.355320,0.610
-71.115883,42.355902,0.610
-71.116150,42.356577,0.610
-71.116263,42.356919,0.610
-71.116201,42.357585,0.610
-71.116196,42.357810,0.610
-71.116133,42.358107,0.610
-71.116352,42.367083,0.610
-71.116365,42.367110,0.610
-71.116378,42.367137,0.610
-71.117314,42.360955,0.610
-71.117326,42.360926,0.610
-71.117339,42.360891,0.610
-71.117330,42.360916,0.610
-71.117596,42.363293,0.610
-71.117527,42.362644,0.610
-71.115420,42.353340,0.610
-71.115942,42.353660,0.610
-71.117135,42.354353,0.610
-71.117676,42.354902,0.610
-71.117950,42.355505,0.610
-71.118002,42.355839,0.610
-71.112468,42.352148,0.610
-71.112725,42.352232,0.610
-71.112968,42.352232,0.610
-71.113271,42.352307,0.610
-71.114060,42.352594,0.610
-71.114466,42.352796,0.610
-71.115117,42.353161,0.610
-71.117774,42.357801,0.610
-71.118037,42.356091,0.610
-71.118049,42.356253,0.610
-71.118041,42.356730,0.610
-71.117866,42.357360,0.610
-71.119621,42.369444,0.610
-71.119658,42.369449,0.610
-71.117809,42.368784,0.610
-71.118504,42.369183,0.610
-71.119148,42.369392,0.610
-71.119233,42.369403,0.610
-71.119463,42.369437,0.610
-71.117472,42.364181,0.610
-71.117424,42.364374,0.610
-71.118613,42.368212,0.610
-71.119038,42.368233,0.610
-71.119512,42.368314,0.610
-71.119645,42.368299,0.610
-71.119852,42.368292,0.610
-71.120179,42.368217,0.610
-71.117473,42.364841,0.610
-71.117431,42.365138,0.610
-71.117499,42.365984,0.610
-71.117644,42.366858,0.610
-71.118213,42.367933,0.610
-71.120348,42.368208,0.610
-71.120447,42.368215,0.610
-71.120726,42.368188,0.610
-71.120908,42.368188,0.610
-71.121355,42.368109,0.610
-71.121382,42.368110,0.610
-71.122642,42.369162,0.610
-71.122086,42.369253,0.610
-71.121892,42.369251,0.610
-71.121637,42.369340,0.610
-71.122511,42.368241,0.610
-71.122996,42.368389,0.610
-71.123118,42.368446,0.610
-71.123137,42.368460,0.610
-71.123276,42.368600,0.610
-71.123664,42.368748,0.610
-71.123628,42.368743,0.610
-71.123591,42.368741,0.610
-71.123650,42.369657,0.610
-71.124393,42.370828,0.610
-71.124325,42.370585,0.610
-71.124143,42.370198,0.610
-71.124421,42.370837,0.610
-71.124471,42.370945,0.610
-71.124466,42.370979,0.610
-71.124480,42.370963,0.610
-71.124490,42.371007,0.610
-71.124490,42.370984,0.610
-71.124519,42.371044,0.610
-71.124510,42.371026,0.610
-71.124514,42.371065,0.610
-71.124526,42.371057,0.610
-71.124543,42.371089,0.610
-71.124552,42.371107,0.610
-71.124567,42.371134,0.610
-71.124579,42.371152,0.610
-71.124591,42.371170,0.610
-71.124790,42.371458,0.610
-71.131174,42.370071,0.610
-71.131258,42.370333,0.610
-71.131286,42.370414,0.610
-71.131277,42.370387,0.610
-71.131271,42.370369,0.610
-71.131292,42.370432,0.610
-71.131451,42.370756,0.610
-71.131439,42.370738,0.610
-71.131426,42.370720,0.610
-71.131592,42.370996,0.610
-71.131753,42.371197,0.610
-71.131946,42.371377,0.610
-71.131992,42.371422,0.610
-71.131974,42.371404,0.610
-71.132042,42.371473,0.610
-71.132444,42.373799,0.610
-71.132661,42.372632,0.610
-71.132662,42.372610,0.610
-71.124041,42.368764,0.610
-71.124793,42.369041,0.610
-71.125150,42.369306,0.610
-71.125609,42.369909,0.610
-71.125830,42.370198,0.610
-71.126331,42.371503,0.610
-71.126660,42.372052,0.610
-71.127503,42.372835,0.610
-71.128189,42.373258,0.610
-71.128970,42.373563,0.610
-71.129735,42.373669,0.610
-71.129917,42.373676,0.610
-71.130378,42.373660,0.610
-71.130548,42.373655,0.610
-71.131386,42.373515,0.610
-71.132212,42.373150,0.610
-71.132627,42.372763,0.610
-71.132673,42.372522,0.610
-71.132675,42.372502,0.610
-71.135180,42.366966,0.610
-71.134737,42.367224,0.610
-71.134033,42.367456,0.610
-71.133292,42.367783,0.610
-71.132260,42.368424,0.610
-71.131472,42.369045,0.610
-71.131202,42.369396,0.610
-71.131138,42.369693,0.610
-71.131108,42.369855,0.610
-71.134943,42.367891,0.610
-71.133840,42.368379,0.610
-71.132720,42.369198,0.610
-71.132388,42.369720,0.610
-71.132326,42.370279,0.610
-71.132558,42.370774,0.610
-71.132989,42.371326,0.610
-71.133455,42.371746,0.610
-71.133560,42.371971,0.610
-71.135210,42.367830,0.610
-71.141330,42.364985,0.610
-71.141123,42.364928,0.610
-71.141002,42.364920,0.610
-71.140905,42.364888,0.610
-71.140808,42.364859,0.610
-71.140565,42.364780,0.610
-71.140431,42.364781,0.610
-71.139970,42.364762,0.610
-71.139399,42.364989,0.610
-71.138440,42.365685,0.610
-71.137955,42.366089,0.610
-71.137481,42.366602,0.610
-71.136522,42.367296,0.610
-71.135757,42.367678,0.610
-71.135526,42.367737,0.610
-71.135235,42.367824,0.610
-71.141354,42.364987,0.610
-71.141415,42.365000,0.610
-71.141473,42.365012,0.610
-71.141517,42.365021,0.610
-71.133426,42.372973,0.610
-71.133414,42.372988,0.610
-71.133615,42.372124,0.610
-71.133592,42.372673,0.610
-71.135283,42.366932,0.610
-71.135757,42.366811,0.610
-71.136313,42.366524,0.610
-71.137090,42.365867,0.610
-71.137663,42.365287,0.610
-71.138137,42.364902,0.610
-71.138408,42.364679,0.610
-71.138950,42.364405,0.610
-71.139496,42.364196,0.610
-71.139727,42.364153,0.610
-71.139800,42.364139,0.610
-71.140006,42.364128,0.610
-71.140225,42.364112,0.610
-71.140346,42.364108,0.610
-71.141038,42.364201,0.610
-71.141815,42.364442,0.610
-71.142920,42.364745,0.610
-71.143649,42.364743,0.610
-71.144147,42.364552,0.610
-71.144608,42.364183,0.610
-71.144620,42.364173,0.610
-71.144637,42.364157,0.610
-71.144657,42.364135,0.610
-71.144670,42.364121,0.610
-71.146636,42.361816,0.610
-71.147255,42.361385,0.610
-71.147340,42.361326,0.610
-71.147364,42.361314,0.610
-71.147380,42.361303,0.610
-71.147073,42.362214,0.610
-71.146415,42.362860,0.610
-71.146115,42.363437,0.610
-71.145671,42.364040,0.610
-71.145409,42.364403,0.610
-71.145047,42.364850,0.610
-71.144644,42.365168,0.610
-71.144183,42.365338,0.610
-71.147680,42.361699,0.610
-71.147655,42.361715,0.610
-71.149331,42.361281,0.610
-71.149052,42.361320,0.610
-71.151237,42.361166,0.610
-71.151346,42.361151,0.610
-71.151310,42.361158,0.610
-71.151456,42.361139,0.610
-71.151431,42.361142,0.610
-71.151395,42.361148,0.610
-71.155389,42.360194,0.610
-71.155159,42.360242,0.610
-71.155013,42.360249,0.610
-71.154430,42.360356,0.610
-71.152835,42.360817,0.610
-71.152087,42.361042,0.610
-71.151759,42.361093,0.610
-71.151553,42.361127,0.610
-71.156640,42.360258,0.610
-71.156604,42.360256,0.610
-71.156676,42.360266,0.610
-71.156774,42.360275,0.610
-71.156737,42.360273,0.610
-71.156822,42.360285,0.610
-71.156900,42.360295,0.610
-71.156871,42.360288,0.610
-71.156858,42.360286,0.610
-71.156956,42.360300,0.610
-71.159894,42.360130,0.610
-71.169274,42.360475,0.610
-71.169097,42.360507,0.610
-71.169005,42.360394,0.610
-71.169182,42.360305,0.610
-71.169328,42.360367,0.610
-71.156045,42.359583,0.610
-71.155377,42.359576,0.610
-71.155001,42.359617,0.610
-71.154880,42.359635,0.610
-71.154442,42.359740,0.610
-71.153714,42.359884,0.610
-71.152561,42.360330,0.610
-71.152172,42.360428,0.610
-71.151577,42.360540,0.610
-71.150666,42.360652,0.610
-71.150606,42.360643,0.610
-71.150108,42.360714,0.610
-71.163840,42.358219,0.610
-71.163403,42.358109,0.610
-71.162966,42.358116,0.610
-71.162553,42.358179,0.610
-71.162334,42.358189,0.610
-71.161812,42.358347,0.610
-71.161387,42.358656,0.610
-71.161055,42.358872,0.610
-71.160780,42.359028,0.610
-71.159687,42.359532,0.610
-71.158843,42.359710,0.610
-71.157684,42.359732,0.610
-71.156579,42.359662,0.610
-71.173456,42.358738,0.610
-71.173091,42.358752,0.610
-71.172861,42.358717,0.610
-71.172533,42.358788,0.610
-71.172484,42.358771,0.610
-71.171985,42.358836,0.610
-71.171489,42.358911,0.610
-71.170809,42.359037,0.610
-71.169862,42.359091,0.610
-71.169279,42.359197,0.610
-71.168138,42.359383,0.610
-71.167324,42.359544,0.610
-71.167239,42.359552,0.610
-71.167045,42.359573,0.610
-71.166657,42.359612,0.610
-71.166298,42.359512,0.610
-71.165940,42.359343,0.610
-71.165479,42.359029,0.610
-71.164872,42.358631,0.610
-71.164386,42.358360,0.610
-71.161020,42.359611,0.610
-71.168745,42.361238,0.610
-71.168557,42.361276,0.610
-71.168552,42.361411,0.610
-71.168502,42.361533,0.610
-71.167749,42.361688,0.610
-71.166936,42.361682,0.610
-71.166547,42.361546,0.610
-71.166001,42.361101,0.610
-71.165742,42.360592,0.610
-71.165461,42.360169,0.610
-71.164495,42.359404,0.610
-71.163892,42.358980,0.610
-71.163318,42.358844,0.610
-71.162626,42.358877,0.610
-71.161994,42.359038,0.610
-71.161497,42.359388,0.610
-71.161047,42.359600,0.610
-71.169036,42.361220,0.610
-71.169655,42.361109,0.610
-71.169231,42.361190,0.610
-71.169964,42.360979,0.610
-71.168745,42.360829,0.610
-71.169133,42.360706,0.610
-71.169340,42.360603,0.610
-71.169558,42.360549,0.610
-71.169892,42.360538,0.610
-71.166110,42.360896,0.610
-71.166267,42.361168,0.610
-71.166559,42.361385,0.610
-71.166960,42.361500,0.610
-71.167434,42.361407,0.610
-71.168076,42.361213,0.610
-71.168587,42.360920,0.610
-71.182792,42.361096,0.610
-71.182210,42.360823,0.610
-71.181603,42.360694,0.610
-71.181044,42.360594,0.610
-71.180583,42.360476,0.610
-71.180182,42.360334,0.610
-71.179806,42.360192,0.610
-71.178907,42.359987,0.610
-71.178009,42.359815,0.610
-71.177292,42.359750,0.610
-71.176661,42.359699,0.610
-71.176213,42.359674,0.610
-71.175495,42.359591,0.610
-71.174791,42.359604,0.610
-71.174038,42.359614,0.610
-71.173601,42.359626,0.610
-71.173522,42.359593,0.610
-71.173759,42.359527,0.610
-71.173759,42.359483,0.610
-71.173431,42.359466,0.610
-71.173128,42.359502,0.610
-71.173082,42.359566,0.610
-71.173308,42.359629,0.610
-71.173163,42.359692,0.610
-71.172569,42.359779,0.610
-71.172132,42.359924,0.610
-71.171647,42.359928,0.610
-71.171282,42.359981,0.610
-71.170797,42.360026,0.610
-71.170524,42.360142,0.610
-71.170266,42.360205,0.610
-71.170003,42.360124,0.610
-71.169938,42.360259,0.610
-71.169739,42.360277,0.610
-71.169546,42.360169,0.610
-71.169316,42.360204,0.610
-71.168939,42.360241,0.610
-71.168599,42.360324,0.610
-71.168377,42.360313,0.610
-71.168316,42.360385,0.610
-71.168477,42.360484,0.610
-71.168368,42.360523,0.610
-71.168177,42.360502,0.610
-71.168004,42.360452,0.610
-71.167761,42.360430,0.610
-71.167118,42.360317,0.610
-71.166402,42.360311,0.610
-71.166025,42.360363,0.610
-71.165944,42.360448,0.610
-71.183102,42.361879,0.610
-71.183117,42.361960,0.610
-71.183113,42.361933,0.610
-71.183122,42.362032,0.610
-71.174177,42.358629,0.610
-71.174427,42.358668,0.610
-71.174536,42.358662,0.610
-71.174670,42.358707,0.610
-71.174816,42.358706,0.610
-71.176139,42.358964,0.610
-71.176637,42.359081,0.610
-71.178130,42.359254,0.610
-71.178616,42.359360,0.610
-71.179041,42.359472,0.610
-71.179114,42.359479,0.610
-71.179199,42.359509,0.610
-71.179271,42.359529,0.610
-71.179325,42.359557,0.610
-71.179842,42.359720,0.610
-71.180595,42.360045,0.610
-71.181093,42.360152,0.610
-71.181493,42.360283,0.610
-71.181688,42.360357,0.610
-71.182064,42.360479,0.610
-71.182671,42.360688,0.610
-71.183139,42.360961,0.610
-71.183908,42.363095,0.610
-71.184468,42.364637,0.610
-71.185148,42.364747,0.610
-71.185123,42.364757,0.610
-71.184990,42.364438,0.610
-71.184627,42.364184,0.610
-71.184195,42.363824,0.610
-71.183932,42.363329,0.610
-71.112699,42.352157,0.305
-71.112834,42.352185,0.305
-71.115954,42.353624,0.305
-71.115973,42.353633,0.305
-71.116012,42.353651,0.305
-71.116139,42.357828,0.305
-71.116027,42.358142,0.305
-71.116100,42.358053,0.305
-71.116177,42.356928,0.305
-71.115972,42.356460,0.305
-71.115775,42.355830,0.305
-71.115545,42.355262,0.305
-71.115097,42.354884,0.305
-71.114388,42.354398,0.305
-71.113393,42.353949,0.305
-71.117229,42.359494,0.305
-71.117487,42.364355,0.305
-71.117472,42.364370,0.305
-71.117566,42.364778,0.305
-71.118053,42.355658,0.305
-71.118058,42.355676,0.305
-71.118073,42.355884,0.305
-71.118104,42.356064,0.305
-71.118101,42.356424,0.305
-71.117539,42.364967,0.305
-71.117544,42.364940,0.305
-71.118067,42.367636,0.305
-71.117819,42.367155,0.305
-71.117640,42.366461,0.305
-71.117523,42.365552,0.305
-71.117861,42.368871,0.305
-71.118310,42.369155,0.305
-71.118638,42.368182,0.305
-71.118601,42.368182,0.305
-71.119245,42.368215,0.305
-71.122389,42.369239,0.305
-71.124179,42.368766,0.305
-71.124721,42.368965,0.305
-71.125218,42.369291,0.305
-71.125522,42.369673,0.305
-71.125509,42.369657,0.305
-71.125546,42.369702,0.305
-71.125607,42.369783,0.305
-71.125595,42.369767,0.305
-71.125631,42.369819,0.305
-71.129456,42.373592,0.305
-71.128970,42.373521,0.305
-71.128241,42.373223,0.305
-71.126928,42.372277,0.305
-71.126419,42.371485,0.305
-71.126075,42.370423,0.305
-71.125838,42.370123,0.305
-71.125693,42.369990,0.305
-71.129485,42.373582,0.305
-71.129504,42.373595,0.305
-71.129569,42.373600,0.305
-71.129985,42.373609,0.305
-71.130014,42.373613,0.305
-71.130051,42.373610,0.305
-71.130783,42.373573,0.305
-71.131180,42.369262,0.305
-71.131205,42.369261,0.305
-71.131250,42.369198,0.305
-71.131262,42.369180,0.305
-71.131265,42.369165,0.305
-71.131277,42.369159,0.305
-71.131277,42.369142,0.305
-71.131301,42.369126,0.305
-71.131301,42.369112,0.305
-71.131325,42.369098,0.305
-71.130925,42.373555,0.305
-71.131143,42.373523,0.305
-71.131653,42.373359,0.305
-71.131999,42.373213,0.305
-71.130913,42.373559,0.305
-71.132030,42.373197,0.305
-71.132054,42.373179,0.305
-71.132078,42.373170,0.305
-71.132102,42.373159,0.305
-71.132139,42.373145,0.305
-71.132272,42.368361,0.305
-71.133572,42.371862,0.305
-71.133511,42.371737,0.305
-71.133519,42.371764,0.305
-71.134403,42.368163,0.305
-71.133948,42.368371,0.305
-71.133230,42.368838,0.305
-71.132577,42.369486,0.305
-71.132413,42.370279,0.305
-71.132634,42.370756,0.305
-71.133048,42.371278,0.305
-71.133508,42.371728,0.305
-71.133704,42.372439,0.305
-71.133657,42.372079,0.305
-71.133718,42.372313,0.305
-71.132515,42.368182,0.305
-71.133171,42.367794,0.305
-71.134154,42.367371,0.305
-71.134706,42.367191,0.305
-71.134980,42.367040,0.305
-71.135939,42.366711,0.305
-71.136425,42.366378,0.305
-71.135453,42.366868,0.305
-71.137505,42.365331,0.305
-71.138052,42.364901,0.305
-71.138398,42.364634,0.305
-71.138428,42.364618,0.305
-71.138446,42.364607,0.305
-71.138477,42.364590,0.305
-71.138494,42.364580,0.305
-71.138537,42.364556,0.305
-71.138574,42.364536,0.305
-71.138756,42.364437,0.305
-71.139011,42.364320,0.305
-71.140006,42.364807,0.305
-71.139642,42.364915,0.305
-71.138640,42.365588,0.305
-71.138187,42.365984,0.305
-71.137705,42.366470,0.305
-71.136862,42.367152,0.305
-71.135878,42.367683,0.305
-71.140104,42.364803,0.305
-71.140067,42.364804,0.305
-71.140686,42.364076,0.305
-71.141014,42.364134,0.305
-71.141439,42.364248,0.305
-71.142253,42.364535,0.305
-71.142690,42.364644,0.305
-71.142920,42.364686,0.305
-71.143066,42.364705,0.305
-71.143163,42.364707,0.305
-71.143467,42.364701,0.305
-71.143588,42.364692,0.305
-71.143964,42.364602,0.305
-71.144608,42.365236,0.305
-71.144657,42.365214,0.305
-71.144632,42.365222,0.305
-71.144839,42.365088,0.305
-71.147419,42.362050,0.305
-71.146927,42.362427,0.305
-71.146377,42.363032,0.305
-71.146208,42.363428,0.305
-71.145755,42.364076,0.305
-71.145473,42.364436,0.305
-71.150290,42.360648,0.305
-71.150317,42.360646,0.305
-71.150351,42.360637,0.305
-71.150751,42.360599,0.305
-71.151067,42.360533,0.305
-71.151341,42.360493,0.305
-71.151395,42.360494,0.305
-71.151458,42.360484,0.305
-71.151715,42.360448,0.305
-71.151747,42.360451,0.305
-71.153083,42.360080,0.305
-71.153216,42.360020,0.305
-71.153289,42.359981,0.305
-71.153423,42.359930,0.305
-71.153898,42.359800,0.305
-71.154439,42.359683,0.305
-71.154625,42.359642,0.305
-71.154781,42.359593,0.305
-71.154807,42.359593,0.305
-71.152245,42.361053,0.305
-71.152221,42.361064,0.305
-71.152427,42.360996,0.305
-71.152791,42.360877,0.305
-71.152512,42.360970,0.305
-71.153107,42.360794,0.305
-71.155075,42.359557,0.305
-71.155232,42.359556,0.305
-71.155443,42.359503,0.305
-71.155814,42.359499,0.305
-71.155863,42.359503,0.305
-71.155893,42.359503,0.305
-71.160283,42.359989,0.305
-71.160273,42.360007,0.305
-71.160258,42.360020,0.305
-71.156021,42.359528,0.305
-71.160926,42.358942,0.305
-71.156349,42.359556,0.305
-71.156506,42.359585,0.305
-71.156907,42.359608,0.305
-71.157053,42.359628,0.305
-71.157247,42.359638,0.305
-71.157781,42.359660,0.305
-71.158749,42.359665,0.305
-71.159541,42.359521,0.305
-71.160501,42.359127,0.305
-71.161376,42.358611,0.305
-71.161767,42.358314,0.305
-71.161351,42.359512,0.305
-71.162723,42.358136,0.305
-71.162322,42.358993,0.305
-71.163257,42.358893,0.305
-71.162893,42.358905,0.305
-71.162371,42.358987,0.305
-71.163500,42.358922,0.305
-71.163463,42.358920,0.305
-71.163609,42.358941,0.305
-71.163867,42.359007,0.305
-71.165394,42.360193,0.305
-71.164467,42.359458,0.305
-71.163619,42.358089,0.305
-71.163682,42.358115,0.305
-71.163907,42.358170,0.305
-71.166380,42.359530,0.305
-71.166596,42.359549,0.305
-71.164423,42.358291,0.305
-71.164750,42.358446,0.305
-71.165292,42.358791,0.305
-71.165785,42.359124,0.305
-71.166162,42.360385,0.305
-71.166681,42.360400,0.305
-71.167458,42.360395,0.305
-71.167616,42.360439,0.305
-71.167895,42.360667,0.305
-71.166134,42.360390,0.305
-71.166017,42.360448,0.305
-71.168544,42.360898,0.305
-71.168016,42.361194,0.305
-71.167579,42.361324,0.305
-71.166863,42.361448,0.305
-71.166583,42.361348,0.305
-71.168344,42.360723,0.305
-71.167484,42.359485,0.305
-71.168053,42.359339,0.305
-71.169291,42.359098,0.305
-71.170238,42.359009,0.305
-71.171052,42.358927,0.305
-71.171537,42.358828,0.305
-71.171865,42.358806,0.305
-71.172096,42.358746,0.305
-71.167464,42.359485,0.305
-71.172897,42.358672,0.305
-71.173104,42.358689,0.305
-71.173473,42.358638,0.305
-71.172642,42.358737,0.305
-71.173516,42.358648,0.305
-71.174885,42.358638,0.305
-71.175362,42.358713,0.305
-71.175750,42.358819,0.305
-71.176464,42.359007,0.305
-71.176770,42.359033,0.305
-71.177037,42.359048,0.305
-71.177365,42.359080,0.305
-71.177462,42.359086,0.305
-71.177693,42.359142,0.305
-71.178118,42.359197,0.305
-71.178235,42.359214,0.305
-71.179802,42.359656,0.305
-71.179763,42.359647,0.305
-71.179728,42.359638,0.305
-71.179640,42.359602,0.305
-71.179660,42.359618,0.305
-71.179684,42.359627,0.305
-71.170991,42.360393,0.305
-71.169910,42.361118,0.305
-71.170178,42.361030,0.305
-71.169558,42.361203,0.305
-71.169122,42.361330,0.305
-71.167706,42.361753,0.305
-71.167975,42.361681,0.305
-71.168441,42.361604,0.305
-71.168608,42.361510,0.305
-71.168627,42.361312,0.305
-71.168762,42.361294,0.305
-71.167106,42.361730,0.305
-71.167494,42.361759,0.305
-71.171380,42.360309,0.305
-71.171804,42.360132,0.305
-71.172509,42.359870,0.305
-71.173529,42.359739,0.305
-71.174925,42.359687,0.305
-71.175763,42.359740,0.305
-71.175933,42.359767,0.305
-71.176212,42.359773,0.305
-71.176406,42.359747,0.305
-71.176758,42.359787,0.305
-71.176940,42.359782,0.305
-71.177220,42.359815,0.305
-71.177389,42.359823,0.305
-71.177766,42.359858,0.305
-71.178494,42.359965,0.305
-71.178793,42.360025,0.305
-71.178968,42.360062,0.305
-71.179623,42.360188,0.305
-71.179984,42.359701,0.305
-71.180316,42.359849,0.305
-71.180801,42.360031,0.305
-71.182100,42.360848,0.305
-71.181785,42.360800,0.305
-71.180704,42.360559,0.305
-71.181360,42.360708,0.305
-71.181505,42.360743,0.305
-71.181615,42.360753,0.305
-71.181748,42.360795,0.305
-71.182537,42.360594,0.305
-71.184410,42.363986,0.305
-71.184025,42.363383,0.305
-71.184739,42.364229,0.305
-71.185026,42.364409,0.305
