year,gender,event,winner,time,seconds,course_record
2024,men,90+ Singles 90+ years old,Christopher Collins,35:27.307,2127.307,False
2009,men,Alumni Eights,Northeastern University Rowing Alumni,15:13.543,913.543,False
2010,men,Alumni Eights,Northeastern University Rowing Alumni,15:32.673,932.673,False
2011,men,Alumni Eights,Northeastern University Rowing Alumni,15:27.931,927.931,False
2012,men,Alumni Eights,Northeastern Rowing Alumni,14:49.25,889.25,True
2013,men,Alumni Eights,Friends of Georgetown Rowing,14:49.645,889.645,False
2014,men,Alumni Eights,Northeastern University Rowing Alumni,14:53.351,893.351,False
2015,men,Alumni Eights,Northeastern University Rowing Alumni,15:45.285,945.285,False
2016,men,Alumni Eights,Michigan Rowing Association Alumni,14:48.253,888.253,True
2017,men,Alumni Eights,BMA Boat Club,14:42.019,882.019,True
2018,men,Alumni Eights,BMA Boat Club,15:11.801,911.801,False
2019,men,Alumni Eights,Michigan Rowing Association Alumni,14:47.413,887.413,False
2021,men,Alumni Eights,University of Washington Alumni,14:35.782,875.782,True
2022,men,Alumni Eights,UW Alumni,14:30.823,870.823,True
2023,men,Alumni Eights,Ex Nemo,14:14.912,854.912,True
2024,men,Alumni Eights,UW Alumni,14:07.670,847.67,True
2025,men,Alumni Eights,Brown Alumni,14:21.595,861.595,False
2021,men,Alumni Fours,BMA Boat Club,17:04.465,1024.465,True
2022,men,Alumni Fours,Delaware Men's Alumni,16:08.787,968.787,True
2023,men,Alumni Fours,BMA,16:15.553,975.553,False
2024,men,Alumni Fours,Crabtree,16:37.650,997.65,False
2025,men,Alumni Fours,Brock RC,16:32.985,992.985,False
1968,men,Championship Doubles,Spuyten Buyvill RC,22:44.7,1364.7,True
1970,men,Championship Doubles,Cambridge BC,17:34.0,1054.0,True
1971,men,Championship Doubles,New York A.C.,17:07.0,1027.0,True
1972,men,Championship Doubles,New York A.C.,17:04.3,1024.3,True
1973,men,Championship Doubles,New York A.C.,17:35.0,1055.0,False
1974,men,Championship Doubles,New York A.C.,17:38.9,1058.9,False
1975,men,Championship Doubles,New York A.C.,17:46.8,1066.8,False
1976,men,Championship Doubles,Riverside BC,17:14.2,1034.2,False
1977,men,Championship Doubles,Harvard Univ.,17:41.0,1061.0,False
1978,men,Championship Doubles,New York A.C.,17:17.1,1037.1,False
1979,men,Championship Doubles,Harvard Univ.,17:01.5,1021.5,True
1980,men,Championship Doubles,Victoria City RC,17:35.1,1055.1,False
1981,men,Championship Doubles,New York A.C.,16:59.2,1019.2,True
1982,men,Championship Doubles,New York A.C.,16:28.1,988.1,False
1983,men,Championship Doubles,Harvard Univ.,16:25.4,985.4,False
1984,men,Championship Doubles,Harvard Univ.,16:24.5,984.5,True
1985,men,Championship Doubles,Ridley Grad. BC,17:22.1,1042.1,False
1986,men,Championship Doubles,Yale Old Fel. Ra,16:39.4,999.4,False
1987,men,Championship Doubles,Ridley Grad BC,16:53.4,1013.4,False
1988,men,Championship Doubles,Yale Old Fel. Ra,17:27.2,1047.2,False
1989,men,Championship Doubles,Craftsbury Sc.,18:40.8,1120.8,False
1990,men,Championship Doubles,Fredericton,17:15.7,1035.7,False
1991,men,Championship Doubles,Durham BC,17:16.9,1036.9,False
1992,men,Championship Doubles,Boston RC,16:01.2,961.2,True
1993,men,Championship Doubles,Boston RC,16:54.4,1014.4,False
1994,men,Championship Doubles,Ridley Graduate BC,16:35.0,995.0,False
1995,men,Championship Doubles,Boston RC,16:54.4,1014.4,False
1997,men,Championship Doubles,New York A.C.,16:32.0,992.0,False
1998,men,Championship Doubles,New York A.C.,16:42.06,1002.06,False
1999,men,Championship Doubles,New York A.C.,17:21.11,1041.11,False
2000,men,Championship Doubles,Ridley Graduate BC,17:28.29,1048.29,False
2001,men,Championship Doubles,London Training Ctr.,16:54.279,1014.279,False
2002,men,Championship Doubles,"S. Smolders, B. Hendrickx",17:34.820,1054.82,False
2003,men,Championship Doubles,"J. Burns, B. Martin-Doyle",16:38.387,998.387,False
2005,men,Championship Doubles,"A. Kroeker, N. Swick",16:42.342,1002.342,False
2006,men,Championship Doubles,"S. Stitt, S. DuRoss",17:54.727,1074.727,False
2007,men,Championship Doubles,"S. Stitt, S. DuRoss",16:32.264,992.264,False
2008,men,Championship Doubles,"A. Liverman, P. Graves",16:05.500,965.5,False
2009,men,Championship Doubles,"P. Graves, T. Graves",16:10.931,970.931,False
2010,men,Championship Doubles,"P. Graves, T. Graves",17:06.053,1026.053,False
2011,men,Championship Doubles,"P. Graves, T. Graves",16:26.856,986.856,False
2012,men,Championship Doubles,"I. Cop, O. Tuft",16:12,972.0,False
2013,men,Championship Doubles,"S. Stitt, M. Miller",15:51.988,951.988,True
2014,men,Championship Doubles,"V. Sinkovic, M. Sinkovic",15:40.566,940.566,True
2015,men,Championship Doubles,"S. Stitt, W. Cowles",17:01.955,1021.955,False
2016,men,Championship Doubles,"J. Keen, E. Frid",16:58.899,1018.899,False
2017,men,Championship Doubles,"J. Keen, E. Frid",16:35.304,995.304,False
2018,men,Championship Doubles,"N. Lado, W. Vear",17:02.285,1022.285,False
2019,men,Championship Doubles,"T. Phifer, T. Babiec",16:44.918,1004.918,False
2021,men,Championship Doubles,"D. Williams, S. Koszyk",16:52.376,1012.376,False
2022,men,Championship Doubles,"J. Gelsen, M. Weber",16:01.349,961.349,False
2023,men,Championship Doubles,"O. Costly, R. Harris",16:09.343,969.343,False
2024,men,Championship Doubles,"V. Sinkovic, M. Sinkovic",15:55.103,955.103,False
2025,men,Championship Doubles,"P. Doyle, F. Mccarthy",16:02.221,962.221,False
1965,men,Championship Eights,Potomac BC,15:48.0,948.0,True
1966,men,Championship Eights,Univ. of Wisconsin,16:36.3,996.3,False
1967,men,Championship Eights,Vesper BC,16:24.8,984.8,False
1968,men,Championship Eights,Northeastern Univ.,16:06.7,966.7,False
1970,men,Championship Eights,N.U. & Union (Tie),15:28.2,928.2,True
1971,men,Championship Eights,Union BC,14:53.4,893.4,True
1972,men,Championship Eights,Univ. Of Wisconsin,15:33.1,933.1,False
1973,men,Championship Eights,Univ. Of Wisconsin,14:53.9,893.9,False
1974,men,Championship Eights,Cornell Univ.,16:14.3,974.3,False
1975,men,Championship Eights,Vesper BC,15:33.1,933.1,False
1976,men,Championship Eights,Vesper BC,15:32.5,932.5,False
1977,men,Championship Eights,Harvard Univ.,15:51.2,951.2,False
1978,men,Championship Eights,Brown Univ.,15:36.6,936.6,False
1979,men,Championship Eights,Princeton Univ.,15:28.4,928.4,False
1980,men,Championship Eights,U.S.Naval Acad.,15:26.8,926.8,False
1981,men,Championship Eights,U.S.Naval Acad.,14:36.5,876.5,True
1982,men,Championship Eights,U.S.Naval Acad.,14:24.3,864.3,True
1983,men,Championship Eights,U.S.Naval Acad.,14:34.4,874.4,False
1984,men,Championship Eights,Ridley Grad. BC,14:33.1,873.1,False
1985,men,Championship Eights,Ridley Grad. BC,15:00.5,900.5,False
1986,men,Championship Eights,Ridley Grad. BC,14:20.2,860.2,True
1987,men,Championship Eights,Ridley Grad. BC,14:30.1,870.1,False
1988,men,Championship Eights,Penn AC,15:15.3,915.3,False
1989,men,Championship Eights,Penn AC,15:22.2,922.2,False
1990,men,Championship Eights,Penn AC,14:43.3,883.3,False
1991,men,Championship Eights,Penn AC,14:53.8,893.8,False
1992,men,Championship Eights,Vesper BC,14:07.6,847.6,True
1993,men,Championship Eights,Vesper BC,14:19.9,859.9,False
1994,men,Championship Eights,US Rowing,14:11.1,851.1,False
1995,men,Championship Eights,US Rowing,14:12.8,852.8,False
1997,men,Championship Eights,US Rowing,13:58.9,838.9,True
1998,men,Championship Eights,USRowing,14:09.65,849.65,False
1999,men,Championship Eights,USRowing,14:48.09,888.09,False
2000,men,Championship Eights,US Rowing,14:26.18,866.18,False
2001,men,Championship Eights,US Rowing,14:09.460,849.46,False
2002,men,Championship Eights,US Rowing,14:53.281,893.281,False
2003,men,Championship Eights,Princeton Training Center,14:30.401,870.401,False
2005,men,Championship Eights,Princeton Univ.,14:41.885,881.885,False
2006,men,Championship Eights,US Rowing,15:36.733,936.733,False
2007,men,Championship Eights,US Rowing,14:03.711,843.711,False
2008,men,Championship Eights,Univ. of Washington,14:28.100,868.1,False
2009,men,Championship Eights,Tideway Scullers,14:33.239,873.239,False
2010,men,Championship Eights,University of Washington,14:00.402,840.402,False
2011,men,Championship Eights,Harvard University,14:17.678,857.678,False
2012,men,Championship Eights,University of Washington,14:37.27,877.27,False
2013,men,Championship Eights,OTC Amsterdam,14:41.171,881.171,False
2014,men,Championship Eights,Craftsbury Sculling Center,14:20.239,860.239,False
2015,men,Championship Eights,Yale University Crew,14:18.970,858.97,False
2016,men,Championship Eights,University of Washington,14:40.823,880.823,False
2017,men,Championship Eights,University of California Berkeley,13:27.469,807.469,True
2018,men,Championship Eights,USRowing,14:49.616,889.616,False
2019,men,Championship Eights,USRowing,13:32.283,812.283,False
2021,men,Championship Eights,University of Washington,13:59.432,839.432,False
2022,men,Championship Eights,USRowing,13:23.638,803.638,True
2023,men,Championship Eights,USRowing,14:21.48,861.48,False
2024,men,Championship Eights,Cambridge,13:46.333,826.333,False
2025,men,Championship Eights,Cambridge,13:41.692,821.692,False
1965,men,Championship Fours,Penn AC,18:14.0,1094.0,True
1966,men,Championship Fours,Harvard Univ.,18:38.9,1118.9,False
1967,men,Championship Fours,Lowell House,18:07.9,1087.9,True
1968,men,Championship Fours,Yale Univ.,18:12.8,1092.8,False
1970,men,Championship Fours,Brown Univ.,16:57.2,1017.2,True
1971,men,Championship Fours,Harvard Univ.,16:28.3,988.3,False
1972,men,Championship Fours,M.I.T. BC,17:05.7,1025.7,False
1973,men,Championship Fours,Harvard Univ.,17:17.1,1037.1,False
1974,men,Championship Fours,Potomac BC,17:37.8,1057.8,False
1975,men,Championship Fours,Vesper BC,18:04.5,1084.5,False
1976,men,Championship Fours,Vesper BC,17:28.4,1048.4,False
1977,men,Championship Fours,Univ. of Penn,17:47.1,1067.1,False
1978,men,Championship Fours,Yale Univ.,17:12.0,1032.0,False
1979,men,Championship Fours,Yale Univ.,16:38.4,998.4,False
1980,men,Championship Fours,Vesper BC,17:39.6,1059.6,False
1981,men,Championship Fours,Vesper BC,16:43.0,1003.0,False
1982,men,Championship Fours,Charles River Ra,16:00.9,960.9,True
1983,men,Championship Fours,Charles River Ra,15:57.3,957.3,True
1984,men,Championship Fours,Vesper BC,15:39.9,939.9,True
1985,men,Championship Fours,Vesper BC,16:33.9,993.9,False
1986,men,Championship Fours,Charles River Ra,16:22.2,982.2,False
1987,men,Championship Fours,Univ. Of W. Ontario,16:32.3,992.3,False
1988,men,Championship Fours,Charles River Ra,16:38.4,998.4,False
1989,men,Championship Fours,Charles River Ra,17:13.4,1033.4,False
1990,men,Championship Fours,Rude & Smooth BC,16:31.1,991.1,False
1991,men,Championship Fours,Rude & Smooth BC,16:31.0,991.0,False
1992,men,Championship Fours,McGill Univ.,15:59.3,959.3,False
1993,men,Championship Fours,McGill Univ.,16:40.3,1000.3,False
1994,men,Championship Fours,McGill Univ.,15:52.2,952.2,False
1995,men,Championship Fours,McGill Univ.,16:12.2,972.2,False
1997,men,Championship Fours,Princeton TC,15:34.4,934.4,True
1998,men,Championship Fours,Princeton TC,15:55.38,955.38,False
1999,men,Championship Fours,Princeton TC,16:16.96,976.96,False
2000,men,Championship Fours,Princeton TC,16:37.67,997.67,False
2001,men,Championship Fours,US Rowing,15:45.179,945.179,False
2002,men,Championship Fours,US Rowing,16:29.554,989.554,False
2003,men,Championship Fours,Victoria City RC,15:35.609,935.609,False
2005,men,Championship Fours,Thunderbird R. Center,16:19.722,979.722,False
2006,men,Championship Fours,Thunderbird R. Center,15:38.135,938.135,False
2007,men,Championship Fours,US Rowing,15:45.629,945.629,False
2008,men,Championship Fours,US Rowing,15:57.300,957.3,False
2009,men,Championship Fours,University of Wisconsin,16:26.294,986.294,False
2010,men,Championship Fours,US Rowing,15:49.586,949.586,False
2011,men,Championship Fours,University of Wisconsin,16:12.693,972.693,False
2012,men,Championship Fours,Stanford University Mens Crew,16:50.39,1010.39,False
2013,men,Championship Fours,Camp Randall Rowing Club,16:35.505,995.505,False
2014,men,Championship Fours,Camp Randall Rowing Club,16:13.153,973.153,False
2015,men,Championship Fours,Camp Randall Rowing Club,16:08.535,968.535,False
2016,men,Championship Fours,USRowing Training Center – Princeton,16:41.898,1001.898,False
2017,men,Championship Fours,USRowing Training Center – Princeton,15:07.442,907.442,True
2018,men,Championship Fours,KNRB,17:10.194,1030.194,False
2019,men,Championship Fours,Fiamme Gialle,15:48.855,948.855,False
2021,men,Championship Fours,US Training Center - Oakland,15:34.079,934.079,False
2022,men,Championship Fours,Peloton,15:17.376,917.376,False
2023,men,Championship Fours,Princeton,16:33.467,993.467,False
2024,men,Championship Fours,Washington,15:34.721,934.721,False
2025,men,Championship Fours,Washington,15:15.844,915.844,False
1965,men,Championship Singles,Robert Arlett,20:24.0,1224.0,True
1966,men,Championship Singles,James Dietz,20:57.1,1257.1,False
1967,men,Championship Singles,Paul Wilson,20:13.3,1213.3,True
1968,men,Championship Singles,Paul Wilson,19:52.2,1192.2,True
1970,men,Championship Singles,Paul Wilson,18:16.1,1096.1,True
1971,men,Championship Singles,James Dietz,17:54.2,1074.2,True
1972,men,Championship Singles,James Dietz,18:32.3,1112.3,False
1973,men,Championship Singles,James Dietz,18:17.7,1097.7,False
1974,men,Championship Singles,James Dietz,19:37.3,1177.3,False
1975,men,Championship Singles,James Dietz,18:55.4,1135.4,False
1976,men,Championship Singles,James Dietz,18:46.1,1126.1,False
1977,men,Championship Singles,"Greg Stone, III",19:23.7,1163.7,False
1978,men,Championship Singles,Peter Cortez,19:12.5,1152.5,False
1979,men,Championship Singles,Christopher Wood,18:36.5,1116.5,False
1980,men,Championship Singles,Christopher Wood,19:21.9,1161.9,False
1981,men,Championship Singles,Christopher Wood,18:15.1,1095.1,False
1982,men,Championship Singles,John Biglow,17:29.8,1049.8,True
1983,men,Championship Singles,Joseph Bouscaren,17:37.3,1057.3,False
1984,men,Championship Singles,Andrew Sudduth,17:48.1,1068.1,False
1985,men,Championship Singles,Andrew Sudduth,18:38.2,1118.2,False
1986,men,Championship Singles,Andrew Sudduth,17:53.1,1073.1,False
1987,men,Championship Singles,Andrew Sudduth,17:59.6,1079.6,False
1988,men,Championship Singles,Andrew Sudduth,19:02.8,1142.8,False
1989,men,Championship Singles,Greg Walker,19:36.1,1176.1,False
1990,men,Championship Singles,James Moulton,18:28.4,1108.4,False
1991,men,Championship Singles,Greg Walker,18:59.7,1139.7,False
1992,men,Championship Singles,Greg Walker,17:42.4,1062.4,False
1993,men,Championship Singles,Greg Walker,18:23.4,1103.4,False
1994,men,Championship Singles,Xeno Mueller,17:47.0,1067.0,False
1995,men,Championship Singles,John Riley,18:00.9,1080.9,False
1997,men,Championship Singles,Jamie Koven,17:31.4,1051.4,False
1998,men,Championship Singles,Jamie Koven,17:59.07,1079.07,False
1999,men,Championship Singles,Donald Smith,18:24.22,1104.22,False
2000,men,Championship Singles,Rob Waddell,18:20.89,1100.89,False
2001,men,Championship Singles,Duncan Free,17:55.256,1075.256,False
2002,men,Championship Singles,Duncan Free,18:11.519,1091.519,False
2003,men,Championship Singles,Jonathan Beare,18:17.745,1097.745,False
2005,men,Championship Singles,Mahe Drysdale,17:54.659,1074.659,False
2006,men,Championship Singles,Santiago Fernandez,18:40.166,1120.166,False
2007,men,Championship Singles,Malcolm Howard,17:39.445,1059.445,False
2008,men,Championship Singles,Nathan Cohen,17:33.000,1053.0,False
2009,men,Championship Singles,Michael Sivigny,18:01.095,1081.095,False
2010,men,Championship Singles,Michael Sivigny,18:45.967,1125.967,False
2011,men,Championship Singles,Mahe Drysdale,17:57.325,1077.325,False
2012,men,Championship Singles,Kjetil Borch,17:56.53,1076.53,False
2013,men,Championship Singles,Kjetil Borch,17:12.313,1032.313,True
2014,men,Championship Singles,Andrew Campbell,17:11.646,1031.646,True
2015,men,Championship Singles,Mahe Drysdale,18:11.966,1091.966,False
2016,men,Championship Singles,Kjetil Borch,18:26.429,1106.429,False
2017,men,Championship Singles,Michael Schmid,17:56.416,1076.416,False
2018,men,Championship Singles,Ben Davison,17:55.117,1075.117,False
2019,men,Championship Singles,John Graves,17:45.404,1065.404,False
2021,men,Championship Singles,Ben Davison,17:34.569,1054.569,False
2022,men,Championship Singles,Ezra Carlson,17:28.753,1048.753,False
2023,men,Championship Singles,Sorin Koszyk,16:57.782,1017.782,True
2024,men,Championship Singles,Finn Hamill,17:05.470,1025.47,False
2025,men,Championship Singles,Finn Hamill,17:04.528,1024.528,False
1965,men,Club Eights,Lowell Tech. Inst.,17:38.0,1058.0,True
1966,men,Club Eights,Vesper BC,18:14.8,1094.8,False
1967,men,Club Eights,Syracuse Alumni Ra,17:24.7,1044.7,True
1968,men,Club Eights,Dartmouth Coll.,17:53.4,1073.4,False
1970,men,Club Eights,Marist Coll.,16:00.3,960.3,True
1971,men,Club Eights,Winthrop House,15:48.1,948.1,True
1972,men,Club Eights,U.S.C.G. Acad.,15:48.1,948.1,False
1973,men,Club Eights,U.S.C.G. Acad.,16:20.6,980.6,False
1974,men,Club Eights,Syracuse Alumni Ra,16:44.4,1004.4,False
1975,men,Club Eights,Yale Univ.,16:12.6,972.6,False
1976,men,Club Eights,U.S.C.G. Acad.,15:59.8,959.8,False
1977,men,Club Eights,U.S.C.G. Acad.,16:53.0,1013.0,False
1978,men,Club Eights,U.S. Naval Acad.,16:26.6,986.6,False
1979,men,Club Eights,U.S. Naval Acad.,16:18.9,978.9,False
1980,men,Club Eights,U. Of New Hampshire,16:01.0,961.0,False
1981,men,Club Eights,U. Of New Hampshire,16:03.5,963.5,False
1982,men,Club Eights,Northeastern Univ.,15:15.5,915.5,True
1983,men,Club Eights,Northeastern Univ.,15:32.7,932.7,False
1984,men,Club Eights,Temple Univ.,15:14.6,914.6,True
1985,men,Club Eights,Harvard Univ.,16:14.3,974.3,False
1986,men,Club Eights,Harvard Univ.,15:29.6,929.6,False
1987,men,Club Eights,Boston Univ.,15:24.5,924.5,False
1988,men,Club Eights,M.I.T. BC,16:27.9,987.9,False
1989,men,Club Eights,Tideway Scullers,16:07.1,967.1,False
1990,men,Club Eights,Peterborough RC,15:53.5,953.5,False
1991,men,Club Eights,New Haven RC,16:12.4,972.4,False
1992,men,Club Eights,M.I.T. BC,15:33.7,933.7,False
1993,men,Club Eights,Penn AC,15:16.0,916.0,False
1994,men,Club Eights,M.I.T. BC,15:30.8,930.8,False
1995,men,Club Eights,Penn AC,15:16.9,916.9,False
1997,men,Club Eights,Onota Lake Ra,14:56.4,896.4,True
1998,men,Club Eights,Tideway Sculler’s,15:30.0,930.0,False
1999,men,Club Eights,Harvard University,16:20.80,980.8,False
2000,men,Club Eights,Marin BC,15:40.14,940.14,False
2001,men,Club Eights,Drummoyne RC,15:01.392,901.392,False
2002,men,Club Eights,ASR Nereus,15:26.502,926.502,False
2003,men,Club Eights,Melbourne Univ. BC,15:13.093,913.093,False
2005,men,Club Eights,ASR Nereus,15:20.656,920.656,False
2006,men,Club Eights,BMA BC,16:04.007,964.007,False
2007,men,Club Eights,Harvard University,15:01.799,901.799,False
2008,men,Club Eights,Harvard University,15:04.000,904.0,False
2009,men,Club Eights,Yale University Crew,15:22.613,922.613,False
2010,men,Club Eights,Harvard University,15:09.811,909.811,False
2011,men,Club Eights,Brown University Men’s Crew,15:20.879,920.879,False
2012,men,Club Eights,Brown University Crew,14:41.27,881.27,True
2013,men,Club Eights,Brown University Crew,14:26.767,866.767,True
2014,men,Club Eights,Northeastern University,14:35.768,875.768,False
2015,men,Club Eights,Brown University Crew,15:04.950,904.95,False
2016,men,Club Eights,Harvard University Crew,14:58.331,898.331,False
2017,men,Club Eights,BU Men,14:32.582,872.582,False
2018,men,Club Eights,Harvard U,14:46.851,886.851,False
2019,men,Club Eights,Harvard U,14:36.116,876.116,False
2021,men,Club Eights,Brown Univ.,14:26.072,866.072,True
2022,men,Club Eights,Harvard U,14:20.881,860.881,True
2023,men,Club Eights,Brown,14:13.412,853.412,True
2024,men,Club Eights,Dartmouth,14:18.752,858.752,False
2025,men,Club Eights,Dartmouth,14:21.861,861.861,False
1965,men,Club Fours,Lowell Tech. Inst.,20:15.0,1215.0,True
1966,men,Club Fours,Northeastern Univ.,20:07.9,1207.9,True
1967,men,Club Fours,M.I.T. BC,19:41.9,1181.9,True
1968,men,Club Fours,Brown Univ.,20:38.4,1238.4,False
1970,men,Club Fours,Lowell Tech. Inst.,17:55.5,1075.5,True
1971,men,Club Fours,Dartmouth Coll.,17:19.3,1039.3,True
1972,men,Club Fours,Univ. Of Virginia,17:47.5,1067.5,False
1973,men,Club Fours,Harvard Univ.,18:29.2,1109.2,False
1974,men,Club Fours,Boston Univ.,18:29.2,1109.2,False
1975,men,Club Fours,Yale Univ.,18:20.7,1100.7,False
1976,men,Club Fours,Upper Canada Coll.,17:45.0,1065.0,False
1977,men,Club Fours,Yale Univ.,18:57.1,1137.1,False
1987,men,Club Fours,Fairmount Ra,17:31.9,1051.9,False
1988,men,Club Fours,Fairmount Ra,18:25.0,1105.0,False
1989,men,Club Fours,Syracuse Chargers,17:56.4,1076.4,False
1990,men,Club Fours,Rollins Coll.,17:37.9,1057.9,False
1991,men,Club Fours,Palm Beach Ra,18:31.0,1111.0,False
1992,men,Club Fours,Milwaukee RC,17:11.2,1031.2,True
1993,men,Club Fours,Club De Regatas,16:42.3,1002.3,True
1994,men,Club Fours,Bulldog RC,16:41.9,1001.9,True
1995,men,Club Fours,Bulldog RC,16:49.9,1009.9,False
1997,men,Club Fours,St. Paul’s School,16:52.1,1012.1,False
1998,men,Club Fours,Palm Beach RA,17:02.06,1022.06,False
1999,men,Club Fours,San Diego RC,18:09.61,1089.61,False
2000,men,Club Fours,Lincoln Park BC,17:30.15,1050.15,False
2001,men,Club Fours,Union BC,17:18.390,1038.39,False
2002,men,Club Fours,Charles River RA,16:33.879,993.879,True
2003,men,Club Fours,Union Boat Club,17:10.474,1030.474,False
2005,men,Club Fours,Union Boat Club,17:20.485,1040.485,False
2006,men,Club Fours,Riverside Boat Club,18:00.457,1080.457,False
2007,men,Club Fours,Big Foot Moving BC,16:41.75,1001.75,False
2008,men,Club Fours,Riverside Boat Club,16:53.5001,1013.5,False
2009,men,Club Fours,McGill University,17:19.146,1039.146,False
2010,men,Club Fours,Peterborough Rowing Club,16:57.556,1017.556,False
2011,men,Club Fours,Peterborough Rowing Club,17:28.207,1048.207,False
2012,men,Club Fours,Union Boat Club,16:49.16,1009.16,False
2013,men,Club Fours,Union Boat Club,16:05.311,965.311,True
2014,men,Club Fours,Union Boat Club,16:15.995,975.995,False
2015,men,Club Fours,Union Boat Club,16:54.541,1014.541,False
2016,men,Club Fours,Dartmouth College Rowing,16:57.863,1017.863,False
2017,men,Club Fours,Riverside,16:22.856,982.856,False
2018,men,Club Fours,Dartmouth,16:57.370,1017.37,False
2019,men,Club Fours,Dartmouth,16:44.599,1004.599,False
2021,men,Club Fours,Harvard Univ.,16:36.642,996.642,False
2022,men,Club Fours,Riverfront Recapture,16:38.500,998.5,False
2023,men,Club Fours,Dartmouth,16:01.965,961.965,True
2024,men,Club Fours,Dartmouth,16:18.547,978.547,False
2025,men,Club Fours,Calgary Rowing Club,16:16.159,976.159,False
1965,men,Club Singles,W.Kellett,20:41.0,1241.0,True
1966,men,Club Singles,J.Eich,22:16.3,1336.3,False
1967,men,Club Singles,A. Larkin,21:31.7,1291.7,False
1968,men,Club Singles,K. Lynch,21:32.9,1292.9,False
1970,men,Club Singles,J. Sheetz,19:25.1,1165.1,True
1971,men,Club Singles,B. Miller,19:08.3,1148.3,True
1972,men,Club Singles,J. Baker,19:10.4,1150.4,False
1973,men,Club Singles,S. Killen,20:03.3,1203.3,False
1974,men,Club Singles,R. Freed,21:01.3,1261.3,False
1975,men,Club Singles,E. Meyers,20:01.4,1201.4,False
1976,men,Club Singles,G. Montesi,19:25.6,1165.6,False
1977,men,Club Singles,P. Billings,21:23.8,1283.8,False
1978,men,Club Singles,D. London,20:26.8,1226.8,False
1979,men,Club Singles,M. Leblanc,20:26.8,1226.8,False
1980,men,Club Singles,A. Sudduth,19:45.3,1185.3,False
1981,men,Club Singles,F. Murphy,19:25.1,1165.1,False
1982,men,Club Singles,M. Fiorio,19:10.8,1150.8,False
1983,men,Club Singles,G. Fiorio,18:39.6,1119.6,True
1984,men,Club Singles,W. Phelps,18:52.3,1132.3,False
1985,men,Club Singles,J. Crowley,20:12.8,1212.8,False
1987,men,Club Singles,M. Hindery,18:59.3,1139.3,False
1988,men,Club Singles,M. Richardson-Bach,19:44.9,1184.9,False
1989,men,Club Singles,T. Elwood,19:46.6,1186.6,False
1990,men,Club Singles,C. Losee,20:13.1,1213.1,False
1991,men,Club Singles,J. Reavis,20:41.4,1241.4,False
1992,men,Club Singles,J. Murray,18:58.2,1138.2,False
1993,men,Club Singles,S. Hall,18:49.0,1129.0,False
1994,men,Club Singles,O. Diviney,18:48.1,1128.1,False
1995,men,Club Singles,P. Vondra,18:47.6,1127.6,False
1997,men,Club Singles,N. Keohane,18:17.14,1097.14,True
1998,men,Club Singles,A. Zosuls,19:02.94,1142.94,False
1999,men,Club Singles,K. Smack,19:51.77,1191.77,False
2000,men,Club Singles,S. O’Mara,19:37.81,1177.81,False
2001,men,Club Singles,M. Watkin,19:14.136,1154.136,False
2002,men,Club Singles,J. Curran,19:40.515,1180.515,False
2003,men,Club Singles,John L. Williams,19:39.696,1179.696,False
2005,men,Club Singles,Charles Burckmyer,19:05.785,1145.785,False
2006,men,Club Singles,Jason Rose,19:22.933,1162.933,False
2007,men,Club Singles,Igor Belakovskiy,19:07.228,1147.228,False
2008,men,Club Singles,Philip Kaiser,19:02.100,1142.1,False
2009,men,Club Singles,Christopher Storm,18:57.522,1137.522,False
2010,men,Club Singles,Hugh Mackworth-Praed,19:45.039,1185.039,False
2011,men,Club Singles,David Judah,19:37.341,1177.341,False
2012,men,Club Singles,Adam Bliss,18:20.5,1100.5,False
2013,men,Club Singles,Taylor Perry,18:54.066,1134.066,False
2014,men,Club Singles,Samuel Tieben,19:22.832,1162.832,False
2015,men,Club Singles,Brendan McEwan,19:02.921,1142.921,False
2016,men,Club Singles,Leon Chambers,19:26.192,1166.192,False
2017,men,Club Singles,Luke Rein,18:00.179,1080.179,True
2018,men,Club Singles,Matt Schaeffer,18:52.944,1132.944,False
2019,men,Club Singles,Brian Wettach,18:37.308,1117.308,False
2021,men,Club Singles,Jack Reid,18:15.643,1095.643,False
2022,men,Club Singles,Adriaan Venter,17:57.092,1077.092,True
2023,men,Club Singles,Kieran Edwards,17:54.795,1074.795,True
2024,men,Club Singles,George Lawton,18:22.115,1102.115,False
2025,men,Club Singles,Victor Corja,18:14.724,1094.724,False
2002,men,Collegiate Eights,Hobart College,15:18.541,918.541,True
2003,men,Collegiate Eights,Minerva Rowing Club,15:19.036,919.036,False
2005,men,Collegiate Eights,Trinity College,15:58.714,958.714,False
2006,men,Collegiate Eights,Western RC,15:08.301,908.301,True
2007,men,Collegiate Eights,Trinity College,14:58.705,898.705,True
2008,men,Collegiate Eights,Williams College,15:11.500,911.5,False
2009,men,Collegiate Eights,Williams College,15:33.881,933.881,False
2010,men,Collegiate Eights,Florida Inst. of Tech.,14:43.373,883.373,True
2011,men,Collegiate Eights,Williams College,15:09.568,909.568,False
2012,men,Collegiate Eights,University of Virginia Rowing Association,15:34.2,934.2,False
2013,men,Collegiate Eights,Drexel University,15:22.279,922.279,False
2014,men,Collegiate Eights,Michigan Rowing Association,15:14.733,914.733,False
2015,men,Collegiate Eights,Hobart College,15:32.704,932.704,False
2016,men,Collegiate Eights,D.S.R.V. Laga,15:55.389,955.389,False
2017,men,Collegiate Eights,Virginia RA,14:24.211,864.211,True
2018,men,Collegiate Eights,Michigan RA,15:58.108,958.108,False
2019,men,Collegiate Eights,MIT,14:25.901,865.901,False
2021,men,Collegiate Eights,MIT,14:54.924,894.924,False
2022,men,Collegiate Eights,Drexel,14:20.496,860.496,True
2023,men,Collegiate Eights,Tufts University,15:25.428,925.428,False
2024,men,Collegiate Eights,La Salle Rowing,14:33.565,873.565,False
2025,men,Collegiate Eights,Holy Cross,14:25.533,865.533,False
2005,men,Collegiate Fours,Colgate Univ.,17:38.472,1058.472,True
2006,men,Collegiate Fours,Colgate Univ.,18:12.470,1092.47,False
2007,men,Collegiate Fours,Michigan Rowing Assoc.,17:10.678,1030.678,True
2008,men,Collegiate Fours,University of Michigan,16:26.700,986.7,True
2009,men,Collegiate Fours,Fordham University,17:00.851,1020.851,False
2010,men,Collegiate Fours,WPI Crew,17:34.981,1054.981,False
2011,men,Collegiate Fours,University of Virginia Rowing Association,16:57.0,1017.0,False
2012,men,Collegiate Fours,University of Virginia Rowing Association,16:43.96,1003.96,False
2013,men,Collegiate Fours,University of Virginia Rowing Association,16:26.287,986.287,True
2014,men,Collegiate Fours,University of Virginia Rowing Association,16:16.055,976.055,True
2015,men,Collegiate Fours,University Of Notre Dame Men’s Crew Club,17:09.684,1029.684,False
2016,men,Collegiate Fours,Florida Institute of Technology,17:57.777,1077.777,False
2017,men,Collegiate Fours,UNC Men,16:04.425,964.425,True
2018,men,Collegiate Fours,Georgia Tech,18:17.412,1097.412,False
2019,men,Collegiate Fours,UCLA,16:19.035,979.035,False
2021,men,Collegiate Fours,Vanderbilt,16:49.708,1009.708,False
2022,men,Collegiate Fours,Notre Dame,16:12.784,972.784,False
2023,men,Collegiate Fours,Stetson,17:08.023,1028.023,False
2024,men,Collegiate Fours,San Diego,16:15.540,975.54,False
2025,men,Collegiate Fours,Jacksonville University Rowing,16:03.662,963.662,True
2005,men,Directors' Challenge Quads,Will Reimann (61),16:09.395,969.395,False
2006,men,Directors' Challenge Quads,Reimann/Laundon/Slocum/Habrel,15:20.049,920.049,True
2007,men,Directors' Challenge Quads,Raimund Haberl,15:30.772,930.772,False
2009,men,Directors' Challenge Quads,California Rowing Club,15:42.983,942.983,False
2010,men,Directors' Challenge Quads,G-Man Systems,14:56.193,896.193,False
2011,men,Directors' Challenge Quads,GMS Rowing Center,15:43.297,943.297,False
2012,men,Directors' Challenge Quads,Riverside Boat Club,16:08.78,968.78,False
2013,men,Directors' Challenge Quads,Potomac Boat Club,15:40.485,940.485,False
2014,men,Directors' Challenge Quads,Narragansett Boat Club,16:19.279,979.279,False
2015,men,Directors' Challenge Quads,Fruit Loops Rowing Association,15:28.524,928.524,False
2016,men,Directors' Challenge Quads,Fruit Loops Rowing Association,16:23.737,983.737,False
2017,men,Directors' Challenge Quads,Fruit Loops Rowing Association,14:39.318,879.318,True
2018,men,Directors' Challenge Quads,Fruit Loops Rowing Association,16:26.324,986.324,False
2019,men,Directors' Challenge Quads,Fruit Loops Rowing Association,14:58.709,898.709,False
2021,men,Directors' Challenge Quads,Fruit Loops Rowing Association,16:47.725,1007.725,False
2022,men,Directors' Challenge Quads,612e/MCRA/UVRF,15:05.205,905.205,False
2023,men,Directors' Challenge Quads,Fruit Loops,17:17.148,1037.148,False
2024,men,Directors' Challenge Quads,AMMH/CAN/SNHS Composite,15:03.009,903.009,False
2025,men,Directors' Challenge Quads,Rowing Ireland,14:36.177,876.177,False
2003,men,Grand-Master Doubles Age Average of 50+ (no rower under 30),"S. Hathaway, C. Leeds",18:10.724,1090.724,True
2005,men,Grand-Master Doubles Age Average of 50+ (no rower under 30),"R. Eldridge, T. Dryer",18:23.341,1103.341,False
2006,men,Grand-Master Doubles Age Average of 50+ (no rower under 30),"R. Haberl, R. Slocum",19:05.342,1145.342,False
2007,men,Grand-Master Doubles Age Average of 50+ (no rower under 30),"R. Haberl, R. Slocum",18:06.910,1086.91,True
2008,men,Grand-Master Doubles Age Average of 50+ (no rower under 30),"P. Kermond, S. Roop",18:07.400,1087.4,False
2009,men,Grand-Master Doubles Age Average of 50+ (no rower under 30),"P. Kermond, S. Roop",18:33.210,1113.21,False
2010,men,Grand-Master Doubles Age Average of 50+ (no rower under 30),"J. Tunnicliffe, R. Slocum",18:23.223,1103.223,False
2011,men,Grand-Master Doubles Age Average of 50+ (no rower under 30),"M. Hughes, D. Hamilton",18:44.416,1124.416,False
2012,men,Grand-Master Doubles Age Average of 50+ (no rower under 30),"C. Windeknecht, M. Daemon",18:05.01,1085.01,True
2013,men,Grand-Master Doubles Age Average of 50+ (no rower under 30),"M. Smith, D. Gorriaran",17:16.197,1036.197,True
2014,men,Grand-Master Doubles Age Average of 50+ (no rower under 30),"M. Smith, D. Gorriaran",17:24.765,1044.765,False
2015,men,Grand-Master Doubles Age Average of 50+ (no rower under 30),"M. Smith, D. Gorriaran",18:35.818,1115.818,False
2016,men,Grand-Master Doubles Age Average of 50+ (no rower under 30),"M. Smith, D. Gorriaran",18:14.977,1094.977,False
2017,men,Grand-Master Doubles Age Average of 50+ (no rower under 30),"M. Smith, D. Gorriaran",17:40.189,1060.189,False
2018,men,Grand-Master Doubles Age Average of 50+ (no rower under 30),"M. Smith, D. Gorriaran",18:16.935,1096.935,False
2019,men,Grand-Master Doubles Age Average of 50+ (no rower under 30),"M. Smith, D. Gorriaran",18:23.975,1103.975,False
2021,men,Grand-Master Doubles Age Average of 50+ (no rower under 30),"M. Smith, D. Gorriaran",18:07.587,1087.587,False
2022,men,Grand-Master Doubles Age Average of 50+ (no rower under 30),"G. Pooley, D. Gillard",17:36.714,1056.714,False
2023,men,Grand-Master Doubles Age Average of 50+ (no rower under 30),"G. Pooley, D. Gillard",17:23.184,1043.184,False
2024,men,Grand-Master Doubles Age Average of 50+ (no rower under 30),"K. Rasmussen, C. Molvig",17:40.091,1060.091,False
2025,men,Grand-Master Doubles Age Average of 50+ (no rower under 30),"K. Rasmussen, C. Molvig",17:55.987,1075.987,False
2003,men,Grand-Master Eights Age Average of 50+ (no rower under 30),Grosse Ile RC,16:20.769,980.769,True
2005,men,Grand-Master Eights Age Average of 50+ (no rower under 30),Kent Mitchell RC,16:37.063,997.063,False
2006,men,Grand-Master Eights Age Average of 50+ (no rower under 30),Team Attager,16:57.419,1017.419,False
2007,men,Grand-Master Eights Age Average of 50+ (no rower under 30),Team Attager,15:43.490,943.49,True
2008,men,Grand-Master Eights Age Average of 50+ (no rower under 30),Team Attager,16:05.100,965.1,False
2009,men,Grand-Master Eights Age Average of 50+ (no rower under 30),Team Attager,16:02.702,962.702,False
2010,men,Grand-Master Eights Age Average of 50+ (no rower under 30),Team Attager,16:15.302,975.302,False
2011,men,Grand-Master Eights Age Average of 50+ (no rower under 30),Team Attager,16:10.291,970.291,False
2012,men,Grand-Master Eights Age Average of 50+ (no rower under 30),Palm Beach RA,15:59.78,959.78,False
2013,men,Grand-Master Eights Age Average of 50+ (no rower under 30),Marin Rowing Association,15:29.874,929.874,True
2014,men,Grand-Master Eights Age Average of 50+ (no rower under 30),Marin Rowing Association,15:39.403,939.403,False
2015,men,Grand-Master Eights Age Average of 50+ (no rower under 30),Molesey Boat Club,16:14.138,974.138,False
2016,men,Grand-Master Eights Age Average of 50+ (no rower under 30),Molesey Boat Club,15:28.833,928.833,False
2017,men,Grand-Master Eights Age Average of 50+ (no rower under 30),Marin,15:28.144,928.144,False
2018,men,Grand-Master Eights Age Average of 50+ (no rower under 30),Molesey,15:25.017,925.017,True
2019,men,Grand-Master Eights Age Average of 50+ (no rower under 30),Ex Nemo,15:49.452,949.452,False
2021,men,Grand-Master Eights Age Average of 50+ (no rower under 30),Ex Nemo,15:23.598,923.598,True
2022,men,Grand-Master Eights Age Average of 50+ (no rower under 30),Ex Nemo,15:12.030,912.03,True
2023,men,Grand-Master Eights Age Average of 50+ (no rower under 30),Ex Nemo,15:11.571,911.571,True
2024,men,Grand-Master Eights Age Average of 50+ (no rower under 30),Marin,15:17.931,917.931,False
2025,men,Grand-Master Eights Age Average of 50+ (no rower under 30),Curtain University,15:20.611,920.611,False
2003,men,Grand-Master Fours Age Average of 50+ (no rower under 30),Toronto Sculling Club,17:25.527,1045.527,True
2005,men,Grand-Master Fours Age Average of 50+ (no rower under 30),Toronto Sculling Club,18:05.962,1085.962,False
2006,men,Grand-Master Fours Age Average of 50+ (no rower under 30),Rocky Mountain RC,18:48.890,1128.89,False
2007,men,Grand-Master Fours Age Average of 50+ (no rower under 30),1980 Rowing Club,17:35.750,1055.75,False
2008,men,Grand-Master Fours Age Average of 50+ (no rower under 30),1980 Rowing Club,17:35.900,1055.9,False
2009,men,Grand-Master Fours Age Average of 50+ (no rower under 30),1980 Rowing Club,17:43.938,1063.938,False
2010,men,Grand-Master Fours Age Average of 50+ (no rower under 30),1980 Rowing Club,17:55.060,1075.06,False
2011,men,Grand-Master Fours Age Average of 50+ (no rower under 30),1980 Rowing Club,17:42.097,1062.097,False
2012,men,Grand-Master Fours Age Average of 50+ (no rower under 30),1980 Rowing Club,17:31.28,1051.28,False
2013,men,Grand-Master Fours Age Average of 50+ (no rower under 30),Cambridge Boat Club,17:07.604,1027.604,True
2014,men,Grand-Master Fours Age Average of 50+ (no rower under 30),Cambridge Boat Club,17:07.899,1027.899,False
2015,men,Grand-Master Fours Age Average of 50+ (no rower under 30),Tyrian Club,18:24.083,1104.083,False
2016,men,Grand-Master Fours Age Average of 50+ (no rower under 30),Wallingford Rowing Club,17:28.955,1048.955,False
2017,men,Grand-Master Fours Age Average of 50+ (no rower under 30),Wallingford Rowing Club,17:05.637,1025.637,True
2018,men,Grand-Master Fours Age Average of 50+ (no rower under 30),London,18:09.519,1089.519,False
2019,men,Grand-Master Fours Age Average of 50+ (no rower under 30),Cornell Alumni,17:47.066,1067.066,False
2021,men,Grand-Master Fours Age Average of 50+ (no rower under 30),Marin,17:24.321,1044.321,False
2022,men,Grand-Master Fours Age Average of 50+ (no rower under 30),Molesey,17:26.874,1046.874,False
2023,men,Grand-Master Fours Age Average of 50+ (no rower under 30),Crabtree,17:03.900,1023.9,True
2024,men,Grand-Master Fours Age Average of 50+ (no rower under 30),Crabtree,17:17.255,1037.255,False
2025,men,Grand-Master Fours Age Average of 50+ (no rower under 30),Crabtree,17:21.244,1041.244,False
1965,men,Grand-Master Singles 50+ years old,J.Olrich,21:36.0,1296.0,True
1966,men,Grand-Master Singles 50+ years old,J.Olrich,23:04.4,1384.4,False
1967,men,Grand-Master Singles 50+ years old,J.Olrich,22:43.8,1363.8,False
1968,men,Grand-Master Singles 50+ years old,R. Duncan,27:08.3,1628.3,False
1970,men,Grand-Master Singles 50+ years old,J. Olrich,20:53.7,1253.7,True
1971,men,Grand-Master Singles 50+ years old,J. Olrich,20:58.7,1258.7,False
1972,men,Grand-Master Singles 50+ years old,D. Challinor,21:35.2,1295.2,False
1973,men,Grand-Master Singles 50+ years old,D. Challinor,22:08.6,1328.6,False
1974,men,Grand-Master Singles 50+ years old,E. Lynch,22:26.4,1346.4,False
1975,men,Grand-Master Singles 50+ years old,E. Lynch,22:30.1,1350.1,False
1976,men,Grand-Master Singles 50+ years old,E. Lynch,21:31.6,1291.6,False
1977,men,Grand-Master Singles 50+ years old,E. Lynch,22:16.3,1336.3,False
1978,men,Grand-Master Singles 50+ years old,J. Welchli,21:23.7,1283.7,False
1979,men,Grand-Master Singles 50+ years old,"J. Kelly, Jr.",21:08.2,1268.2,False
1980,men,Grand-Master Singles 50+ years old,"J. Kelly, Jr.",21:01.2,1261.2,False
1981,men,Grand-Master Singles 50+ years old,J. Welchli,20:21.3,1221.3,True
1982,men,Grand-Master Singles 50+ years old,S. Pell,20:51.9,1251.9,False
1983,men,Grand-Master Singles 50+ years old,J. Welchli,20:20.5,1220.5,True
1984,men,Grand-Master Singles 50+ years old,S. Pell,20:12.9,1212.9,True
1985,men,Grand-Master Singles 50+ years old,G. Baines,22:13.5,1333.5,False
1986,men,Grand-Master Singles 50+ years old,C. Peterson,20:40.8,1240.8,False
1987,men,Grand-Master Singles 50+ years old,G. Baines,20:12.7,1212.7,True
1988,men,Grand-Master Singles 50+ years old,W. Reimann,21:01.4,1261.4,False
1989,men,Grand-Master Singles 50+ years old,J. McGowan,21:23.4,1283.4,False
1990,men,Grand-Master Singles 50+ years old,H. Treffeisen,19:42.7,1182.7,True
1991,men,Grand-Master Singles 50+ years old,L. Klecatsky,19:38.5,1178.5,True
1992,men,Grand-Master Singles 50+ years old,L. Klecatsky,18:54.3,1134.3,True
1993,men,Grand-Master Singles 50+ years old,L. Klecatsky,19:58.1,1198.1,False
1994,men,Grand-Master Singles 50+ years old,L. Klecatsky,19:12.7,1152.7,False
1995,men,Grand-Master Singles 50+ years old,L. Klecatsky,19:24.7,1164.7,False
1997,men,Grand-Master Singles 50+ years old,L. Carter,19:34.1,1174.1,False
1998,men,Grand-Master Singles 50+ years old,D. Howat,19:46.23,1186.23,False
1999,men,Grand-Master Singles 50+ years old,R. Spousta,19:33.81,1173.81,False
2000,men,Grand-Master Singles 50+ years old,R. Spousta,19:33.81,1173.81,False
2001,men,Grand-Master Singles 50+ years old,K. Juurakko,19:15.170,1155.17,False
2002,men,Grand-Master Singles 50+ years old,A. Flanders,19:56.269,1196.269,False
2003,men,Grand-Master Singles 50+ years old,Robert Slocum,19:39.260,1179.26,False
2005,men,Grand-Master Singles 50+ years old,Craig Leeds,21:31.301,1291.301,False
2006,men,Grand-Master Singles 50+ years old,Craig Leeds,20:53.285,1253.285,False
2007,men,Grand-Master Singles 50+ years old,David Gleeson,19:03.979,1143.979,False
2008,men,Grand-Master Singles 50+ years old,Michael Stolper,19:41.20,1181.2,False
2009,men,Grand-Master Singles 50+ years old,Michael Stolper,19:53.660,1193.66,False
2010,men,Grand-Master Singles 50+ years old,Peter MacGowan,18:54.519,1134.519,False
2011,men,Grand-Master Singles 50+ years old,Peter MacGowan,19:09.324,1149.324,False
2012,men,Grand-Master Singles 50+ years old,Greg Benning,19:21.9,1161.9,False
2013,men,Grand-Master Singles 50+ years old,Greg Benning,18:15.870,1095.87,True
2014,men,Grand-Master Singles 50+ years old,Greg Benning,18:15.165,1095.165,True
2015,men,Grand-Master Singles 50+ years old,Greg Benning,19:25.816,1165.816,False
2016,men,Grand-Master Singles 50+ years old,Greg Benning,18:23.893,1103.893,False
2017,men,Grand-Master Singles 50+ years old,Greg Benning,18:26.751,1106.751,False
2018,men,Grand-Master Singles 50+ years old,Greg Benning,19:06.785,1146.785,False
2019,men,Grand-Master Singles 50+ years old,Greg Benning,18:43.251,1123.251,False
2021,men,Grand-Master Singles 50+ years old,Russell Cone,18:56.664,1136.664,False
2022,men,Grand-Master Singles 50+ years old,Brian Jamieson,18:59.436,1139.436,False
2023,men,Grand-Master Singles 50+ years old,David Deschenes,19:01.696,1141.696,False
2024,men,Grand-Master Singles 50+ years old,Andrew Mactaggart,19:08.208,1148.208,False
2025,men,Grand-Master Singles 50+ years old,Geoffrey Hoffman,19:46.963,1186.963,False
2024,men,Grand-Veteran Doubles 80+ Age Average (no rower under 30),"J. Everett, B. Pasternak",25:46.829,1546.829,True
2025,men,Grand-Veteran Doubles 80+ Age Average (no rower under 30),"O. Simanovsky, M. Gefter",24:08.531,1448.531,True
2010,men,Grand-Veteran Singles 80+ years old,Richard Kendall (GV I),19:50.376,1190.376,True
2011,men,Grand-Veteran Singles 80+ years old,Richard Kendall (GV I),20:22.331,1222.331,False
2012,men,Grand-Veteran Singles 80+ years old,Christopher Collins (GVI),23:14.63,1394.63,False
2013,men,Grand-Veteran Singles 80+ years old,Richard Kendall (GV I),22:38.555,1358.555,False
2014,men,Grand-Veteran Singles 80+ years old,Christopher Collins (GV I),22:35.709,1355.709,False
2015,men,Grand-Veteran Singles 80+ years old,Christopher Collins (GV I),23:43.848,1423.848,False
2016,men,Grand-Veteran Singles 80+ years old,Carlo Zezza (GV I),23:03.005,1383.005,False
2017,men,Grand-Veteran Singles 80+ years old,Carlo Zezza (GV I),22:28.714,1348.714,False
2018,men,Grand-Veteran Singles 80+ years old,Carlo Zezza (GV I),23:47.727,1427.727,False
2019,men,Grand-Veteran Singles 80+ years old,Carlo Zezza (GV I),24:25.973,1465.973,False
2021,men,Grand-Veteran Singles 80+ years old,Bennett Jones (GV I),24:53.530,1493.53,False
2022,men,Grand-Veteran Singles 80+ years old,Henry Hamilton (GV I),25:06.330,1506.33,False
2023,men,Grand-Veteran Singles 80+ years old,Bob Heacox (GV I),24:09.226,1449.226,False
2024,men,Grand-Veteran Singles 80+ years old,Robert Lee (GV I),24:52.965,1492.965,False
2025,men,Grand-Veteran Singles 80+ years old,Donald Besser (GV I),24:41.248,1481.248,False
1965,men,Lightweight Eights,M.I.T.,16:32.0,992.0,True
1966,men,Lightweight Eights,Univ. of Penn.,17:17.7,1037.7,False
1967,men,Lightweight Eights,M.I.T. BC,17:33.0,1053.0,False
1968,men,Lightweight Eights,Harvard Univ.,18:00.0,1080.0,False
1970,men,Lightweight Eights,Harvard Univ.,15:38.0,938.0,True
1971,men,Lightweight Eights,U.S. Naval Acad.,15:35.5,935.5,True
1972,men,Lightweight Eights,Potomac BC,15:32.7,932.7,True
1973,men,Lightweight Eights,Princeton Univ.,16:37.2,997.2,False
1974,men,Lightweight Eights,Harvard Univ.,16:33.9,993.9,False
1975,men,Lightweight Eights,Harvard Univ.,16:52.1,1012.1,False
1976,men,Lightweight Eights,Cornell Univ.,16:13.6,973.6,False
1977,men,Lightweight Eights,Princeton Univ.,16:49.1,1009.1,False
1978,men,Lightweight Eights,Princeton Univ.,16:04.4,964.4,False
1979,men,Lightweight Eights,Cornell Univ.,16:18.4,978.4,False
1980,men,Lightweight Eights,St. Catharines RC,15:59.9,959.9,False
1981,men,Lightweight Eights,St. Catharines RC,15:33.1,933.1,False
1982,men,Lightweight Eights,St. Catharines RC,15:15.3,915.3,True
1983,men,Lightweight Eights,St. Catharines RC,14:48.4,888.4,True
1984,men,Lightweight Eights,St. Catharines RC,14:45.1,885.1,True
1985,men,Lightweight Eights,St. Catharines RC,15:56.1,956.1,False
1986,men,Lightweight Eights,Vesper BC,14:56.2,896.2,False
1987,men,Lightweight Eights,Vesper BC,15:02.8,902.8,False
1988,men,Lightweight Eights,St. Catharines RC,16:00.9,960.9,False
1989,men,Lightweight Eights,Vesper BC,16:13.5,973.5,False
1990,men,Lightweight Eights,Vesper BC,15:12.4,912.4,False
1991,men,Lightweight Eights,Boston RC,14:40.4,880.4,False
1992,men,Lightweight Eights,St. Catharines RC,14:32.7,872.7,True
1993,men,Lightweight Eights,Vesper BC,15:00.2,900.2,False
1994,men,Lightweight Eights,Boston RC,14:40.4,880.4,False
1995,men,Lightweight Eights,Vesper BC,14:33.7,873.7,False
1997,men,Lightweight Eights,Rowing Canada,14:21.01,861.01,True
1998,men,Lightweight Eights,Rowing Canada,14:27.54,867.54,False
1999,men,Lightweight Eights,Princeton TC,14:44.63,884.63,False
2000,men,Lightweight Eights,Yale Univ.,15:32.09,932.09,False
2001,men,Lightweight Eights,Yale Univ.,14:35.509,875.509,False
2002,men,Lightweight Eights,New York Athletic Club,15:16.433,916.433,False
2003,men,Lightweight Eights,New York Athletic Club,14:35.133,875.133,False
2005,men,Lightweight Eights,Riverside Boat Club,15:22.189,922.189,False
2006,men,Lightweight Eights,Rowing Canada,14:28.639,868.639,False
2007,men,Lightweight Eights,New York Athletic Club,14:25.810,865.81,False
2008,men,Lightweight Eights,Princeton University,14:46.800,886.8,False
2009,men,Lightweight Eights,New York Athletic Club,15:28.295,928.295,False
2010,men,Lightweight Eights,Princeton University,14:09.921,849.921,True
2011,men,Lightweight Eights,USRowing,14:27.740,867.74,False
2012,men,Lightweight Eights,Harvard University,14:35.71,875.71,False
2013,men,Lightweight Eights,Princeton University,15:03.554,903.554,False
2014,men,Lightweight Eights,Princeton University,15:02.301,902.301,False
2015,men,Lightweight Eights,National Training Centre,14:49.841,889.841,False
2016,men,Lightweight Eights,Western University (UWO),15:41.440,941.44,False
2017,men,Lightweight Eights,Princeton,13:49.679,829.679,True
2018,men,Lightweight Eights,Cornell,15:43.872,943.872,False
2019,men,Lightweight Eights,Princeton,14:06.754,846.754,False
2021,men,Lightweight Eights,Yale University,14:30.961,870.961,False
2023,men,Lightweight Eights,Harvard U,14:51.920,891.92,False
2024,men,Lightweight Eights,Harvard,14:09.094,849.094,False
2025,men,Lightweight Eights,Harvard,13:51.277,831.277,False
1965,men,Lightweight Fours,Cambridge BC,19:38.0,1178.0,True
1966,men,Lightweight Fours,Vesper BC,20:29.9,1229.9,False
1967,men,Lightweight Fours,Vesper BC,20:07.1,1207.1,False
1968,men,Lightweight Fours,Harvard Univ.,19:47.8,1187.8,False
1969,men,Lightweight Fours,Cambridge BC,17:47.5,1067.5,False
1970,men,Lightweight Fours,Harvard Univ.,17:14.5,1034.5,True
1971,men,Lightweight Fours,Vesper BC,17:03.38,1023.38,False
1972,men,Lightweight Fours,Harvard Univ.,17:25.8,1045.8,False
1973,men,Lightweight Fours,Cambridge BC,17:47.5,1067.5,False
1974,men,Lightweight Fours,Harvard Univ.,18:43.8,1123.8,False
1975,men,Lightweight Fours,Harvard Univ.,18:04.1,1084.1,False
1976,men,Lightweight Fours,U.S.C.G. Acad.,18:09.9,1089.9,False
1977,men,Lightweight Fours,Florida A.C.,18:14.6,1094.6,False
1978,men,Lightweight Fours,Florida A.C.,17:39.6,1059.6,False
1979,men,Lightweight Fours,Florida A.C.,17:44.4,1064.4,False
1980,men,Lightweight Fours,Florida A.C.,18:19.3,1099.3,False
1981,men,Lightweight Fours,Florida A.C.,17:30.6,1050.6,False
1982,men,Lightweight Fours,Univ. Of W. Ontario,17:02.9,1022.9,True
1983,men,Lightweight Fours,St. Catherine’s RC,17:24.8,1044.8,False
1984,men,Lightweight Fours,M.I.T. BC,16:24.4,984.4,True
1985,men,Lightweight Fours,London RC,17:38.0,1058.0,False
1986,men,Lightweight Fours,London RC,16:44.5,1004.5,False
1987,men,Lightweight Fours,M.I.T. BC,16:48.3,1008.3,False
1988,men,Lightweight Fours,Viking Rf,17:38.1,1058.1,False
1989,men,Lightweight Fours,Boston RC,16:08.0,968.0,True
1990,men,Lightweight Fours,Midsx.-Western RC,17:08.1,1028.1,False
1991,men,Lightweight Fours,Boston RC,17:30.3,1050.3,False
1992,men,Lightweight Fours,Thames Riv. Sculls,16:33.3,993.3,False
1993,men,Lightweight Fours,U.S. Rowing,16:47.7,1007.7,False
1994,men,Lightweight Fours,Potomac BC,16:32.2,992.2,False
1995,men,Lightweight Fours,Boston RC,16:08.0,968.0,True
1997,men,Lightweight Fours,Western RC,16:16.0,976.0,False
1998,men,Lightweight Fours,Boston Rowing Club,16:30.36,990.36,False
1999,men,Lightweight Fours,Malta Boat Club,16:34.48,994.48,False
2000,men,Lightweight Fours,Princeton Training Ctr,16:38.48,998.48,False
2001,men,Lightweight Fours,Western RC,16:24.210,984.21,False
2002,men,Lightweight Fours,US Rowing,17:05.603,1025.603,False
2003,men,Lightweight Fours,New York Athletic Club,15:49.633,949.633,True
2005,men,Lightweight Fours,Ottawa Rowing Club,17:15.230,1035.23,False
2006,men,Lightweight Fours,Ottawa Rowing Club,16:46.840,1006.84,False
2007,men,Lightweight Fours,New York Athletic Club,16:29.091,989.091,False
2009,men,Lightweight Fours,Don Rowing Club,17:26.637,1046.637,False
2010,men,Lightweight Fours,Yale University,16:23.619,983.619,False
2011,men,Lightweight Fours,New York Athletic Club,16:29.705,989.705,False
2012,men,Lightweight Fours,New York Athletic Club,16:55.26,1015.26,False
2013,men,Lightweight Fours,University of Pennsylvania,17:33.142,1053.142,False
2014,men,Lightweight Fours,London Training Center,16:28.191,988.191,False
2015,men,Lightweight Fours,Cornell University Crew,16:45.915,1005.915,False
2016,men,Lightweight Fours,New York Athletic Club,17:59.738,1079.738,False
2017,men,Lightweight Fours,Yale,15:42.932,942.932,True
2018,men,Lightweight Fours,Georgetown,17:33.192,1053.192,False
2019,men,Lightweight Fours,University of Pennsylvania,15:59.492,959.492,False
2021,men,Lightweight Fours,University of Pennsylvania,16:29.246,989.246,False
2022,men,Lightweight Fours,British Columbia,15:45.870,945.87,False
2023,men,Lightweight Fours,Cornell,16:57.080,1017.08,False
2024,men,Lightweight Fours,Penn,16:11.099,971.099,False
2025,men,Lightweight Fours,Harvard,15:40.880,940.88,False
1965,men,Lightweight Singles,L. Fogelberg,19:54.0,1194.0,True
1966,men,Lightweight Singles,L. Sompayrac,21:24.7,1284.7,False
1967,men,Lightweight Singles,L. Klecatsky,21:14.8,1274.8,False
1968,men,Lightweight Singles,E. Frederick,21:28.9,1288.9,False
1970,men,Lightweight Singles,L. Klecatsky,18:44.4,1124.4,True
1971,men,Lightweight Singles,L. Klecatsky,18:39.8,1119.8,True
1972,men,Lightweight Singles,L. Klecatsky,18:58.2,1138.2,False
1973,men,Lightweight Singles,L. Klecatsky,19:04.2,1144.2,False
1974,men,Lightweight Singles,L. Klecatsky,19:46.5,1186.5,False
1975,men,Lightweight Singles,L. Klecatsky,18:52.2,1132.2,False
1976,men,Lightweight Singles,L. Klecatsky,18:41.4,1121.4,False
1977,men,Lightweight Singles,L. Klecatsky,20:01.7,1201.7,False
1978,men,Lightweight Singles,L. Klecatsky,19:00.6,1140.6,False
1979,men,Lightweight Singles,T. Hazeltime,19:06.7,1146.7,False
1980,men,Lightweight Singles,L. Klecatsky,19:00.5,1140.5,False
1981,men,Lightweight Singles,S. Roop,17:57.6,1077.6,True
1982,men,Lightweight Singles,S. Roop,18:12.1,1092.1,False
1983,men,Lightweight Singles,P. Fuchs,17:30.6,1050.6,True
1984,men,Lightweight Singles,P. Fuchs,17:24.8,1044.8,True
1985,men,Lightweight Singles,P. Tattersall,19:24.6,1164.6,False
1986,men,Lightweight Singles,P. Tatersall,18:28.4,1108.4,False
1987,men,Lightweight Singles,P. Fuchs,18:21.6,1101.6,False
1988,men,Lightweight Singles,P. Fuchs,19:31.1,1171.1,False
1989,men,Lightweight Singles,F. Goebel,19:46.7,1186.7,False
1990,men,Lightweight Singles,T. O’hara,18:20.9,1100.9,False
1991,men,Lightweight Singles,C. Shulten,19:30.9,1170.9,False
1992,men,Lightweight Singles,B. Sweenor,17:35.7,1055.7,False
1993,men,Lightweight Singles,T. Auth,18:40.6,1120.6,False
1994,men,Lightweight Singles,C. Shulten,17:49.8,1069.8,False
1995,men,Lightweight Singles,C. Shulten,18:18.5,1098.5,False
1997,men,Lightweight Singles,I. Brambell,18:10.6,1090.6,False
1998,men,Lightweight Singles,D. Sanderson,18:34.71,1114.71,False
1999,men,Lightweight Singles,D. Sanderson,18:37.02,1117.02,False
2000,men,Lightweight Singles,D. Sanders,18:51.43,1131.43,False
2001,men,Lightweight Singles,A. Zosuls,18:31.309,1111.309,False
2002,men,Lightweight Singles,J. Bujas,19:00.478,1140.478,False
2003,men,Lightweight Singles,Richard Montgomery,18:22.081,1102.081,False
2005,men,Lightweight Singles,Andrew Liverman,19:21.710,1161.71,False
2006,men,Lightweight Singles,Richard Montgomery,18:20.925,1100.925,False
2007,men,Lightweight Singles,Richard Montgomery,18:31.325,1111.325,False
2008,men,Lightweight Singles,Timothy Larson,18:18.400,1098.4,False
2009,men,Lightweight Singles,Simon Gowdy,19:31.118,1171.118,False
2010,men,Lightweight Singles,Christopher Storm,18:06.285,1086.285,False
2011,men,Lightweight Singles,Jonathan Winter,18:28.636,1108.636,False
2012,men,Lightweight Singles,David Smith,19:06.2,1146.2,False
2013,men,Lightweight Singles,Nicolas Pratt,18:52.176,1132.176,False
2014,men,Lightweight Singles,Hugh McAdam,18:35.237,1115.237,False
2015,men,Lightweight Singles,Hugh McAdam,18:36.871,1116.871,False
2016,men,Lightweight Singles,Hugh McAdam,18:33.826,1113.826,False
2017,men,Lightweight Singles,Hugh McAdam,18:10.962,1090.962,False
2018,men,Lightweight Singles,Hugh McAdam,18:38.563,1118.563,False
2019,men,Lightweight Singles,Jasper Liu,18:10.173,1090.173,False
2021,men,Lightweight Singles,Zachary Heese,17:52.607,1072.607,False
2022,men,Lightweight Singles,Jamie Copus,17:43.730,1063.73,False
2023,men,Lightweight Singles,Ashton Knight,18:01.314,1081.314,False
2024,men,Lightweight Singles,Justin Schmidt,17:55.851,1075.851,False
2025,men,Lightweight Singles,Justin Schmidt,17:58.896,1078.896,False
2023,men,Master Doubles Age Average of 30+ (no rower under 30),"A. Sauvageau, G. Yost",17:35.644,1055.644,True
2024,men,Master Doubles Age Average of 30+ (no rower under 30),"C. Massey, B. Wettach",17:31.404,1051.404,True
2025,men,Master Doubles Age Average of 30+ (no rower under 30),"C. Massey, B. Wettach",17:35.985,1055.985,False
2024,men,Master Eights Age Average of 30+ (no rower under 30),Peking,16:41.147,1001.147,True
2025,men,Master Eights Age Average of 30+ (no rower under 30),RV De Laak,15:52.572,952.572,True
2024,men,Master Fours Age Average of 30+ (no rower under 30),Minneapolis,16:42.651,1002.651,True
2025,men,Master Fours Age Average of 30+ (no rower under 30),Minneapolis,16:47.720,1007.72,False
1977,men,Master Singles 30+ years old,F. Duling,20:45.4,1245.4,True
1978,men,Master Singles 30+ years old,H. Hamilton,20:28.6,1228.6,True
1979,men,Master Singles 30+ years old,J. Dietz,18:59.4,1139.4,True
1980,men,Master Singles 30+ years old,N. Halleen,19:55.6,1195.6,False
1981,men,Master Singles 30+ years old,N. Halleen,19:01.8,1141.8,False
1982,men,Master Singles 30+ years old,N. Halleen,19:02.3,1142.3,False
1983,men,Master Singles 30+ years old,F. Bachman,18:49.3,1129.3,True
1984,men,Master Singles 30+ years old,R. Spousta,18:16.9,1096.9,True
1985,men,Master Singles 30+ years old,J. Dietz,19:54.4,1194.4,False
1986,men,Master Singles 30+ years old,R. Spousta,18:47.2,1127.2,False
1987,men,Master Singles 30+ years old,R. Spousta,19:10.7,1150.7,False
1988,men,Master Singles 30+ years old,S. Hathaway,20:01.1,1201.1,False
1989,men,Master Singles 30+ years old,B. Smith,21:10.0,1270.0,False
1991,men,Master Singles 30+ years old,M. Hindery,19:45.9,1185.9,False
1992,men,Master Singles 30+ years old,M. Hindery,18:25.9,1105.9,False
1993,men,Master Singles 30+ years old,J. Bouscaren,19:07.2,1147.2,False
1994,men,Master Singles 30+ years old,G. Benning,18:30.4,1110.4,False
1995,men,Master Singles 30+ years old,J. Bouscaren,18:23.6,1103.6,False
1997,men,Master Singles 30+ years old,T. Darling,18:17.1,1097.1,False
1998,men,Master Singles 30+ years old,J. Gordon,18:21.31,1101.31,False
1999,men,Master Singles 30+ years old,J. Gordon,18:57.24,1137.24,False
2000,men,Master Singles 30+ years old,G. Benning,19:44.76,1184.76,False
2001,men,Master Singles 30+ years old,Thomas Bohrer,18:25.630,1105.63,False
2002,men,Master Singles 30+ years old,Thomas Bohrer,19:13.589,1153.589,False
2003,men,Master Singles 30+ years old,Russell Cone,18:24.662,1104.662,False
2005,men,Master Singles 30+ years old,Russell Cone,20:21.484,1221.484,False
2006,men,Master Singles 30+ years old,Dale Hawkins,18:39.363,1119.363,False
2007,men,Master Singles 30+ years old,David Gabel,18:42.122,1122.122,False
2008,men,Master Singles 30+ years old,Adam Holland,19:23.000,1163.0,False
2009,men,Master Singles 30+ years old,Bjorn Anders Holmberg,19:11.883,1151.883,False
2010,men,Master Singles 30+ years old,Bjorn Anders Holmberg,18:27.288,1107.288,False
2011,men,Master Singles 30+ years old,Matt McCarthy,18:59.156,1139.156,False
2012,men,Master Singles 30+ years old,Matt McCarthy,19:19.37,1159.37,False
2013,men,Master Singles 30+ years old,Peter Morelli,19:13.114,1153.114,False
2014,men,Master Singles 30+ years old,Michael Farry,19:58.391,1198.391,False
2015,men,Master Singles 30+ years old,Andrew Hashway,18:55.829,1135.829,False
2016,men,Master Singles 30+ years old,Andrew Hashway,19:44.796,1184.796,False
2017,men,Master Singles 30+ years old,Andrew Hashway,18:13.613,1093.613,True
2018,men,Master Singles 30+ years old,Brendan McEwan,18:50.449,1130.449,False
2019,men,Master Singles 30+ years old,Dave Ringham,18:59.505,1139.505,False
2021,men,Master Singles 30+ years old,Gregory Ansolabehere,18:46.721,1126.721,False
2022,men,Master Singles 30+ years old,Brendan McEwan,18:22.914,1102.914,False
2023,men,Master Singles 30+ years old,Ben Wettach,18:22.762,1102.762,False
2024,men,Master Singles 30+ years old,Alex Twist,18:13.921,1093.921,False
2025,men,Master Singles 30+ years old,Brendan McEwan,18:42.971,1122.971,False
1994,men,Senior-Master Doubles Age Average of 40+ (no rower under 30),Rude & Smooth,17:45.7,1065.7,True
1995,men,Senior-Master Doubles Age Average of 40+ (no rower under 30),Rude & Smooth,18:20.6,1100.6,False
1997,men,Senior-Master Doubles Age Average of 40+ (no rower under 30),Western RC,17:56.7,1076.7,False
1998,men,Senior-Master Doubles Age Average of 40+ (no rower under 30),Cambridge Boat Club,17:59.07,1079.07,False
1999,men,Senior-Master Doubles Age Average of 40+ (no rower under 30),California Yacht Club,18:13.84,1093.84,False
2000,men,Senior-Master Doubles Age Average of 40+ (no rower under 30),"Hathaway, Leeds",17:54.11,1074.11,False
2001,men,Senior-Master Doubles Age Average of 40+ (no rower under 30),"Gwadz, Bax",17:23.810,1043.81,True
2002,men,Senior-Master Doubles Age Average of 40+ (no rower under 30),"Gwadz, Bax",17:48.560,1068.56,False
2003,men,Senior-Master Doubles Age Average of 40+ (no rower under 30),"M. Smith, D. Gorriaran",17:13.688,1033.688,True
2005,men,Senior-Master Doubles Age Average of 40+ (no rower under 30),"M. Smith, D. Gorriaran",19:38.607,1178.607,False
2006,men,Senior-Master Doubles Age Average of 40+ (no rower under 30),"M. Smith, D. Gorriaran",18:19.098,1099.098,False
2007,men,Senior-Master Doubles Age Average of 40+ (no rower under 30),"M. Smith, D. Gorriaran",17:29.592,1049.592,False
2008,men,Senior-Master Doubles Age Average of 40+ (no rower under 30),"M. Smith, D. Gorriaran",17:20.500,1040.5,False
2009,men,Senior-Master Doubles Age Average of 40+ (no rower under 30),"D. Johnson, G. Benning",17:24.987,1044.987,False
2010,men,Senior-Master Doubles Age Average of 40+ (no rower under 30),"J. Manson, G. Benning",18:03.913,1083.913,False
2011,men,Senior-Master Doubles Age Average of 40+ (no rower under 30),"M. Smith, D. Gorriaran",18:40.401,1120.401,False
2012,men,Senior-Master Doubles Age Average of 40+ (no rower under 30),"M. Smith, D. Gorriaran",17:22.37,1042.37,False
2013,men,Senior-Master Doubles Age Average of 40+ (no rower under 30),"R. White, K. McDonnel",18:31.417,1111.417,False
2014,men,Senior-Master Doubles Age Average of 40+ (no rower under 30),"P. Johnson, J. Dundon",18:58.155,1138.155,False
2015,men,Senior-Master Doubles Age Average of 40+ (no rower under 30),"S. Wolf, P. Morelli",18:05.578,1085.578,False
2016,men,Senior-Master Doubles Age Average of 40+ (no rower under 30),"S. Wolf, P. Morelli",17:59.636,1079.636,False
2017,men,Senior-Master Doubles Age Average of 40+ (no rower under 30),"S. Wolf, P. Morelli",17:21.309,1041.309,False
2018,men,Senior-Master Doubles Age Average of 40+ (no rower under 30),"S. Wolf, P. Morelli",17:44.277,1064.277,False
2019,men,Senior-Master Doubles Age Average of 40+ (no rower under 30),"G. Kaplan, M. Farry",17:53.000,1073.0,False
2021,men,Senior-Master Doubles Age Average of 40+ (no rower under 30),"S. Wolf, P. Morelli",17:28.714,1048.714,False
2022,men,Senior-Master Doubles Age Average of 40+ (no rower under 30),"N. Kelly, J. Watkins",16:55.843,1015.843,True
2023,men,Senior-Master Doubles Age Average of 40+ (no rower under 30),"N. Kelly, J. Watkins",17:00.085,1020.085,False
2024,men,Senior-Master Doubles Age Average of 40+ (no rower under 30),"N. Kellly, J. Watkins",17:24.010,1044.01,False
2025,men,Senior-Master Doubles Age Average of 40+ (no rower under 30),"N. Kellly, J. Watkins",17:33.738,1053.738,False
1995,men,Senior-Master Eights Age Average of 40+ (no rower under 30),1980 RC,15:38.8,938.8,True
1997,men,Senior-Master Eights Age Average of 40+ (no rower under 30),1980 RC,15:30.9,930.9,True
1998,men,Senior-Master Eights Age Average of 40+ (no rower under 30),Leander Boat Club,15:26.82,926.82,False
1999,men,Senior-Master Eights Age Average of 40+ (no rower under 30),Palm Beach Ra,15:54.71,954.71,False
2000,men,Senior-Master Eights Age Average of 40+ (no rower under 30),Leander Boat Club,15:56.51,956.51,False
2001,men,Senior-Master Eights Age Average of 40+ (no rower under 30),Leander Boat Club,15:16.139,916.139,True
2002,men,Senior-Master Eights Age Average of 40+ (no rower under 30),Palm Beach Ra,16:05.564,965.564,False
2003,men,Senior-Master Eights Age Average of 40+ (no rower under 30),Pocock Rowing Center,15:22.026,922.026,False
2005,men,Senior-Master Eights Age Average of 40+ (no rower under 30),Penn AC,15:22.323,922.323,False
2006,men,Senior-Master Eights Age Average of 40+ (no rower under 30),Pocock Rowing Center,15:57.194,957.194,False
2007,men,Senior-Master Eights Age Average of 40+ (no rower under 30),Penn AC,15:24.731,924.731,False
2008,men,Senior-Master Eights Age Average of 40+ (no rower under 30),Kent Mitchell RC,15:20.400,920.4,False
2009,men,Senior-Master Eights Age Average of 40+ (no rower under 30),Pennsylvania Athletic Center,15:26.466,926.466,False
2010,men,Senior-Master Eights Age Average of 40+ (no rower under 30),RV Rijnland,15:38.652,938.652,False
2011,men,Senior-Master Eights Age Average of 40+ (no rower under 30),Kennebecasis Rowing Club,15:36.387,936.387,False
2012,men,Senior-Master Eights Age Average of 40+ (no rower under 30),Molesey Boat Club,15:14.86,914.86,True
2013,men,Senior-Master Eights Age Average of 40+ (no rower under 30),Kennebecasis Rowing Club,14:51.382,891.382,True
2014,men,Senior-Master Eights Age Average of 40+ (no rower under 30),Shannon Rowing Club,14:46.602,886.602,True
2015,men,Senior-Master Eights Age Average of 40+ (no rower under 30),Molesey Boat Club,15:22.317,922.317,False
2016,men,Senior-Master Eights Age Average of 40+ (no rower under 30),Molesey Boat Club,15:24.083,924.083,False
2017,men,Senior-Master Eights Age Average of 40+ (no rower under 30),Shannon,15:01.254,901.254,False
2018,men,Senior-Master Eights Age Average of 40+ (no rower under 30),Kennebecasis,15:28.415,928.415,False
2019,men,Senior-Master Eights Age Average of 40+ (no rower under 30),Marin,15:10.794,910.794,False
2021,men,Senior-Master Eights Age Average of 40+ (no rower under 30),Marin,15:04.988,904.988,False
2022,men,Senior-Master Eights Age Average of 40+ (no rower under 30),Marin,14:52.692,892.692,False
2023,men,Senior-Master Eights Age Average of 40+ (no rower under 30),Marin,14:41.181,881.181,False
2024,men,Senior-Master Eights Age Average of 40+ (no rower under 30),Ex Nemo,15:14.115,914.115,False
2025,men,Senior-Master Eights Age Average of 40+ (no rower under 30),Fat Cat,15:13.571,913.571,False
1995,men,Senior-Master Fours Age Average of 40+ (no rower under 30),Albatros Klagenfurt,17:21.1,1041.1,True
1997,men,Senior-Master Fours Age Average of 40+ (no rower under 30),Belfast RC,17:03.38,1023.38,True
1998,men,Senior-Master Fours Age Average of 40+ (no rower under 30),Palm Beach Ra,17:54.23,1074.23,False
1999,men,Senior-Master Fours Age Average of 40+ (no rower under 30),Palm Beach Ra,17:55.33,1075.33,False
2000,men,Senior-Master Fours Age Average of 40+ (no rower under 30),Palm Beach Ra,18:07.42,1087.42,False
2001,men,Senior-Master Fours Age Average of 40+ (no rower under 30),1980 RC,17:24.230,1044.23,False
2002,men,Senior-Master Fours Age Average of 40+ (no rower under 30),1980 RC,17:54.505,1074.505,False
2003,men,Senior-Master Fours Age Average of 40+ (no rower under 30),1980 Rowing Club,17:10.816,1030.816,False
2005,men,Senior-Master Fours Age Average of 40+ (no rower under 30),Cambridge Boat Club,18:47.473,1127.473,False
2006,men,Senior-Master Fours Age Average of 40+ (no rower under 30),Cambridge Boar Club,18:31.447,1111.447,False
2007,men,Senior-Master Fours Age Average of 40+ (no rower under 30),Cambridge Boat Club,17:40.614,1060.614,False
2008,men,Senior-Master Fours Age Average of 40+ (no rower under 30),Cambridge Boat Club,17:03.600,1023.6,False
2009,men,Senior-Master Fours Age Average of 40+ (no rower under 30),Palm Beach RA,17:15.089,1035.089,False
2010,men,Senior-Master Fours Age Average of 40+ (no rower under 30),Palm Beach RA,17:14.280,1034.28,False
2011,men,Senior-Master Fours Age Average of 40+ (no rower under 30),Charles River Rowing Association,17:10.269,1030.269,False
2012,men,Senior-Master Fours Age Average of 40+ (no rower under 30),Pocock Rowing Center,17:41.05,1061.05,False
2013,men,Senior-Master Fours Age Average of 40+ (no rower under 30),Marin Rowing Association,17:15.672,1035.672,False
2014,men,Senior-Master Fours Age Average of 40+ (no rower under 30),Palm Beach Rowing Assoc.,17:02.61,1022.61,True
2015,men,Senior-Master Fours Age Average of 40+ (no rower under 30),Molesey Boat Club,17:01.585,1021.585,True
2016,men,Senior-Master Fours Age Average of 40+ (no rower under 30),Palm Beach Rowing Assoc.,17:25.514,1045.514,False
2017,men,Senior-Master Fours Age Average of 40+ (no rower under 30),Sammamish Association,16:59.544,1019.544,True
2018,men,Senior-Master Fours Age Average of 40+ (no rower under 30),Molesey,17:14.776,1034.776,False
2019,men,Senior-Master Fours Age Average of 40+ (no rower under 30),Crabtree,16:54.764,1014.764,True
2021,men,Senior-Master Fours Age Average of 40+ (no rower under 30),Potomac,17:11.163,1031.163,False
2022,men,Senior-Master Fours Age Average of 40+ (no rower under 30),Ex Nemo,16:35.649,995.649,True
2023,men,Senior-Master Fours Age Average of 40+ (no rower under 30),Club Nautico De San Juan,16:41.654,1001.654,False
2024,men,Senior-Master Fours Age Average of 40+ (no rower under 30),Club Nautico De San Juan,16:49.877,1009.877,False
2025,men,Senior-Master Fours Age Average of 40+ (no rower under 30),Crabtree,16:58.853,1018.853,False
1965,men,Senior-Master Singles 40+ years old,"B. Pirnie, Jr.",23:05.0,1385.0,True
1966,men,Senior-Master Singles 40+ years old,W. Brace,22:12.3,1332.3,True
1967,men,Senior-Master Singles 40+ years old,W. Brace,21:35.5,1295.5,True
1968,men,Senior-Master Singles 40+ years old,"R. Emmet, Jr.",25:36.9,1536.9,False
1970,men,Senior-Master Singles 40+ years old,E. Lynch,20:45.1,1245.1,True
1971,men,Senior-Master Singles 40+ years old,J. Welchli,20:00.8,1200.8,True
1972,men,Senior-Master Singles 40+ years old,J. Welchli,20:01.6,1201.6,False
1973,men,Senior-Master Singles 40+ years old,S. Cromwell,20:24.0,1224.0,False
1974,men,Senior-Master Singles 40+ years old,G. Ignas,21:58.4,1318.4,False
1975,men,Senior-Master Singles 40+ years old,G. Ignas,22:24.8,1344.8,False
1976,men,Senior-Master Singles 40+ years old,J. Welchli,20:58.2,1258.2,False
1977,men,Senior-Master Singles 40+ years old,R. Abromeit,21:53.1,1313.1,False
1978,men,Senior-Master Singles 40+ years old,R. Abromeit,21:03.7,1263.7,False
1979,men,Senior-Master Singles 40+ years old,B. Jones,20:09.6,1209.6,False
1980,men,Senior-Master Singles 40+ years old,R. Perkins,20:12.4,1212.4,False
1981,men,Senior-Master Singles 40+ years old,H. Parker,19:33.3,1173.3,True
1982,men,Senior-Master Singles 40+ years old,J. McGowan,18:35.7,1115.7,True
1983,men,Senior-Master Singles 40+ years old,J. McGowan,18:35.9,1115.9,False
1984,men,Senior-Master Singles 40+ years old,M. McGowan,18:34.3,1114.3,True
1985,men,Senior-Master Singles 40+ years old,N. Halleen,20:19.8,1219.8,False
1986,men,Senior-Master Singles 40+ years old,J. McGowan,19:00.0,1140.0,False
1987,men,Senior-Master Singles 40+ years old,N. Halleen,19:21.8,1161.8,False
1988,men,Senior-Master Singles 40+ years old,H. Hamilton,20:23.3,1223.3,False
1989,men,Senior-Master Singles 40+ years old,R. Spousta,21:07.3,1267.3,False
1990,men,Senior-Master Singles 40+ years old,R. Spousta,18:57.6,1137.6,False
1991,men,Senior-Master Singles 40+ years old,J. Dietz,19:21.9,1161.9,False
1992,men,Senior-Master Singles 40+ years old,R. Spousta,18:32.1,1112.1,True
1993,men,Senior-Master Singles 40+ years old,P. Monckton,19:51.1,1191.1,False
1994,men,Senior-Master Singles 40+ years old,M. Hindery,19:07.9,1147.9,False
1995,men,Senior-Master Singles 40+ years old,S. Hathaway,19:04.4,1144.4,False
1997,men,Senior-Master Singles 40+ years old,S. Hathaway,18:52.7,1132.7,False
1998,men,Senior-Master Singles 40+ years old,S. Hathaway,19:11.95,1151.95,False
1999,men,Senior-Master Singles 40+ years old,L. Burquier,19:37.71,1177.71,False
2000,men,Senior-Master Singles 40+ years old,P. Monchton,20:27.04,1227.04,False
2001,men,Senior-Master Singles 40+ years old,J. Gordon,18:59.319,1139.319,False
2002,men,Senior-Master Singles 40+ years old,J. Gordon,19:55.871,1195.871,False
2003,men,Senior-Master Singles 40+ years old,John Tracey,18:56.241,1136.241,False
2005,men,Senior-Master Singles 40+ years old,Thomas Darling,21:13.193,1273.193,False
2006,men,Senior-Master Singles 40+ years old,Gregory Benning,19:47.535,1187.535,False
2007,men,Senior-Master Singles 40+ years old,Gregory Benning,18:19.758,1099.758,True
2008,men,Senior-Master Singles 40+ years old,Thomas Bohrer,18:34.600,1114.6,False
2009,men,Senior-Master Singles 40+ years old,Thomas Bohrer,18:38.605,1118.605,False
2010,men,Senior-Master Singles 40+ years old,James McGaffigan,18:58.909,1138.909,False
2011,men,Senior-Master Singles 40+ years old,James McGaffigan,18:39.155,1119.155,False
2012,men,Senior-Master Singles 40+ years old,Russell Cone,18:26.98,1106.98,False
2013,men,Senior-Master Singles 40+ years old,Russell Cone,18:25.223,1105.223,False
2014,men,Senior-Master Singles 40+ years old,James Mcgaffigan,18:23.765,1103.765,False
2015,men,Senior-Master Singles 40+ years old,Russell Cone,19:32.347,1172.347,False
2016,men,Senior-Master Singles 40+ years old,Hugh Mackworth-Praed,19:09.917,1149.917,False
2017,men,Senior-Master Singles 40+ years old,Hans Halvorson,18:41.970,1121.97,False
2018,men,Senior-Master Singles 40+ years old,Jamie Koven,19:19.168,1159.168,False
2019,men,Senior-Master Singles 40+ years old,Jamie Koven,19:10.643,1150.643,False
2021,men,Senior-Master Singles 40+ years old,Gregory Benning,18:49.187,1129.187,False
2022,men,Senior-Master Singles 40+ years old,Thomas Graves,18:15.477,1095.477,True
2023,men,Senior-Master Singles 40+ years old,Richard Connell,18:34.49,1114.49,False
2024,men,Senior-Master Singles 40+ years old,Matt Schaeffer,18:49.919,1129.919,False
2025,men,Senior-Master Singles 40+ years old,Tom Peszek,18:05.665,1085.665,True
2014,men,Senior-Veteran Doubles 70+ Age Average,"R. Slocum, R. Lyon",21:04.269,1264.269,True
2015,men,Senior-Veteran Doubles 70+ Age Average,"R. Slocum, J. Laundon",22:03.147,1323.147,False
2016,men,Senior-Veteran Doubles 70+ Age Average,"J. Laundon, R. Slocum",22:19.666,1339.666,False
2017,men,Senior-Veteran Doubles 70+ Age Average,"D. Hunt, S. Schaffran",20:25.851,1225.851,True
2018,men,Senior-Veteran Doubles 70+ Age Average,"D. Hunt, S. Schaffran",21:12.195,1272.195,False
2019,men,Senior-Veteran Doubles 70+ Age Average,"D. Hunt, S. Schaffran",21:31.643,1291.643,False
2021,men,Senior-Veteran Doubles 70+ Age Average,"P. Ramsey, P. Hirtle",21:16.071,1276.071,False
2022,men,Senior-Veteran Doubles 70+ Age Average,"R. Stewart, T. Bishop",19:16.438,1156.438,True
2023,men,Senior-Veteran Doubles 70+ Age Average,"H. Spurway, C. Kane",22:00.200,1320.2,False
2024,men,Senior-Veteran Doubles 70+ Age Average,"J. Laband, P. Hirtle",20:38.372,1238.372,False
2025,men,Senior-Veteran Doubles 70+ Age Average,"C. M. Arnold, J. Rubini",21:05.254,1265.254,False
2014,men,Senior-Veteran Eights 70+ Age Average (no rower under 30),Occaquan International,17:39.837,1059.837,True
2015,men,Senior-Veteran Eights 70+ Age Average (no rower under 30),Occaquan International,18:46.604,1126.604,False
2016,men,Senior-Veteran Eights 70+ Age Average (no rower under 30),Occaquan International,18:13.150,1093.15,False
2017,men,Senior-Veteran Eights 70+ Age Average (no rower under 30),Occaquan International,18:02.489,1082.489,False
2018,men,Senior-Veteran Eights 70+ Age Average (no rower under 30),Upper Thames,17:46.973,1066.973,False
2019,men,Senior-Veteran Eights 70+ Age Average (no rower under 30),Team Attager,18:09.041,1089.041,False
2021,men,Senior-Veteran Eights 70+ Age Average (no rower under 30),Team Attager,18:14.140,1094.14,False
2022,men,Senior-Veteran Eights 70+ Age Average (no rower under 30),Ancient Mariners,17:39.537,1059.537,True
2023,men,Senior-Veteran Eights 70+ Age Average (no rower under 30),Ancient Mariners,17:43.057,1063.057,False
2024,men,Senior-Veteran Eights 70+ Age Average (no rower under 30),Upper Yarra,17:46.185,1066.185,False
2025,men,Senior-Veteran Eights 70+ Age Average (no rower under 30),Upper Yarra,17:55.942,1075.942,False
2014,men,Senior-Veteran Fours 70+ Age Average (no rower under 30),Avalon,25:30.071,1530.071,True
2017,men,Senior-Veteran Fours 70+ Age Average (no rower under 30),Avalon,25:06.694,1506.694,True
2018,men,Senior-Veteran Fours 70+ Age Average (no rower under 30),Chinook,24:06.791,1446.791,True
2019,men,Senior-Veteran Fours 70+ Age Average (no rower under 30),Chinook,24:08.312,1448.312,False
2021,men,Senior-Veteran Fours 70+ Age Average (no rower under 30),Ancient Mariners,20:04.177,1204.177,False
2022,men,Senior-Veteran Fours 70+ Age Average (no rower under 30),Riverside,20:30.732,1230.732,False
2023,men,Senior-Veteran Fours 70+ Age Average (no rower under 30),Riverside,20:12.545,1212.545,False
2024,men,Senior-Veteran Fours 70+ Age Average (no rower under 30),Riverside,19:57.138,1197.138,True
2025,men,Senior-Veteran Fours 70+ Age Average (no rower under 30),Riverside,20:05.651,1205.651,False
1997,men,Senior-Veteran Singles 70+ years old,T. Sprague (73),22:23.8,1343.8,True
1998,men,Senior-Veteran Singles 70+ years old,T. Sprague (74),22:45.10,1365.1,False
1999,men,Senior-Veteran Singles 70+ years old,D. Challinor (79),23:48.26,1428.26,False
2000,men,Senior-Veteran Singles 70+ years old,Richard Kendall (70),21:45.82,1305.82,True
2001,men,Senior-Veteran Singles 70+ years old,Richard Kendall (71),20:31.750,1231.75,True
2002,men,Senior-Veteran Singles 70+ years old,Richard Kendall (72),21:24.056,1284.056,False
2003,men,Senior-Veteran Singles 70+ years old,Richard Kendall (73),20:56.961,1256.961,False
2005,men,Senior-Veteran Singles 70+ years old,Richard Kendall (75),21:58.906,1318.906,False
2006,men,Senior-Veteran Singles 70+ years old,Carlo Zezza (70),21:05.627,1265.627,False
2007,men,Senior-Veteran Singles 70+ years old,Richard Kendall (77),20:33.355,1233.355,False
2008,men,Senior-Veteran Singles 70+ years old,Richard Kendall (78),20:30.500,1230.5,False
2009,men,Senior-Veteran Singles 70+ years old,Richard Kendall (79),21:29.240,1289.24,False
2010,men,Senior-Veteran Singles 70+ years old,Richard Kendall (80),19:50.376,1190.376,True
2011,men,Senior-Veteran Singles 70+ years old,Richard Kendall (81),20:22.331,1222.331,False
2012,men,Senior-Veteran Singles 70+ years old,Henry Hamilton (SV I),21:33.41,1293.41,False
2013,men,Senior-Veteran Singles 70+ years old,Landon Carter (SV I),21:20.89,1280.89,False
2014,men,Senior-Veteran Singles 70+ years old,Chuck Cook (SV I),20:43.782,1243.782,False
2015,men,Senior-Veteran Singles 70+ years old,Chuck Cook (SV I),21:29.417,1289.417,False
2016,men,Senior-Veteran Singles 70+ years old,Michael Tebay (SV I),21:25.212,1285.212,False
2017,men,Senior-Veteran Singles 70+ years old,Tom Bishop (SVI),20:35.248,1235.248,False
2018,men,Senior-Veteran Singles 70+ years old,Tom Bishop (SV I),21:01.743,1261.743,False
2019,men,Senior-Veteran Singles 70+ years old,Tom Bishop (SVI),21:46.750,1306.75,False
2021,men,Senior-Veteran Singles 70+ years old,Richard Anderson (SVI),20:39.744,1239.744,False
2022,men,Senior-Veteran Singles 70+ years old,Ian Luxford (SVI),21:03.215,1263.215,False
2023,men,Senior-Veteran Singles 70+ years old,Ian Luxford (SVI),20:47.194,1247.194,False
2024,men,Senior-Veteran Singles 70+ years old,James Crawford (SVI),21:23.858,1283.858,False
2025,men,Senior-Veteran Singles 70+ years old,James Crawford (SVI),21:23.565,1283.565,False
2021,men,"Under 17 Fours *In 2021, U17 Four was special medal in the Youth Fours category",Los Gatos (U17),17:33.190,1053.19,True
2022,men,"Under 17 Fours *In 2021, U17 Four was special medal in the Youth Fours category",Miami Rowing Center,16:47.946,1007.946,True
2023,men,"Under 17 Fours *In 2021, U17 Four was special medal in the Youth Fours category",RowAmerica Rye,18:04.911,1084.911,False
2024,men,"Under 17 Fours *In 2021, U17 Four was special medal in the Youth Fours category",RowAmerica Rye,17:17.863,1037.863,False
2025,men,"Under 17 Fours *In 2021, U17 Four was special medal in the Youth Fours category",Los Gatos,16:42.718,1002.718,True
2014,men,Veteran Doubles Age Average of 60+ (no rower under 30),"T. Van Dusen, D. Ruane",18:53.813,1133.813,True
2015,men,Veteran Doubles Age Average of 60+ (no rower under 30),"G. Rees, I. Luxford",19:48.841,1188.841,False
2016,men,Veteran Doubles Age Average of 60+ (no rower under 30),"G. Walker, A. Baur",20:05.413,1205.413,False
2017,men,Veteran Doubles Age Average of 60+ (no rower under 30),"V. Vinje, P. Monckton",18:33.574,1113.574,True
2018,men,Veteran Doubles Age Average of 60+ (no rower under 30),"V. Vinje, P. Monckton",19:15.341,1155.341,False
2019,men,Veteran Doubles Age Average of 60+ (no rower under 30),"V. Vinje, P. Monckton",19:29.436,1169.436,False
2021,men,Veteran Doubles Age Average of 60+ (no rower under 30),"R. Murphy, D. Chernoff",18:53.189,1133.189,False
2022,men,Veteran Doubles Age Average of 60+ (no rower under 30),"R. Coven, M. Biery",18:18.526,1098.526,True
2023,men,Veteran Doubles Age Average of 60+ (no rower under 30),"R. Coven, M. Biery",18:12.378,1092.378,True
2024,men,Veteran Doubles Age Average of 60+ (no rower under 30),"J. Tunicliffe, M. Totta",18:35.046,1115.046,False
2025,men,Veteran Doubles Age Average of 60+ (no rower under 30),"M. Smith, D. Gorriaran",18:54.451,1134.451,False
2014,men,Veteran Eights Age Average of 60+ (no rower under 30),Team Attager,16:30.065,990.065,True
2015,men,Veteran Eights Age Average of 60+ (no rower under 30),1980,17:20.954,1040.954,False
2016,men,Veteran Eights Age Average of 60+ (no rower under 30),Team Attager,16:42.880,1002.88,False
2017,men,Veteran Eights Age Average of 60+ (no rower under 30),Melbourne Uni,16:22.875,982.875,True
2018,men,Veteran Eights Age Average of 60+ (no rower under 30),Melbourne Uni,16:39.193,999.193,False
2019,men,Veteran Eights Age Average of 60+ (no rower under 30),Melbourne Uni,17:00.076,1020.076,False
2021,men,Veteran Eights Age Average of 60+ (no rower under 30),Marin,16:30.751,990.751,False
2022,men,Veteran Eights Age Average of 60+ (no rower under 30),Upper Yarra,15:55.952,955.952,True
2023,men,Veteran Eights Age Average of 60+ (no rower under 30),Marin,16:06.405,966.405,False
2024,men,Veteran Eights Age Average of 60+ (no rower under 30),Upper Yarra,15:56.585,956.585,False
2025,men,Veteran Eights Age Average of 60+ (no rower under 30),Upper Yarra,15:49.338,949.338,True
2014,men,Veteran Fours Age Average of 60+ (no rower under 30),Riverside,18:14.405,1094.405,True
2015,men,Veteran Fours Age Average of 60+ (no rower under 30),Riverside,19:30.549,1170.549,False
2016,men,Veteran Fours Age Average of 60+ (no rower under 30),Riverside,18:25.150,1105.15,False
2017,men,Veteran Fours Age Average of 60+ (no rower under 30),Sammamish,18:04.515,1084.515,True
2018,men,Veteran Fours Age Average of 60+ (no rower under 30),Leander,18:30.723,1110.723,False
2019,men,Veteran Fours Age Average of 60+ (no rower under 30),Cambridge,19:07.918,1147.918,False
2021,men,Veteran Fours Age Average of 60+ (no rower under 30),Cambridge,18:08.033,1088.033,False
2022,men,Veteran Fours Age Average of 60+ (no rower under 30),Cambridge Boat Club,18:06.347,1086.347,False
2023,men,Veteran Fours Age Average of 60+ (no rower under 30),Molesey,17:30.349,1050.349,True
2024,men,Veteran Fours Age Average of 60+ (no rower under 30),Molesey,17:46.594,1066.594,False
2025,men,Veteran Fours Age Average of 60+ (no rower under 30),Monmouth,18:14.455,1094.455,False
1965,men,Veteran Singles 60+ years old,L. Wade (61),24:27.0,1467.0,True
1966,men,Veteran Singles 60+ years old,L. Wade (62),24:55.4,1495.4,False
1967,men,Veteran Singles 60+ years old,L. Wade (63),24:21.9,1461.9,True
1968,men,Veteran Singles 60+ years old,L. Wade (64),28:32.8,1712.8,False
1970,men,Veteran Singles 60+ years old,L. Wade (66),21:56.9,1316.9,True
1971,men,Veteran Singles 60+ years old,L. Wade (67),22:35.8,1355.8,False
1972,men,Veteran Singles 60+ years old,J. Olrich (60),21:06.1,1266.1,True
1973,men,Veteran Singles 60+ years old,J. Olrich (61),22:24.3,1344.3,False
1974,men,Veteran Singles 60+ years old,J. Olrich (62),23:33.1,1413.1,False
1975,men,Veteran Singles 60+ years old,R. Cutler (62),23:52.8,1432.8,False
1976,men,Veteran Singles 60+ years old,J. Olrich (64),22:12.3,1332.3,False
1977,men,Veteran Singles 60+ years old,R. Cutler (64),23:47.3,1427.3,False
1978,men,Veteran Singles 60+ years old,J. Olrich (66),22:11.0,1331.0,False
1979,men,Veteran Singles 60+ years old,J. Olrich (67),22:12.6,1332.6,False
1980,men,Veteran Singles 60+ years old,D. Challinor (60),22:08.6,1328.6,False
1981,men,Veteran Singles 60+ years old,D. Challinor (61),20:45.1,1245.1,True
1982,men,Veteran Singles 60+ years old,D. Challinor (62),21:25.3,1285.3,False
1983,men,Veteran Singles 60+ years old,D. Challinor (63),21:09.3,1269.3,False
1984,men,Veteran Singles 60+ years old,D. Challinor (64),20:51.5,1251.5,False
1985,men,Veteran Singles 60+ years old,D. Challinor (65),23:11.7,1391.7,False
1986,men,Veteran Singles 60+ years old,D. Challinor (66),21:16.9,1276.9,False
1987,men,Veteran Singles 60+ years old,H. Rogers (61),21:13.0,1273.0,False
1988,men,Veteran Singles 60+ years old,D. Challinor (68),22:37.4,1357.4,False
1989,men,Veteran Singles 60+ years old,D. Challinor (69),23:19.0,1399.0,False
1990,men,Veteran Singles 60+ years old,H. Rogers (64),21:39.7,1299.7,False
1991,men,Veteran Singles 60+ years old,S. Pell (60),22:00.5,1320.5,False
1992,men,Veteran Singles 60+ years old,S. Pell (61),20:20.9,1220.9,True
1993,men,Veteran Singles 60+ years old,S. Pell (62),20:32.8,1232.8,False
1994,men,Veteran Singles 60+ years old,S. Pell (63),20:37.3,1237.3,False
1995,men,Veteran Singles 60+ years old,S. Pell (64),20:12.8,1212.8,True
1997,men,Veteran Singles 60+ years old,T. Swayze (60),20:34.1,1234.1,False
1998,men,Veteran Singles 60+ years old,C. Collins (65),20:17.23,1217.23,False
1999,men,Veteran Singles 60+ years old,R. Kendall (69),20:35.17,1235.17,False
2001,men,Veteran Singles 60+ years old,C. Collins (68),19:24.329,1164.329,True
2002,men,Veteran Singles 60+ years old,C. Collins (69),19:57.024,1197.024,False
2003,men,Veteran Singles 60+ years old,Carlo Zezza (67),20:30.350,1230.35,False
2005,men,Veteran Singles 60+ years old,Carlo Zezza (69),20:53.900,1253.9,False
2006,men,Veteran Singles 60+ years old,Duncan Howat (62),20:02.855,1202.855,False
2007,men,Veteran Singles 60+ years old,Duncan Howat (63),19:53.291,1193.291,False
2008,men,Veteran Singles 60+ years old,Bennet Jones (69),20:07.800,1207.8,False
2009,men,Veteran Singles 60+ years old,James Dietz (60),20:17.311,1217.311,False
2010,men,Veteran Singles 60+ years old,Richard Anderson (60),19:26.339,1166.339,False
2011,men,Veteran Singles 60+ years old,Richard Anderson (61),20:07.112,1207.112,False
2012,men,Veteran Singles 60+ years old,Al Flanders (V I),20:02.97,1202.97,False
2013,men,Veteran Singles 60+ years old,Gregg Stone (V I),19:35.52,1175.52,False
2014,men,Veteran Singles 60+ years old,Gregg Stone (V I),19:34.910,1174.91,False
2015,men,Veteran Singles 60+ years old,Tim Willsallen (V 1),21:26.314,1286.314,False
2016,men,Veteran Singles 60+ years old,Tim Willsallen (V I),20:06.462,1206.462,False
2017,men,Veteran Singles 60+ years old,John Randle (VI),19:33.549,1173.549,False
2018,men,Veteran Singles 60+ years old,Thomas Darling (VI),20:27.583,1227.583,False
2019,men,Veteran Singles 60+ years old,Franciscus Van Der Steen (VI),19:47.565,1187.565,False
2021,men,Veteran Singles 60+ years old,John Tunnicliffe,19:15.645,1155.645,False
2022,men,Veteran Singles 60+ years old,Greg Benning (VI),18:57.523,1137.523,True
2023,men,Veteran Singles 60+ years old,Greg Benning (VI),18:46.718,1126.718,True
2024,men,Veteran Singles 60+ years old,Greg Benning (VI),19:15.414,1155.414,False
2025,men,Veteran Singles 60+ years old,Greg Benning (VI),19:06.689,1146.689,False
2016,men,Youth Coxed Quads,Marlow,17:35.515,1055.515,False
2017,men,Youth Coxed Quads,New Canaan Crew,15:21.350,921.35,True
2018,men,Youth Coxed Quads,New Canaan Crew,17:56.946,1076.946,False
2019,men,Youth Coxed Quads,Henley RC,15:53.792,953.792,False
2021,men,Youth Coxed Quads,Maritime RC,16:27.209,987.209,False
2022,men,Youth Coxed Quads,Los Gatos,16:06.524,966.524,False
2023,men,Youth Coxed Quads,Windsor Boys,16:27.218,987.218,False
2024,men,Youth Coxed Quads,Windsor Boys,16:10.799,970.799,False
2025,men,Youth Coxed Quads,Windsor Boys,15:33.578,933.578,False
2005,men,"Youth Doubles † – In 2005, the Youth Doubles event raced in separate classes for college and high school rowers.",St. Catharine’s RC Youth,19:09.918,1149.918,True
2006,men,"Youth Doubles † – In 2005, the Youth Doubles event raced in separate classes for college and high school rowers.","B. McEwan, N. Kelly",17:46.309,1066.309,True
2007,men,"Youth Doubles † – In 2005, the Youth Doubles event raced in separate classes for college and high school rowers.","M. Benedetto, M. Bohs",18:07.445,1087.445,False
2008,men,"Youth Doubles † – In 2005, the Youth Doubles event raced in separate classes for college and high school rowers.","T. Cameron, P. Waites",18:03.400,1083.4,False
2009,men,"Youth Doubles † – In 2005, the Youth Doubles event raced in separate classes for college and high school rowers.","M. Wales, A. O’Sullivan",17:46.574,1066.574,False
2010,men,"Youth Doubles † – In 2005, the Youth Doubles event raced in separate classes for college and high school rowers.","R. Steinhardt, M. Barakso",16:58.864,1018.864,True
2011,men,"Youth Doubles † – In 2005, the Youth Doubles event raced in separate classes for college and high school rowers.","C. Buchholz, R. Wagner",17:17.645,1037.645,False
2012,men,"Youth Doubles † – In 2005, the Youth Doubles event raced in separate classes for college and high school rowers.","C. Buchholz, I. Mocarski",17:59.72,1079.72,False
2013,men,"Youth Doubles † – In 2005, the Youth Doubles event raced in separate classes for college and high school rowers.","I. Mocarski, J. Dow",18:15.769,1095.769,False
2014,men,"Youth Doubles † – In 2005, the Youth Doubles event raced in separate classes for college and high school rowers.","J. Cabanas, A. Preminger",18:09.661,1089.661,False
2015,men,"Youth Doubles † – In 2005, the Youth Doubles event raced in separate classes for college and high school rowers.","J. Plaut, N. Plaut",17:49.440,1069.44,False
2016,men,"Youth Doubles † – In 2005, the Youth Doubles event raced in separate classes for college and high school rowers.","H. Snow, T. Satterthwaite",18:24.725,1104.725,False
2017,men,"Youth Doubles † – In 2005, the Youth Doubles event raced in separate classes for college and high school rowers.",N. Salazar/ J. Schlyer,16:52.471,1012.471,True
2018,men,"Youth Doubles † – In 2005, the Youth Doubles event raced in separate classes for college and high school rowers.","P. Fancher, L. Jenkins",19:25.934,1165.934,False
2019,men,"Youth Doubles † – In 2005, the Youth Doubles event raced in separate classes for college and high school rowers.",Long Lake Rowing Crew,17:26.233,1046.233,False
2021,men,"Youth Doubles † – In 2005, the Youth Doubles event raced in separate classes for college and high school rowers.","N. Ramaraju, T. Wakefield",17:34.266,1054.266,False
2022,men,"Youth Doubles † – In 2005, the Youth Doubles event raced in separate classes for college and high school rowers.","N. Ramaraju, C. Boldt",16:40.350,1000.35,True
2023,men,"Youth Doubles † – In 2005, the Youth Doubles event raced in separate classes for college and high school rowers.","M. Ruschmann, R. McLaughlin",18:16.334,1096.334,False
2024,men,"Youth Doubles † – In 2005, the Youth Doubles event raced in separate classes for college and high school rowers.","A. Vizecky, N. Holst",17:11.441,1031.441,False
2025,men,"Youth Doubles † – In 2005, the Youth Doubles event raced in separate classes for college and high school rowers.","G. Matlock, K. Coddens",16:36.264,996.264,True
1965,men,Youth Eights,Phillips Acad.,16:33.0,993.0,True
1966,men,Youth Eights,Phillips Acad.,18:27.5,1107.5,False
1967,men,Youth Eights,Phillips Exeter,17:32.0,1052.0,False
1968,men,Youth Eights,St. John’s HS,18:35.1,1115.1,False
1970,men,Youth Eights,Mt. Hermon Sch.,16:11.3,971.3,True
1971,men,Youth Eights,Father Judge HS,15:29.6,929.6,True
1972,men,Youth Eights,Father Judge HS,16:03.8,963.8,False
1973,men,Youth Eights,Nthfld-Mt. Hermon,16:54.1,1014.1,False
1974,men,Youth Eights,Father Judge HS,17:02.5,1022.5,False
1975,men,Youth Eights,Father Judge HS,16:39.8,999.8,False
1976,men,Youth Eights,West Park Ss,16:34.0,994.0,False
1977,men,Youth Eights,Upper Canada Coll.,17:14.8,1034.8,False
1978,men,Youth Eights,Yale Univ.,16:02.1,962.1,False
1979,men,Youth Eights,Cornell Univ.,15:53.6,953.6,False
1980,men,Youth Eights,Yale Univ.,16:19.1,979.1,False
1981,men,Youth Eights,Cornell Univ.,15:44.8,944.8,False
1982,men,Youth Eights,Coll. BC Of Penn,15:49.0,949.0,False
1983,men,Youth Eights,Tabor Acad.,15:44.8,944.8,False
1984,men,Youth Eights,Father Judge HS,15:39.4,939.4,False
1985,men,Youth Eights,Holy Spirit HS,16:04.6,964.6,False
1986,men,Youth Eights,Coll. BC Of Penn,15:35.2,935.2,False
1987,men,Youth Eights,Harvard Univ.,15:31.6,931.6,False
1988,men,Youth Eights,Brown Univ.,15:50.8,950.8,False
1989,men,Youth Eights,Charles River Ra,16:42.5,1002.5,False
1990,men,Youth Eights,Harvard Univ.,15:17.8,917.8,True
1991,men,Youth Eights,Harvard Univ.,15:18.8,918.8,False
1992,men,Youth Eights,Harvard Univ.,14:58.6,898.6,True
1993,men,Youth Eights,N.U.R.A.,15:26.8,926.8,False
1994,men,Youth Eights,N.U.R.A.,15:26.3,926.3,False
1995,men,Youth Eights,Charles River Ra,15:30.9,930.9,False
1997,men,Youth Eights,College BC,15:22.4,922.4,False
1998,men,Youth Eights,Charles River Ra,15:14.73,914.73,False
1999,men,Youth Eights,Charles River Ra,15:45.49,945.49,False
2000,men,Youth Eights,Charles River Ra,15:22.88,922.88,False
2001,men,Youth Eights,Charles River Ra,14:58.700,898.7,False
2002,men,Youth Eights,Homberger RK,15:09.138,909.138,False
2003,men,Youth Eights,Charles River RA,15:14.254,914.254,False
2005,men,Youth Eights,Homberger RK,16:21.771,981.771,False
2006,men,Youth Eights,Univ. of Calif-Berkeley,15:01.523,901.523,False
2007,men,Youth Eights,St. Joseph’s Prep,15:17.592,917.592,False
2008,men,Youth Eights,Eton College,15:12.900,912.9,False
2009,men,Youth Eights,Eton College,15:09.318,909.318,False
2010,men,Youth Eights,Marin Rowing Association,14:50.246,890.246,True
2011,men,Youth Eights,Marin Rowing Association,15:06.979,906.979,False
2012,men,Youth Eights,Marin Rowing Association,15:21.33,921.33,False
2013,men,Youth Eights,Marin Rowing Association,15:23.532,923.532,False
2014,men,Youth Eights,Oakland Strokes,15:38.659,938.659,False
2015,men,Youth Eights,Marin Rowing Association,15:00.001,900.001,False
2016,men,Youth Eights,Oakland Strokes,16:11.183,971.183,False
2017,men,Youth Eights,St. Paul’s School,14:12.127,852.127,True
2018,men,Youth Eights,Row America Rye,16:00.118,960.118,False
2019,men,Youth Eights,Row America Rye,14:20.790,860.79,False
2021,men,Youth Eights,Greenwich Crew,14:59.530,899.53,False
2022,men,Youth Eights,Greenwich Crew,14:23.241,863.241,False
2023,men,Youth Eights,St Paul's,15:13.408,913.408,False
2024,men,Youth Eights,St Paul’s,14:31.921,871.921,False
2025,men,Youth Eights,St Paul's,14:26.443,866.443,False
1965,men,Youth Fours,Phillips Exeter,18:57.0,1137.0,True
1966,men,Youth Fours,Choate School,20:35.3,1235.3,False
1967,men,Youth Fours,Worcester Acad.,24:34.7,1474.7,False
1968,men,Youth Fours,St. John’s HS,23:24.5,1404.5,False
1970,men,Youth Fours,Father Judge HS,18:11.1,1091.1,True
1971,men,Youth Fours,Moses Brown Sch.,18:20.8,1100.8,False
1972,men,Youth Fours,Browne & Nichols,18:43.3,1123.3,False
1973,men,Youth Fours,Browne & Nichols,19:33.7,1173.7,False
1974,men,Youth Fours,Browne & Nichols,19:27.7,1167.7,False
1975,men,Youth Fours,Niagara Dist Ss,18:43.6,1123.6,False
1976,men,Youth Fours,Noble & Greenough,18:57.6,1137.6,False
1977,men,Youth Fours,Moses Brown Sch.,20:43.8,1243.8,False
1978,men,Youth Fours,Simsbury HS,18:31.4,1111.4,False
1979,men,Youth Fours,Belmont Hill Sch.,19:18.8,1158.8,False
1980,men,Youth Fours,Univ. Of Penn,18:27.4,1107.4,False
1981,men,Youth Fours,U.S. Naval Acad.,17:16.5,1036.5,True
1982,men,Youth Fours,U.S. Naval Acad.,17:23.5,1043.5,False
1983,men,Youth Fours,Hanlan BC,17:21.5,1041.5,False
1984,men,Youth Fours,Hanlan BC,16:26.6,986.6,True
1985,men,Youth Fours,Durham BC,18:12.3,1092.3,False
1986,men,Youth Fours,Hanlan BC,17:18.0,1038.0,False
1987,men,Youth Fours,U.S. Naval Acad.,17:22.8,1042.8,False
1988,men,Youth Fours,U.S. Naval Acad.,18:03.1,1083.1,False
1989,men,Youth Fours,U.S. Naval Acad.,18:10.2,1090.2,False
1990,men,Youth Fours,U.S. Naval Acad.,17:11.0,1031.0,False
1991,men,Youth Fours,Temple Univ.,17:34.0,1054.0,False
1992,men,Youth Fours,U.S. Naval Acad.,16:50.7,1010.7,False
1993,men,Youth Fours,U.S. Naval Acad.,16:48.3,1008.3,False
1994,men,Youth Fours,U.S. Naval Acad.,16:23.9,983.9,True
1995,men,Youth Fours,Sarasota Scullers,17:06.0,1026.0,False
1997,men,Youth Fours,Princeton Univ.,16:56.5,1016.5,False
1998,men,Youth Fours,Princeton Univ.,17:16.28,1036.28,False
1999,men,Youth Fours,Northeastern Univ.,17:45.22,1065.22,False
2000,men,Youth Fours,Princeton Univ.,17:08.06,1028.06,False
2001,men,Youth Fours,Princeton Univ.,16:33.279,993.279,False
2002,men,Youth Fours,Princeton Univ.,16:32.416,992.416,False
2003,men,Youth Fours,Bayer Leverkusen,17:33.063,1053.063,False
2005,men,Youth Fours,Boston Univ.,18:43.473,1123.473,False
2006,men,Youth Fours,St. Catherines RC,17:23.863,1043.863,False
2007,men,Youth Fours,St. Catharines RC,17:18.331,1038.331,False
2008,men,Youth Fours,St. Catharines RC,17:16.200,1036.2,False
2009,men,Youth Fours,St. Catharines RC,17:19.500,1039.5,False
2010,men,Youth Fours,South Niagara RC,16:34.871,994.871,False
2011,men,Youth Fours,Sarasota Crew,16:45.060,1005.06,False
2012,men,Youth Fours,Sarasota Crew,16:40.15,1000.15,False
2013,men,Youth Fours,Long Beach Junior Crew,17:10.976,1030.976,False
2014,men,Youth Fours,Sarasota Crew,17:26.253,1046.253,False
2015,men,Youth Fours,RV Kreuzgasse,17:13.231,1033.231,False
2016,men,Youth Fours,Radley College Boat Club,18:04.612,1084.612,False
2017,men,Youth Fours,South Niagara,16:12.898,972.898,False
2018,men,Youth Fours,St. Catharines,17:33.536,1053.536,False
2019,men,Youth Fours,Sacramento State Aquatic Center,16:07.357,967.357,True
2021,men,Youth Fours,RowAmerica Rye,17:08.799,1028.799,False
2022,men,Youth Fours,Newport,16:05.307,965.307,True
2023,men,Youth Fours,Oakland Strokes,16:50.385,1010.385,False
2024,men,Youth Fours,Brunswick School,16:43.779,1003.779,False
2025,men,Youth Fours,Kent School,15:58.500,958.5,True
2013,men,"Youth Singles *prior to 2013, the Youth Single was a special medal in the Club 1x event",Daniell De Groot,18:54.093,1134.093,True
2014,men,"Youth Singles *prior to 2013, the Youth Single was a special medal in the Club 1x event",Sam Meiger,19:11.282,1151.282,False
2015,men,"Youth Singles *prior to 2013, the Youth Single was a special medal in the Club 1x event",Josh Armstrong,18:51.734,1131.734,True
2016,men,"Youth Singles *prior to 2013, the Youth Single was a special medal in the Club 1x event",Nicholas Everett,19:51.798,1191.798,False
2017,men,"Youth Singles *prior to 2013, the Youth Single was a special medal in the Club 1x event",Rhett Burns,18:42.913,1122.913,True
2018,men,"Youth Singles *prior to 2013, the Youth Single was a special medal in the Club 1x event",Jack Dorney,18:50.316,1130.316,False
2019,men,"Youth Singles *prior to 2013, the Youth Single was a special medal in the Club 1x event",Nicholas Aronow,18:37.503,1117.503,True
2021,men,"Youth Singles *prior to 2013, the Youth Single was a special medal in the Club 1x event",Isaiah Harrison,18:13.853,1093.853,True
2022,men,"Youth Singles *prior to 2013, the Youth Single was a special medal in the Club 1x event",Henry Davison,18:52.273,1132.273,False
2023,men,"Youth Singles *prior to 2013, the Youth Single was a special medal in the Club 1x event",Devan Godfrey,18:36.072,1116.072,False
2024,men,"Youth Singles *prior to 2013, the Youth Single was a special medal in the Club 1x event",Simeon John,18:06.274,1086.274,True
2025,men,"Youth Singles *prior to 2013, the Youth Single was a special medal in the Club 1x event",Simeon John,17:41.305,1061.305,True
2008,mixed,Directors' Challenge Mixed Double,"G. DeAngelis, K. Collins",17:10.20,1030.2,True
2009,mixed,Directors' Challenge Mixed Double,"G. DeAngelis, K. Collins",18:09.492,1089.492,False
2010,mixed,Directors' Challenge Mixed Double,"H. Palmer, L. Palmer",19:42.985,1182.985,False
2011,mixed,Directors' Challenge Mixed Double,"G. DeAngelis, K. Collins",18:32.159,1112.159,False
2012,mixed,Directors' Challenge Mixed Double,"G. DeAngelis, K. Collins",18:10.64,1090.64,False
2013,mixed,Directors' Challenge Mixed Double,"E. Travis, H. Bond",17:05.572,1025.572,True
2014,mixed,Directors' Challenge Mixed Double,"C. Suzzarini, D. DeWinter",18:44.043,1124.043,False
2015,mixed,Directors' Challenge Mixed Double,"M. Zezza, C. Zezza",18:30.553,1110.553,False
2016,mixed,Directors' Challenge Mixed Double,"L. Schmetterling, S. Wolf",19:19.299,1159.299,False
2017,mixed,Directors' Challenge Mixed Double,"L. Pierce, J. Randle",17:14.326,1034.326,False
2018,mixed,Directors' Challenge Mixed Double,"H. Bornschein, S. Tieben",19:30.904,1170.904,False
2019,mixed,Directors' Challenge Mixed Double,"S. Nielsen, J. Rasmussen",17:02.517,1022.517,True
2021,mixed,Directors' Challenge Mixed Double,"E. Runde, E. Jacobs",19:47.109,1187.109,False
2022,mixed,Directors' Challenge Mixed Double,"S. Nielsen, M. Morch",17:08.205,1028.205,False
2023,mixed,Directors' Challenge Mixed Double,"R. Colven, M. Pearlstein",19:04.222,1144.222,False
2024,mixed,Directors' Challenge Mixed Double,"O. Zeidler, S. Meakin",17:00.077,1020.077,True
2025,mixed,Directors' Challenge Mixed Double,"A. Hedge, M. Mazzio-Manson",17:08.408,1028.408,False
2016,mixed,Directors' Challenge Mixed Eight,US Para National Team,17:32.218,1052.218,False
2017,mixed,Directors' Challenge Mixed Eight,Cambridge,15:13.787,913.787,True
2018,mixed,Directors' Challenge Mixed Eight,Club Nautico De San Juan,17:44.670,1064.67,False
2019,mixed,Directors' Challenge Mixed Eight,Cambridge,15:26.550,926.55,False
2021,mixed,Directors' Challenge Mixed Eight,Club Nautico De San Juan,16:12.063,972.063,False
2022,mixed,Directors' Challenge Mixed Eight,ARGN/LBRA/LWRC/MRC/TSC/W,17:06.349,1026.349,False
2023,mixed,Directors' Challenge Mixed Eight,LBRA/WIM,16:16.864,976.864,False
2024,mixed,Directors' Challenge Mixed Eight,Wimbleball,15:43.322,943.322,False
2024,mixed,Directors' Challenge Mixed Eight,Team Susan,15:23.639,923.639,False
2005,mixed,Directors' Challenge Mixed Quad This event was replaced in 2016 by the Mixed Eight and added back in 2023,Craig Leeds,17:36.508,1056.508,True
2006,mixed,Directors' Challenge Mixed Quad This event was replaced in 2016 by the Mixed Eight and added back in 2023,Kinne/Rutherford/O’Brien/Linse,16:38.391,998.391,True
2007,mixed,Directors' Challenge Mixed Quad This event was replaced in 2016 by the Mixed Eight and added back in 2023,John Christiansen,16:53.171,1013.171,False
2008,mixed,Directors' Challenge Mixed Quad This event was replaced in 2016 by the Mixed Eight and added back in 2023,Quadrophenia,17:05.800,1025.8,False
2009,mixed,Directors' Challenge Mixed Quad This event was replaced in 2016 by the Mixed Eight and added back in 2023,Objects in Mirror,17:06.026,1026.026,False
2010,mixed,Directors' Challenge Mixed Quad This event was replaced in 2016 by the Mixed Eight and added back in 2023,Next Year,15:40.16,940.16,True
2011,mixed,Directors' Challenge Mixed Quad This event was replaced in 2016 by the Mixed Eight and added back in 2023,Union Boat Club Open Water Specialists,17:08.618,1028.618,False
2012,mixed,Directors' Challenge Mixed Quad This event was replaced in 2016 by the Mixed Eight and added back in 2023,Union Boat Club,17:51.29,1071.29,False
2013,mixed,Directors' Challenge Mixed Quad This event was replaced in 2016 by the Mixed Eight and added back in 2023,Lost Gatos,17:35.943,1055.943,False
2014,mixed,Directors' Challenge Mixed Quad This event was replaced in 2016 by the Mixed Eight and added back in 2023,Seattle Rowing Center,17:02.725,1022.725,False
2015,mixed,Directors' Challenge Mixed Quad This event was replaced in 2016 by the Mixed Eight and added back in 2023,New York Athletic Club,17:08.885,1028.885,False
2023,mixed,Directors' Challenge Mixed Quad This event was replaced in 2016 by the Mixed Eight and added back in 2023,Maine Coast Rowing,16:43.970,1003.97,False
2024,mixed,Directors' Challenge Mixed Quad This event was replaced in 2016 by the Mixed Eight and added back in 2023,CBC/MCRA/NHRC Composite,15:47.472,947.472,False
2025,mixed,Directors' Challenge Mixed Quad This event was replaced in 2016 by the Mixed Eight and added back in 2023,CBC/MCRA Composite,16:06.129,966.129,False
2008,mixed,Directors' Challenge Parent Child Double Parent/Child Doubles may be same or mixed gender,"C.Hamlin, A.Hamlin",17:51.10,1071.1,True
2009,mixed,Directors' Challenge Parent Child Double Parent/Child Doubles may be same or mixed gender,"M. Cataldo, M. Cataldo",18:05.999,1085.999,False
2010,mixed,Directors' Challenge Parent Child Double Parent/Child Doubles may be same or mixed gender,"M. Cataldo, M. Cataldo",18:59.412,1139.412,False
2011,mixed,Directors' Challenge Parent Child Double Parent/Child Doubles may be same or mixed gender,"M. Cataldo, M. Cataldo",18:33.659,1113.659,False
2012,mixed,Directors' Challenge Parent Child Double Parent/Child Doubles may be same or mixed gender,"M. Cataldo, M. Cataldo Jr.",17:49.29,1069.29,True
2013,mixed,Directors' Challenge Parent Child Double Parent/Child Doubles may be same or mixed gender,"A. Holmes, M. Holmes",17:12.420,1032.42,True
2014,mixed,Directors' Challenge Parent Child Double Parent/Child Doubles may be same or mixed gender,"A. Holmes, M. Holmes",17:24.436,1044.436,False
2015,mixed,Directors' Challenge Parent Child Double Parent/Child Doubles may be same or mixed gender,"A. Holmes, M. Holmes",18:10.316,1090.316,False
2016,mixed,Directors' Challenge Parent Child Double Parent/Child Doubles may be same or mixed gender,"H. Tieben, S. Tieben",18:51.732,1131.732,False
2017,mixed,Directors' Challenge Parent Child Double Parent/Child Doubles may be same or mixed gender,"A. Holmes, M. Holmes",16:55.065,1015.065,True
2018,mixed,Directors' Challenge Parent Child Double Parent/Child Doubles may be same or mixed gender,"A. Holmes, M. Holmes",19:40.952,1180.952,False
2019,mixed,Directors' Challenge Parent Child Double Parent/Child Doubles may be same or mixed gender,"A. Holmes, M. Holmes",16:54.687,1014.687,True
2021,mixed,Directors' Challenge Parent Child Double Parent/Child Doubles may be same or mixed gender,"L. Koven, J. Koven",18:09.692,1089.692,False
2022,mixed,Directors' Challenge Parent Child Double Parent/Child Doubles may be same or mixed gender,"N. Laurberg, B. Laurberg",18:13.862,1093.862,False
2023,mixed,Directors' Challenge Parent Child Double Parent/Child Doubles may be same or mixed gender,"O. Parish, M. Parish",18:04.603,1084.603,False
2024,mixed,Directors' Challenge Parent Child Double Parent/Child Doubles may be same or mixed gender,"A. Holmes, M. Holmes",18:01.041,1081.041,False
2025,mixed,Directors' Challenge Parent Child Double Parent/Child Doubles may be same or mixed gender,"J. Middleton, T. Middleton",17:25.362,1045.362,False
2019,mixed,Inclusion Doubles,"J. Beyer, A. Dillon",19:10.426,1150.426,False
2021,mixed,Inclusion Doubles,"M. Houser, M. Scott",19:11.999,1151.999,False
2022,mixed,Inclusion Doubles,"M. Houser, M. Scott",19:08.019,1148.019,False
2023,mixed,Inclusion Doubles,"A. Wigren, B. Wolford",21:07.673,1267.673,False
2016,mixed,Mixed Inclusion Fours,CRI,19:37.897,1177.897,True
2017,mixed,Mixed Inclusion Fours,CRI,19:56.439,1196.439,False
2018,mixed,Mixed Inclusion Fours,CRI,19:49.225,1189.225,False
2019,mixed,Mixed Inclusion Fours,CRI,20:10.831,1210.831,False
2021,mixed,Mixed Inclusion Fours,Athletes Without Limits,21:22.371,1282.371,False
2022,mixed,Mixed Inclusion Fours,Athletes Without Limits,22:32.553,1352.553,False
2023,mixed,Mixed Inclusion Fours,Norcal,21:04.357,1264.357,False
2024,mixed,Mixed Inclusion Fours,CRI,21:48.996,1308.996,False
2025,mixed,Mixed Inclusion Fours,Unity Boat Club,21:13.050,1273.05,False
2022,mixed,PR1 Mixed Inclusion Double,"M. Mangen, A. Mangen",24:03.936,1443.936,False
2023,mixed,PR1 Mixed Inclusion Double,"A. Mangen, P. Mangen",24:26.698,1466.698,False
2011,mixed,PR2 Mixed Doubles,"A. Davis, J. Kapinowski",24:32.533,1472.533,True
2012,mixed,PR2 Mixed Doubles,Louisville RC/Greater Louisville,24:38.15,1478.15,False
2013,mixed,PR2 Mixed Doubles,Sarasota County Rowing Club,27:32.685,1652.685,False
2014,mixed,PR2 Mixed Doubles,Sarasota County Rowing Club,27:35.496,1655.496,False
2015,mixed,PR2 Mixed Doubles,Sarasota County Rowing Club,25:06.002,1506.002,False
2016,mixed,PR2 Mixed Doubles,Miami Beach Rowing Club,26:43.962,1603.962,False
2017,mixed,PR2 Mixed Doubles,"R. Putz, J. Beyer",20:21.838,1221.838,True
2019,mixed,PR2 Mixed Doubles,"I. French, M. Eberhard",23:30.100,1410.1,False
2022,mixed,PR2 Mixed Doubles,"N. Blohm, B. Baker Pohlig",24:23.813,1463.813,False
2023,mixed,PR2 Mixed Doubles,"K. Ross, C. de Koning",22:29.911,1349.911,False
2022,mixed,PR3 Mixed Doubles,"A. Todd, J. Beyer",19:06.884,1146.884,False
2023,mixed,PR3 Mixed Doubles,"T. Vogt, C. Connell",19:38.039,1178.039,False
2010,mixed,PR3 Mixed-Gender Fours,Capital Rowing Club,21:44.431,1304.431,True
2011,mixed,PR3 Mixed-Gender Fours,Capital Rowing Club,22:09.906,1329.906,False
2012,mixed,PR3 Mixed-Gender Fours,USRowing,20:24.90,1224.9,True
2013,mixed,PR3 Mixed-Gender Fours,Balmain Rowing Club,20:39.561,1239.561,False
2014,mixed,PR3 Mixed-Gender Fours,"Community Rowing, Inc.",21:28.236,1288.236,False
2015,mixed,PR3 Mixed-Gender Fours,US Para National Team,18:22.189,1102.189,True
2016,mixed,PR3 Mixed-Gender Fours,US Para National Team,18:10.142,1090.142,True
2017,mixed,PR3 Mixed-Gender Fours,"Community Rowing, Inc.",18:34.145,1114.145,False
2018,mixed,PR3 Mixed-Gender Fours,US Para National Team,19:15.251,1155.251,False
2021,mixed,PR3 Mixed-Gender Fours,CRI,19:49.315,1189.315,False
2022,mixed,PR3 Mixed-Gender Fours,USRowing,19:35.502,1175.502,False
2023,mixed,PR3 Mixed-Gender Fours,USRowing,17:33.931,1053.931,True
2024,mixed,PR3 Mixed-Gender Fours,US ParaRowing,17:14.192,1034.192,True
2024,mixed,PR3 Mixed-Gender Fours,US Training Center - Boston,17:58.809,1078.809,False
2009,women,Alumni Eights,University of Virginia Alumni,17:18.152,1038.152,False
2010,women,Alumni Eights,University of Virginia Alumni,17:36.375,1056.375,False
2011,women,Alumni Eights,Friends of Brown Women’s Crew,17:15.006,1035.006,False
2012,women,Alumni Eights,University of Michigan Alumni,16:24.13,984.13,True
2013,women,Alumni Eights,University of Virginia Alumni,16:15.484,975.484,True
2014,women,Alumni Eights,University Of Michigan Alumni,15:56.659,956.659,True
2015,women,Alumni Eights,University Of Michigan Alumni,17:27.307,1047.307,False
2016,women,Alumni Eights,Fat Cat Rowing Club,16:10.798,970.798,False
2017,women,Alumni Eights,Virginia Alumni,15:48.524,948.524,True
2018,women,Alumni Eights,Virginia Alumni,16:29.497,989.497,False
2019,women,Alumni Eights,Boola Boola,16:54.367,1014.367,False
2021,women,Alumni Eights,Fat Cat Rowing Club,16:48.685,1008.685,False
2022,women,Alumni Eights,UW Alum,16:17.672,977.672,False
2023,women,Alumni Eights,UW Alum,15:41.951,941.951,True
2024,women,Alumni Eights,Stanford,16:00.465,960.465,False
2025,women,Alumni Eights,Longhorn Legends,15:47.932,947.932,False
2021,women,Alumni Fours,Brown University Alumni,19:55.687,1195.687,True
2022,women,Alumni Fours,MIT Grad,19:13.968,1153.968,True
2023,women,Alumni Fours,MIT Grad,18:36.671,1116.671,True
2024,women,Alumni Fours,Penn,18:53.288,1133.288,False
2025,women,Alumni Fours,Brown Women,18:25.938,1105.938,True
1980,women,Championship Doubles,Univ. of Penn.,19:19.7,1159.7,True
1981,women,Championship Doubles,Univ. of Penn.,19:05.1,1145.1,True
1982,women,Championship Doubles,Univ. of Penn.,18:49.0,1129.0,True
1983,women,Championship Doubles,Victoria City BC,18:22.3,1102.3,True
1984,women,Championship Doubles,Victoria City BC,18:19.9,1099.9,True
1985,women,Championship Doubles,St. Catherines RC,19:49.5,1189.5,False
1986,women,Championship Doubles,St. Catherines RC,18:31.6,1111.6,False
1987,women,Championship Doubles,St. Catherines RC,18:44.9,1124.9,False
1988,women,Championship Doubles,Vesper BC,18:22.3,1102.3,False
1989,women,Championship Doubles,Vesper BC,21:04.7,1264.7,False
1990,women,Championship Doubles,Vesper BC,19:00.4,1140.4,False
1991,women,Championship Doubles,Leipzig SC,18:51.1,1131.1,False
1992,women,Championship Doubles,Cambridge BC,18:06.0,1086.0,False
1993,women,Championship Doubles,Boston RC,19:00.5,1140.5,False
1994,women,Championship Doubles,Boston RC,17:59.3,1079.3,True
1995,women,Championship Doubles,Dutch Nat’l Team,18:31.0,1111.0,False
1997,women,Championship Doubles,Augusta Training Ctr.,17:59.7,1079.7,False
1998,women,Championship Doubles,Potomac BC,18:23.51,1103.51,False
1999,women,Championship Doubles,ARCO Training Ctr.,19:12.83,1152.83,False
2000,women,Championship Doubles,Riverside BC,19:31.99,1171.99,False
2001,women,Championship Doubles,Georgetown/Brown,18:29.660,1109.66,False
2002,women,Championship Doubles,"K. Salchow, H. Gehmen",19:26.664,1166.664,False
2003,women,Championship Doubles,"A.M.De Zwager, J.Rumball",17:51.468,1071.468,True
2005,women,Championship Doubles,"C. Davies, A.Browning",18:38.346,1118.346,False
2006,women,Championship Doubles,"M. Matia, E. Mygatt",19:37.733,1177.733,False
2007,women,Championship Doubles,"M. Matia, E. Mygatt",18:17.315,1097.315,False
2008,women,Championship Doubles,"J. Haigh, T. Twigg",17:46.00,1066.0,True
2009,women,Championship Doubles,"M. Kalmoe, E. Tomek",18:01.766,1081.766,False
2010,women,Championship Doubles,"J. Reel, M. Walsh",18:57.381,1137.381,False
2011,women,Championship Doubles,"J. Goldsack, J. Daley",18:40.291,1120.291,False
2012,women,Championship Doubles,"K. Stainken, M. Wimberley",18:16.59,1096.59,False
2013,women,Championship Doubles,"M. Lobnig, I. Janssen",18:00.138,1080.138,False
2014,women,Championship Doubles,"E. Hogerwerf, I. Janssen",17:27.510,1047.51,True
2015,women,Championship Doubles,"C. Achterberg, I. Janssen",18:57.933,1137.933,False
2016,women,Championship Doubles,"K. Brennan, E. Twigg",18:08.700,1088.7,False
2017,women,Championship Doubles,M. McAuliffe/L. Keane,18:13.242,1093.242,False
2018,women,Championship Doubles,"M. McAuliffe, L. Keane",18:23.795,1103.795,False
2019,women,Championship Doubles,"E. Sharis, A. Rusher",17:58.190,1078.19,False
2021,women,Championship Doubles,"S. Luwis, C. Stawicki",18:57.794,1137.794,False
2022,women,Championship Doubles,"S. Brija, K. Horvat",17:50.316,1070.316,False
2023,women,Championship Doubles,"S. Luwis, A. Boersen",18:05.471,1085.471,False
2024,women,Championship Doubles,"R. Wilde, M. Hodgkins Byrne",17:40.898,1060.898,False
2025,women,Championship Doubles,"S. Calabrese, S. Busse",18:00.609,1080.609,False
1972,women,Championship Eights,Vesper BC,18:24.1,1104.1,True
1973,women,Championship Eights,Radcliffe Coll.,18:35.6,1115.6,False
1974,women,Championship Eights,Vesper BC,18:24.4,1104.4,False
1975,women,Championship Eights,Vesper BC,17:29.8,1049.8,True
1976,women,Championship Eights,Vesper BC,17:26.5,1046.5,True
1977,women,Championship Eights,Univ. of Wisconsin,18:06.2,1086.2,False
1978,women,Championship Eights,Univ. of Wisconsin,17:47.3,1067.3,False
1979,women,Championship Eights,Univ. of Wisconsin,17:27.0,1047.0,False
1980,women,Championship Eights,St. Catharine’s RC,17:58.3,1078.3,False
1981,women,Championship Eights,Univ. of W. Ontario,16:46.3,1006.3,True
1982,women,Championship Eights,1980 Rowing Club,16:16.1,976.1,True
1983,women,Championship Eights,S. Niagara RC,16:02.9,962.9,True
1984,women,Championship Eights,S. Niagara RC,16:36.0,996.0,False
1985,women,Championship Eights,S. Niagara RC,17:33.6,1053.6,False
1986,women,Championship Eights,Boston RC,16:18.3,978.3,False
1987,women,Championship Eights,Boston RC,16:18.3,978.3,False
1988,women,Championship Eights,Univ. of Wisconsin,17:51.6,1071.6,False
1989,women,Championship Eights,Boston RC,17:22.5,1042.5,False
1990,women,Championship Eights,Boston RC,16:46.8,1006.8,False
1991,women,Championship Eights,Boston RC,16:38.3,998.3,False
1992,women,Championship Eights,Boston RC,16:01.7,961.7,True
1993,women,Championship Eights,Boston RC,16:23.8,983.8,False
1994,women,Championship Eights,Boston RC,16:07.4,967.4,False
1995,women,Championship Eights,Rowing Canada,16:10.3,970.3,False
1997,women,Championship Eights,Rowing Canada,15:44.1,944.1,True
1998,women,Championship Eights,Danish Rowing,15:44.66,944.66,False
1999,women,Championship Eights,Rowing Canada,16:31.41,991.41,False
2000,women,Championship Eights,Princeton Univ.,16:37.52,997.52,False
2001,women,Championship Eights,US Rowing,16:01.690,961.69,False
2002,women,Championship Eights,US Rowing,16:12.902,972.902,False
2003,women,Championship Eights,London Training Center,15:31.082,931.082,False
2005,women,Championship Eights,US Rowing,16:34.633,994.633,False
2006,women,Championship Eights,US Rowing,16:13.109,973.109,False
2007,women,Championship Eights,US Rowing,15:26.572,926.572,True
2008,women,Championship Eights,London Training Center,16:02.500,962.5,False
2009,women,Championship Eights,ASR Nereus,16:08.165,968.165,False
2010,women,Championship Eights,Princeton University,15:48.314,948.314,False
2011,women,Championship Eights,University of Virginia,16:11.519,971.519,False
2012,women,Championship Eights,USRowing,16:13.49,973.49,False
2013,women,Championship Eights,Cambridge Boat Club,15:59.549,959.549,False
2014,women,Championship Eights,Cambridge Boat Club,15:44.799,944.799,False
2015,women,Championship Eights,"University of California, Berkeley",15:58.626,958.626,False
2016,women,Championship Eights,Cambridge Boat Club,16:30.368,990.368,False
2017,women,Championship Eights,Sudbury,14:48.423,888.423,True
2018,women,Championship Eights,USRowing,16:41.776,1001.776,False
2019,women,Championship Eights,USRowing,15:05.842,905.842,False
2021,women,Championship Eights,Stanford University,15:41.368,941.368,False
2022,women,Championship Eights,Leander,15:14.224,914.224,False
2023,women,Championship Eights,USRowing,16:11.313,971.313,False
2024,women,Championship Eights,Leander,15:30.452,930.452,False
2025,women,Championship Eights,US Training Center - Princeton,15:12.906,912.906,False
1974,women,Championship Fours,Radcliffe Coll.,20:34.8,1234.8,True
1975,women,Championship Fours,Yale Univ.,20:36.5,1236.5,False
1976,women,Championship Fours,Radcliffe Coll.,19:49.1,1189.1,True
1977,women,Championship Fours,Lake Washington RC,20:16.3,1216.3,False
1978,women,Championship Fours,Univ. of Penn.,19:53.0,1193.0,False
1979,women,Championship Fours,Lake Washington RC,18:57.8,1137.8,True
1980,women,Championship Fours,Lake Washington RC,19:04.4,1144.4,False
1981,women,Championship Fours,Univ. of Victoria,18:24.6,1104.6,True
1982,women,Championship Fours,Univ. of Victoria,18:11.9,1091.9,True
1983,women,Championship Fours,St. Catharines RC,17:59.4,1079.4,True
1984,women,Championship Fours,Boston RC,17:50.0,1070.0,True
1985,women,Championship Fours,Boston RC,19:14.2,1154.2,False
1986,women,Championship Fours,Yale Univ.,19:09.3,1149.3,False
1987,women,Championship Fours,Boston RC,18:42.2,1122.2,False
1988,women,Championship Fours,Boston RC,19:27.0,1167.0,False
1989,women,Championship Fours,Boston RC,19:57.5,1197.5,False
1990,women,Championship Fours,Vancouver RC,18:37.1,1117.1,False
1991,women,Championship Fours,Boston RC,18:42.0,1122.0,False
1992,women,Championship Fours,Boston RC,18:26.1,1106.1,False
1993,women,Championship Fours,Boston Univ.,18:51.3,1131.3,False
1994,women,Championship Fours,Northeaster Univ.,18:25.7,1105.7,False
1995,women,Championship Fours,Rowing Canada,18:14.1,1094.1,False
1997,women,Championship Fours,Danish Rowing Fed.,17:37.4,1057.4,True
1998,women,Championship Fours,Brock Univ.,18:38.67,1118.67,False
1999,women,Championship Fours,Rowing Canada,18:29.94,1109.94,False
2000,women,Championship Fours,Rowing Canada,18:22.859,1102.859,False
2001,women,Championship Fours,German Nat’l Team,18:22.859,1102.859,False
2002,women,Championship Fours,London Training Center,18:24.836,1104.836,False
2003,women,Championship Fours,London Training Center,17:27.356,1047.356,True
2005,women,Championship Fours,Univ. of Victoria,19:07.069,1147.069,False
2006,women,Championship Fours,Univ. of British Columbia,17:58.204,1078.204,False
2007,women,Championship Fours,London Training Center,17:51.281,1071.281,False
2008,women,Championship Fours,Roforeningen Kvik,18:01.000,1081.0,False
2009,women,Championship Fours,Old Glory Boat Club,18:14.457,1094.457,False
2010,women,Championship Fours,Cornell University,17:48.071,1068.071,False
2011,women,Championship Fours,Vesper Boat Club,18:21.845,1101.845,False
2012,women,Championship Fours,Rowing Canada Aviron,18:32,1112.0,False
2013,women,Championship Fours,USRowing,18:02.219,1082.219,False
2014,women,Championship Fours,USRowing,17:29.179,1049.179,False
2015,women,Championship Fours,USRowing,17:33.793,1053.793,False
2016,women,Championship Fours,Denmark,18:44.562,1124.562,False
2017,women,Championship Fours,Brown University,17:08.207,1028.207,True
2018,women,Championship Fours,KNRB,17:10.194,1030.194,False
2019,women,Championship Fours,Washington,17:33.168,1053.168,False
2021,women,Championship Fours,USRowing,17:47.469,1067.469,False
2022,women,Championship Fours,USRowing,16:48.415,1008.415,True
2023,women,Championship Fours,California,17:17.577,1037.577,False
2024,women,Championship Fours,Columbia University,17:50.546,1070.546,False
2025,women,Championship Fours,New York AC,16:50.690,1010.69,False
1970,women,Championship Singles,Gail Pierson,22:05.6,1325.6,True
1971,women,Championship Singles,Gail Pierson,21:51.3,1311.3,True
1972,women,Championship Singles,Gail Pierson,23:02.3,1382.3,False
1973,women,Championship Singles,Gail Pierson,22:53.6,1373.6,False
1974,women,Championship Singles,Gail Pierson,23:25.8,1405.8,False
1975,women,Championship Singles,Wicki Royden,22:26.4,1346.4,False
1976,women,Championship Singles,Anne Warner,20:56.9,1256.9,True
1977,women,Championship Singles,Lisa Hansen,22:33.9,1353.9,False
1978,women,Championship Singles,Nancy Parsinnen,20:38.2,1238.2,True
1979,women,Championship Singles,Joan Lind,20:00.0,1200.0,True
1980,women,Championship Singles,Judy Geer,20:33.1,1233.1,False
1981,women,Championship Singles,Judy Geer,19:24.8,1164.8,True
1982,women,Championship Singles,Virginia Gilder,18:45.6,1125.6,True
1983,women,Championship Singles,Virginia Gilder,19:15.1,1155.1,False
1984,women,Championship Singles,Virginia Gilder,18:57.6,1137.6,False
1985,women,Championship Singles,Judy Geer,21:07.7,1267.7,False
1986,women,Championship Singles,Anne Marden,19:21.8,1161.8,False
1987,women,Championship Singles,Anne Marden,19:29.8,1169.8,False
1988,women,Championship Singles,Anne Marden,20:46.2,1246.2,False
1989,women,Championship Singles,Anne Marden,20:51.7,1251.7,False
1990,women,Championship Singles,Serena Eddymoulton,20:11.4,1211.4,False
1991,women,Championship Singles,Anne Marden,20:25.8,1225.8,False
1992,women,Championship Singles,Anne Marden,19:00.1,1140.1,False
1993,women,Championship Singles,Anne Marden,19:59.8,1199.8,False
1994,women,Championship Singles,Marnie McBean,19:10.6,1150.6,False
1995,women,Championship Singles,Ruth Davidon,19:25.9,1165.9,False
1997,women,Championship Singles,Maria Maunder,19:27.3,1167.3,False
1998,women,Championship Singles,Julia Chilicki,19:37.55,1177.55,False
1999,women,Championship Singles,Georgina Douglas,20:20.06,1220.06,False
2000,women,Championship Singles,Rumyana Neykova,20:12.39,1212.39,False
2001,women,Championship Singles,Carol Skricki,20:01.261,1201.261,False
2002,women,Championship Singles,Rumyana Neykova,19:09.533,1149.533,False
2003,women,Championship Singles,Kristin Goodrich,19:40.482,1180.482,False
2005,women,Championship Singles,Michelle Guerette,20:01.313,1201.313,False
2006,women,Championship Singles,Sophie Balmary,20:50.221,1250.221,False
2007,women,Championship Singles,Darcy Marquardt,19:14.519,1154.519,False
2008,women,Championship Singles,Gevvie Stone,19:12.500,1152.5,False
2009,women,Championship Singles,Ursula Grobler James,19:34.676,1174.676,False
2010,women,Championship Singles,Gevvie Stone,20:26.670,1226.67,False
2011,women,Championship Singles,Gevvie Stone,19:31.109,1171.109,False
2012,women,Championship Singles,Gevvie Stone,19:06.88,1146.88,False
2013,women,Championship Singles,Kathleen Bertko,18:33.015,1113.015,True
2014,women,Championship Singles,Gevvie Stone,18:39.898,1119.898,False
2015,women,Championship Singles,Gevvie Stone,19:43.074,1183.074,False
2016,women,Championship Singles,Gevvie Stone,19:15.587,1155.587,False
2017,women,Championship Singles,Gevvie Stone,18:44.210,1124.21,False
2018,women,Championship Singles,Gevvie Stone,18:59.687,1139.687,False
2019,women,Championship Singles,Gevvie Stone,18:47.231,1127.231,False
2021,women,Championship Singles,Maggie Fellows,19:21.904,1161.904,False
2022,women,Championship Singles,Emily Kallfelz,19:04.170,1144.17,False
2023,women,Championship Singles,Michelle Sechser,18:43.090,1123.09,False
2024,women,Championship Singles,Michelle Sechser,18:54.711,1134.711,False
2025,women,Championship Singles,Karolien Florjin,18:42.013,1122.013,False
1979,women,Club Eights,Mt. Holyoke,19:08.3,1148.3,True
1980,women,Club Eights,Notre Dame RC,20:06.8,1206.8,False
1981,women,Club Eights,Univ. Of Minnesota,18:26.6,1106.6,True
1982,women,Club Eights,Univ. Of Minnesota,17:26.4,1046.4,True
1983,women,Club Eights,Dartmouth Coll.,18:00.3,1080.3,False
1984,women,Club Eights,Dartmouth Coll.,17:30.6,1050.6,False
1985,women,Club Eights,Dartmouth Coll.,19:08.6,1148.6,False
1986,women,Club Eights,Potomac BC,17:54.9,1074.9,False
1987,women,Club Eights,Wesleyan Univ.,18:02.0,1082.0,False
1988,women,Club Eights,Housatonic Ra,18:29.8,1109.8,False
1989,women,Club Eights,Seattle RC,18:58.4,1138.4,False
1990,women,Club Eights,Ithaca Coll.,17:56.9,1076.9,False
1991,women,Club Eights,Baltimore RC,18:48.4,1128.4,False
1992,women,Club Eights,Connecticut Coll.,17:58.9,1078.9,False
1993,women,Club Eights,Holy Cross Coll.,17:54.5,1074.5,False
1994,women,Club Eights,Minneapolis RC,17:28.1,1048.1,False
1995,women,Club Eights,Wesleyan Univ.,17:30.4,1050.4,False
1997,women,Club Eights,Queen’s Univ.,16:58.4,1018.4,True
1998,women,Club Eights,Univ. Of Iowa,17:48.74,1068.74,False
1999,women,Club Eights,Riverside Boat Club,18:20.16,1100.16,False
2000,women,Club Eights,Riverside BC,17:23.69,1043.69,False
2001,women,Club Eights,Univ. of Tennessee,17:31.817,1051.817,False
2002,women,Club Eights,Univ. of Tennessee,17:07.493,1027.493,False
2003,women,Club Eights,Riverside Boat Club,17:30.728,1050.728,False
2005,women,Club Eights,Univ. of Tennessee,16:49.911,1009.911,True
2006,women,Club Eights,Univ. of Tennessee,18:10.339,1090.339,False
2007,women,Club Eights,Univ. of Tennessee,17:16.740,1036.74,False
2008,women,Club Eights,Yale University,16:47.900,1007.9,True
2009,women,Club Eights,University of Virginia,17:03.732,1023.732,False
2010,women,Club Eights,Riverside Boat Club,17:41.256,1061.256,False
2011,women,Club Eights,University of Tennessee Women’s Rowing,17:41.475,1061.475,False
2012,women,Club Eights,Yale University Crew,17:02.92,1022.92,False
2013,women,Club Eights,Radcliffe Crew,16:41.930,1001.93,True
2014,women,Club Eights,Brown University Women’s Crew,16:09.902,969.902,True
2015,women,Club Eights,Brown University Women’s Crew,17:09.583,1029.583,False
2016,women,Club Eights,Brown University Women’s Crew,16:50.417,1010.417,False
2017,women,Club Eights,Radcliffe,16:27.044,987.044,False
2018,women,Club Eights,Yale,17:10.341,1030.341,False
2019,women,Club Eights,Potomac,16:36.662,996.662,False
2021,women,Club Eights,University of Southern California,16:32.227,992.227,False
2022,women,Club Eights,Drexel University,16:27.976,987.976,False
2023,women,Club Eights,Yale,16:10.900,970.9,False
2024,women,Club Eights,Yale,15:57.855,957.855,True
2025,women,Club Eights,Yale,16:14.664,974.664,False
1987,women,Club Fours,Carnegie Lake,20:30.0,1230.0,True
1988,women,Club Fours,Miami RC,20:30.6,1230.6,False
1989,women,Club Fours,Villanova Univ.,20:55.4,1255.4,False
1990,women,Club Fours,Williamstown BC,19:59.5,1199.5,True
1991,women,Club Fours,Williams Coll.,21:09.0,1269.0,False
1992,women,Club Fours,Rocky Mountain RC,19:13.5,1153.5,True
1993,women,Club Fours,Long Beach Ra,19:16.4,1156.4,False
1994,women,Club Fours,D. Ruderverein E.V.,19:23.1,1163.1,False
1995,women,Club Fours,Syracuse Alumni Ra,19:35.4,1175.4,False
1997,women,Club Fours,Saugatuck Ra,18:42.95,1122.95,True
1998,women,Club Fours,Univ. Of Wisconsin,19:32.99,1172.99,False
1999,women,Club Fours,Saugatuck RA,20:42.09,1242.09,False
2000,women,Club Fours,South Chicago RC,19:41.00,1181.0,False
2001,women,Club Fours,Saugatuck RA,19:11.056,1151.056,False
2002,women,Club Fours,Capital RC,19:09.495,1149.495,False
2003,women,Club Fours,Ottawa Rowing Club,19:17.174,1157.174,False
2005,women,Club Fours,Univ. of Louisville,19:06.038,1146.038,False
2006,women,Club Fours,Saugatuck RC,19:10.652,1150.652,False
2007,women,Club Fours,Don Rowing Club,19:10.746,1150.746,False
2008,women,Club Fours,Riverside Boat Club,18:35.00,1115.0,True
2009,women,Club Fours,University of Virginia,18:45.274,1125.274,False
2010,women,Club Fours,Lincoln Park Boat Club,20:09.954,1209.954,False
2011,women,Club Fours,Boston University Women’s Crew,19:49.416,1189.416,False
2012,women,Club Fours,TBC Racing,19:16.70,1156.7,False
2013,women,Club Fours,Fordham University,18:39.390,1119.39,False
2014,women,Club Fours,Fordham University,18:19.191,1099.191,True
2015,women,Club Fours,Potomac Boat Club,19:01.087,1141.087,False
2016,women,Club Fours,University of Pennsylvania Crew,19:08.815,1148.815,False
2017,women,Club Fours,Alabama,18:02.402,1082.402,True
2018,women,Club Fours,Marist,18:44.285,1124.285,False
2019,women,Club Fours,Duke,18:37.474,1117.474,False
2021,women,Club Fours,Calgary RC,17:47.415,1067.415,True
2022,women,Club Fours,Vesta,18:20.763,1100.763,False
2023,women,Club Fours,Duke,17:46.122,1066.122,True
2024,women,Club Fours,Kansas,18:20.752,1100.752,False
2025,women,Club Fours,Kansas,18:05.254,1085.254,False
1980,women,Club Singles,M. Fair,22:39.2,1359.2,True
1981,women,Club Singles,N. Graham,22:26.4,1346.4,True
1982,women,Club Singles,N. Nichols,21:52.7,1312.7,True
1983,women,Club Singles,J. Mainville,21:45.1,1305.1,True
1984,women,Club Singles,M. Flemming,20:49.8,1249.8,True
1985,women,Club Singles,M. Murphy,23:20.1,1400.1,False
1986,women,Club Singles,K. Kennelly,21:46.1,1306.1,False
1987,women,Club Singles,H. Lafferty,20:55.8,1255.8,False
1988,women,Club Singles,A. Pohlmann,22:33.6,1353.6,False
1989,women,Club Singles,K. Stebber,21:32.2,1292.2,False
1990,women,Club Singles,A. Friday,22:09.5,1329.5,False
1991,women,Club Singles,K. Griffith,22:47.6,1367.6,False
1992,women,Club Singles,J. Williams,21:43.1,1303.1,False
1993,women,Club Singles,E. Kennelly,20:37.4,1237.4,True
1994,women,Club Singles,C. Skricki,21:00.2,1260.2,False
1995,women,Club Singles,K. Lund,21:10.1,1270.1,False
1997,women,Club Singles,J. Paquette,20:36.59,1236.59,True
1998,women,Club Singles,S. Phillips,20:59.06,1259.06,False
1999,women,Club Singles,A. Mugford,23:26.42,1406.42,False
2000,women,Club Singles,M. Dershem,21:15.77,1275.77,False
2001,women,Club Singles,S. Evans,21:32.173,1292.173,False
2002,women,Club Singles,(tie) K. Brennan/A. Noble,22:13.000,1333.0,False
2003,women,Club Singles,Joanna Rubini,21:25.299,1285.299,False
2005,women,Club Singles,Jennifer Wawrzonek,20:37.180,1237.18,False
2006,women,Club Singles,Amy Westenfeld,21:11.608,1271.608,False
2007,women,Club Singles,Alexandra Kazanovicz,20:54.345,1254.345,False
2008,women,Club Singles,Julie Shearer,20:52.900,1252.9,False
2009,women,Club Singles,Carrie Morelock,21:17.144,1277.144,False
2010,women,Club Singles,Sarah Schwegman,21:51.326,1311.326,False
2011,women,Club Singles,Carissa Louwen,22:08.241,1328.241,False
2012,women,Club Singles,Kelley Woodacre,20:56.32,1256.32,False
2013,women,Club Singles,Erica Stive-Caldwell,21:19.533,1279.533,False
2014,women,Club Singles,Aisha Chow,22:14.260,1334.26,False
2015,women,Club Singles,Corlis Gross,21:53.280,1313.28,False
2016,women,Club Singles,Rebecca Ann Soja,21:31.494,1291.494,False
2017,women,Club Singles,Madeline Kuntz,20:25.317,1225.317,True
2018,women,Club Singles,Natalie Reynolds,20:37.010,1237.01,False
2019,women,Club Singles,Mildred Mercado,20:37.711,1237.711,False
2021,women,Club Singles,Samantha Sarafin,20:28.947,1228.947,False
2022,women,Club Singles,Mary Kaleta,20:07.040,1207.04,True
2023,women,Club Singles,Eliza Kallfelz,20:20.564,1220.564,False
2024,women,Club Singles,Arianna Lee,20:33.890,1233.89,False
2025,women,Club Singles,Clare Botterill,20:22.776,1222.776,False
2002,women,Collegiate Eights,Lehigh University,17:23.541,1043.541,True
2003,women,Collegiate Eights,Queen’s University,16:47.321,1007.321,True
2005,women,Collegiate Eights,Trinity College,17:50.701,1070.701,False
2006,women,Collegiate Eights,Yale University,17:05.343,1025.343,False
2007,women,Collegiate Eights,Trinity College,17:20.077,1040.077,False
2008,women,Collegiate Eights,Williams College,17:11.600,1031.6,False
2009,women,Collegiate Eights,Grand Valley State University,17:47.325,1067.325,False
2010,women,Collegiate Eights,Williams College,16:24.219,984.219,True
2011,women,Collegiate Eights,Williams College,16:57.498,1017.498,False
2012,women,Collegiate Eights,Trinity College Crew,17:42.65,1062.65,False
2013,women,Collegiate Eights,Grand Valley State University,17:46.761,1066.761,False
2014,women,Collegiate Eights,Bates College,17:25.603,1045.603,False
2015,women,Collegiate Eights,Williams College Boat Club,17:25.577,1045.577,False
2016,women,Collegiate Eights,Wesleyan University,18:04.538,1084.538,False
2017,women,Collegiate Eights,Bates College,16:01.182,961.182,True
2018,women,Collegiate Eights,Bates College,18:18.054,1098.054,False
2019,women,Collegiate Eights,Bates College,16:26.595,986.595,False
2021,women,Collegiate Eights,Mercyhurst University,17:16.794,1036.794,False
2022,women,Collegiate Eights,Mercyhurst University,16:32.228,992.228,False
2023,women,Collegiate Eights,Tufts University,18:03.969,1083.969,False
2024,women,Collegiate Eights,Tufts University,17:02.698,1022.698,False
2025,women,Collegiate Eights,Tufts University,16:49.117,1009.117,False
2005,women,Collegiate Fours,Florida Tech,19:44.892,1184.892,True
2006,women,Collegiate Fours,Bucknell Univ.,20:27.227,1227.227,False
2007,women,Collegiate Fours,Marquette Univ.,19:19.167,1159.167,True
2008,women,Collegiate Fours,Western Rowing Club,18:54.70,1134.7,True
2009,women,Collegiate Fours,Trinity College,19:51.668,1191.668,False
2010,women,Collegiate Fours,Emory University,20:34.555,1234.555,False
2011,women,Collegiate Fours,Washington University Rowing – St. Louis,19:56.426,1196.426,False
2012,women,Collegiate Fours,Bowdoin College,19:14.11,1154.11,False
2013,women,Collegiate Fours,Barry University,18:14.893,1094.893,True
2014,women,Collegiate Fours,Barry University,18:22.326,1102.326,False
2015,women,Collegiate Fours,University Of New Hampshire,19:30.913,1170.913,False
2016,women,Collegiate Fours,Barry University,20:23.646,1223.646,False
2017,women,Collegiate Fours,University of New Hampshire,18:20.141,1100.141,False
2018,women,Collegiate Fours,FIT,20:48.312,1248.312,False
2019,women,Collegiate Fours,FIT,17:50.817,1070.817,True
2021,women,Collegiate Fours,University of Calgary RC,18:34.740,1114.74,False
2022,women,Collegiate Fours,Lafayette,18:37.053,1117.053,False
2023,women,Collegiate Fours,Vanderbilt,19:39.080,1179.08,False
2024,women,Collegiate Fours,Carleton,18:27.344,1107.344,False
2025,women,Collegiate Fours,Carleton,18:42.633,1122.633,False
2005,women,Directors' Challenge Quad,Cecile Tucker,19:00.800,1140.8,True
2006,women,Directors' Challenge Quad,Mygatt/Stiver/Gay/Matia,17:16.370,1036.37,True
2007,women,Directors' Challenge Quad,Margaret Matia,17:12.752,1032.752,False
2008,women,Directors' Challenge Quad,TMNT,18:13.200,1093.2,False
2009,women,Directors' Challenge Quad,Empire Investigation,19:37.040,1177.04,False
2011,women,Directors' Challenge Quad,90s FPL,17:10.947,1030.947,True
2012,women,Directors' Challenge Quad,Lucky Charms,18:10.18,1090.18,False
2013,women,Directors' Challenge Quad,Ever Green Boat Club,18:41.405,1121.405,False
2014,women,Directors' Challenge Quad,Lucky Charms,19:08.765,1148.765,False
2015,women,Directors' Challenge Quad,A.a.s.r. Skoll,16:57.762,1017.762,True
2016,women,Directors' Challenge Quad,Shimano Rowing Dynamics,18:06.936,1086.936,False
2017,women,Directors' Challenge Quad,Shimano Rowing Dynamics,16:54.845,1014.845,True
2018,women,Directors' Challenge Quad,PBC/PTCRC/SSYRP,18:37.306,1117.306,False
2019,women,Directors' Challenge Quad,Lucky Charms,17:14.094,1034.094,False
2021,women,Directors' Challenge Quad,CCS/PBC/SC - Composite,18:16.544,1096.544,False
2022,women,Directors' Challenge Quad,Cambridge,17:20.550,1040.55,False
2023,women,Directors' Challenge Quad,P3PE,18:09.673,1089.673,False
2024,women,Directors' Challenge Quad,CCS/RGBC/SARRC Composite,17:38.198,1058.198,False
2024,women,Directors' Challenge Quad,Lincoln Park Boat Club,17:18.678,1038.678,False
2003,women,Grand-Master Doubles Age average of 50+ (no rower under 30),"J. Linse, S. Kinne",20:54.239,1254.239,True
2005,women,Grand-Master Doubles Age average of 50+ (no rower under 30),"J. Linse, S. Kinne",20:32.722,1232.722,True
2006,women,Grand-Master Doubles Age average of 50+ (no rower under 30),"J. Linse, S. Kinne",21:31.954,1291.954,False
2007,women,Grand-Master Doubles Age average of 50+ (no rower under 30),"J. Linse, S. Kinne",19:53.749,1193.749,True
2008,women,Grand-Master Doubles Age average of 50+ (no rower under 30),"L. Brunner, E. Hamann",20:13.800,1213.8,False
2009,women,Grand-Master Doubles Age average of 50+ (no rower under 30),"T. Olin Santry, G. Deangelis",20:19.767,1219.767,False
2010,women,Grand-Master Doubles Age average of 50+ (no rower under 30),"I. Stekl, F. Tuite",20:28.997,1228.997,False
2011,women,Grand-Master Doubles Age average of 50+ (no rower under 30),"I. Stekl, F. Tuite",20:35.087,1235.087,False
2012,women,Grand-Master Doubles Age average of 50+ (no rower under 30),"I. Stekl, F. Tuite",19:50.91,1190.91,True
2013,women,Grand-Master Doubles Age average of 50+ (no rower under 30),"C. Sands-Bohrer, L. Muri",19:17.932,1157.932,True
2014,women,Grand-Master Doubles Age average of 50+ (no rower under 30),"C. Sands-Bohrer, L. Muri",19:26.243,1166.243,False
2015,women,Grand-Master Doubles Age average of 50+ (no rower under 30),"C. Sands-Bohrer, L. Muri",20:52.573,1252.573,False
2016,women,Grand-Master Doubles Age average of 50+ (no rower under 30),"C. Sands-Bohrer, L. Muri",20:23.452,1223.452,False
2017,women,Grand-Master Doubles Age average of 50+ (no rower under 30),C. Matthes/M. Mazzio,19:48.019,1188.019,False
2018,women,Grand-Master Doubles Age average of 50+ (no rower under 30),"K. Wiegandt, A. Marichal",20:11.093,1211.093,False
2021,women,Grand-Master Doubles Age average of 50+ (no rower under 30),"C. Collins, B. Grant",19:51.509,1191.509,False
2022,women,Grand-Master Doubles Age average of 50+ (no rower under 30),"C. Collins, B. Grant",19:26.381,1166.381,False
2023,women,Grand-Master Doubles Age average of 50+ (no rower under 30),"M. Pearlstein, M. Gradek",19:02.956,1142.956,True
2024,women,Grand-Master Doubles Age average of 50+ (no rower under 30),"M. Pearlstein, M. Gradek",19:54.655,1194.655,False
2025,women,Grand-Master Doubles Age average of 50+ (no rower under 30),"M. Pearlstein, M. Gradek",20:21.768,1221.768,False
2003,women,Grand-Master Eights Age average of 50+ (no rower under 30),Lake Union Crew,18:41.738,1121.738,True
2005,women,Grand-Master Eights Age average of 50+ (no rower under 30),Martha’s Moms RC,19:08.173,1148.173,False
2006,women,Grand-Master Eights Age average of 50+ (no rower under 30),Lake Union Crew,20:14.253,1214.253,False
2007,women,Grand-Master Eights Age average of 50+ (no rower under 30),1980 Rowing Club,18:00.427,1080.427,True
2008,women,Grand-Master Eights Age average of 50+ (no rower under 30),1980 Rowing Club,18:34.100,1114.1,False
2009,women,Grand-Master Eights Age average of 50+ (no rower under 30),Etats Unis RC,17:44.959,1064.959,True
2010,women,Grand-Master Eights Age average of 50+ (no rower under 30),Etats Unis RC,18:35.435,1115.435,False
2011,women,Grand-Master Eights Age average of 50+ (no rower under 30),Marin Rowing Association,18:01.795,1081.795,False
2012,women,Grand-Master Eights Age average of 50+ (no rower under 30),Marin Rowing Association,17:44.45,1064.45,True
2013,women,Grand-Master Eights Age average of 50+ (no rower under 30),Marin Rowing Association,17:35.754,1055.754,True
2014,women,Grand-Master Eights Age average of 50+ (no rower under 30),Long Beach Rowing Association,17:39.401,1059.401,False
2015,women,Grand-Master Eights Age average of 50+ (no rower under 30),Chinook Performance Racing,18:37.825,1117.825,False
2016,women,Grand-Master Eights Age average of 50+ (no rower under 30),Long Beach Rowing Association,17:25.324,1045.324,True
2017,women,Grand-Master Eights Age average of 50+ (no rower under 30),Chinook,17:22.899,1042.899,True
2018,women,Grand-Master Eights Age average of 50+ (no rower under 30),Victoria City,17:35.403,1055.403,False
2019,women,Grand-Master Eights Age average of 50+ (no rower under 30),Victoria City,18:14.139,1094.139,False
2021,women,Grand-Master Eights Age average of 50+ (no rower under 30),Chinook,17:49.059,1069.059,False
2022,women,Grand-Master Eights Age average of 50+ (no rower under 30),Endeavor Racing Alliance,17:49.930,1069.93,False
2023,women,Grand-Master Eights Age average of 50+ (no rower under 30),Endeavor Racing Alliance,17:23.163,1043.163,False
2024,women,Grand-Master Eights Age average of 50+ (no rower under 30),Marlow,17:22.292,1042.292,True
2025,women,Grand-Master Eights Age average of 50+ (no rower under 30),Toronto Sculling,17:22.143,1042.143,True
2003,women,Grand-Master Fours Age average of 50+ (no rower under 30),"Community Rowing, Inc.",20:01.267,1201.267,True
2005,women,Grand-Master Fours Age average of 50+ (no rower under 30),Conibear Rowing Club,20:33.681,1233.681,False
2006,women,Grand-Master Fours Age average of 50+ (no rower under 30),Minnesota Coaches,21:01.138,1261.138,False
2007,women,Grand-Master Fours Age average of 50+ (no rower under 30),Watercat Rowing Club,19:48.392,1188.392,True
2008,women,Grand-Master Fours Age average of 50+ (no rower under 30),Watercat Rowing Club,20:01.500,1201.5,False
2009,women,Grand-Master Fours Age average of 50+ (no rower under 30),Orleans Sweep,20:16.415,1216.415,False
2010,women,Grand-Master Fours Age average of 50+ (no rower under 30),RV Willem III,19:49.298,1189.298,False
2011,women,Grand-Master Fours Age average of 50+ (no rower under 30),Orleans Sweep,20:35.690,1235.69,False
2012,women,Grand-Master Fours Age average of 50+ (no rower under 30),Orleans Sweeps & Sculls,19:59.20,1199.2,False
2013,women,Grand-Master Fours Age average of 50+ (no rower under 30),Marin Rowing Association,19:15.809,1155.809,False
2014,women,Grand-Master Fours Age average of 50+ (no rower under 30),Melbourne University Boat Club,19:17.111,1157.111,False
2015,women,Grand-Master Fours Age average of 50+ (no rower under 30),Upper Valley Rowing Foundation,20:31.641,1231.641,False
2016,women,Grand-Master Fours Age average of 50+ (no rower under 30),Toronto Sculling Club,19:49.293,1189.293,False
2017,women,Grand-Master Fours Age average of 50+ (no rower under 30),Cambridge,18:45.398,1125.398,True
2018,women,Grand-Master Fours Age average of 50+ (no rower under 30),Cambridge,19:28.407,1168.407,False
2019,women,Grand-Master Fours Age average of 50+ (no rower under 30),Cambridge,19:20.653,1160.653,False
2021,women,Grand-Master Fours Age average of 50+ (no rower under 30),Cambridge,19:04.877,1144.877,False
2022,women,Grand-Master Fours Age average of 50+ (no rower under 30),RCA Alumni,18:46.927,1126.927,False
2023,women,Grand-Master Fours Age average of 50+ (no rower under 30),RCA Alumni,18:29.924,1109.924,False
2024,women,Grand-Master Fours Age average of 50+ (no rower under 30),Marin,19:24.457,1164.457,False
2025,women,Grand-Master Fours Age average of 50+ (no rower under 30),Lake Union,19:04.780,1144.78,False
1981,women,Grand-Master Singles 50+ years old,K. Kalkhof,25:35.3,1535.3,True
1982,women,Grand-Master Singles 50+ years old,K. Kalkhof,25:58.5,1558.5,False
1986,women,Grand-Master Singles 50+ years old,K. Kalkhof,27:10.1,1630.1,False
1987,women,Grand-Master Singles 50+ years old,N. Heiden,28:36.0,1716.0,False
1988,women,Grand-Master Singles 50+ years old,C. McGowan,28:59.5,1739.5,False
1989,women,Grand-Master Singles 50+ years old,S. Nestor,29:43.1,1783.1,False
1990,women,Grand-Master Singles 50+ years old,B. Green,24:02.5,1442.5,True
1991,women,Grand-Master Singles 50+ years old,L. Daly,24:30.6,1470.6,False
1992,women,Grand-Master Singles 50+ years old,B. Green,22:41.9,1361.9,True
1993,women,Grand-Master Singles 50+ years old,B. Green,24:36.4,1476.4,False
1994,women,Grand-Master Singles 50+ years old,B. Green,23:56.6,1436.6,False
1995,women,Grand-Master Singles 50+ years old,B. Green,24:03.2,1443.2,False
1997,women,Grand-Master Singles 50+ years old,E. Webber,22:41.5,1361.5,True
1998,women,Grand-Master Singles 50+ years old,L. Kennett,22:10.68,1330.68,False
1999,women,Grand-Master Singles 50+ years old,L. Kennett,23:09.83,1389.83,False
2000,women,Grand-Master Singles 50+ years old,L. Kennett,21:50.00,1310.0,True
2001,women,Grand-Master Singles 50+ years old,L. Kennett,21:50.009,1310.009,False
2002,women,Grand-Master Singles 50+ years old,V. Reynolds,22:57.634,1377.634,False
2003,women,Grand-Master Singles 50+ years old,Judy Geer,21:46.504,1306.504,True
2005,women,Grand-Master Singles 50+ years old,Judy Geer,24:25.000,1465.0,False
2006,women,Grand-Master Singles 50+ years old,S. Dandridge,23:22.004,1402.004,False
2007,women,Grand-Master Singles 50+ years old,Judy Geer,21:30.930,1290.93,False
2008,women,Grand-Master Singles 50+ years old,M. Jekabson-Zezza,20:55.70,1255.7,True
2009,women,Grand-Master Singles 50+ years old,M. Jekabson-Zezza,21:33.320,1293.32,False
2010,women,Grand-Master Singles 50+ years old,M. Jekabson-Zezza,21:23.317,1283.317,False
2011,women,Grand-Master Singles 50+ years old,CB Sands-Bohrer,21:16.684,1276.684,False
2012,women,Grand-Master Singles 50+ years old,Lynn Jennings,20:54.25,1254.25,True
2013,women,Grand-Master Singles 50+ years old,Saiya Remmler,20:35.912,1235.912,True
2014,women,Grand-Master Singles 50+ years old,Saiya Remmler,20:48.157,1248.157,False
2015,women,Grand-Master Singles 50+ years old,Maureen Harriman,22:06.125,1326.125,False
2016,women,Grand-Master Singles 50+ years old,Mitz Carr,21:07.920,1267.92,False
2017,women,Grand-Master Singles 50+ years old,Charlotte Hollings,21:03.374,1263.374,False
2018,women,Grand-Master Singles 50+ years old,Charlotte Hollings,22:30.239,1350.239,False
2019,women,Grand-Master Singles 50+ years old,Mitz Carr,22:13.810,1333.81,False
2021,women,Grand-Master Singles 50+ years old,Tricia Carney,21:45.936,1305.936,False
2022,women,Grand-Master Singles 50+ years old,Tricia Carney,21:13.472,1273.472,False
2023,women,Grand-Master Singles 50+ years old,Tricia Carney,20:50.715,1250.715,False
2024,women,Grand-Master Singles 50+ years old,Olwen Huxley,21:29.764,1289.764,False
2025,women,Grand-Master Singles 50+ years old,Pamela Neuharth,22:10.469,1330.469,False
2024,women,Grand-Veteran Doubles Age average of 80+ (no rower under 30),"S. Starnbach, A. Faber",34:18.938,2058.938,False
2012,women,Grand-Veteran Singles 80+ years old,Eve Green (GV I),29:41.95,1781.95,True
2013,women,Grand-Veteran Singles 80+ years old,Eve Green (GV I),29:50.461,1790.461,True
2014,women,Grand-Veteran Singles 80+ years old,Laurette Rindlaub (GV I),31:07.345,1867.345,False
2017,women,Grand-Veteran Singles 80+ years old,Laurette Rindlaub (GV I),31:57.996,1917.996,False
2021,women,Grand-Veteran Singles 80+ years old,Janice Stone (GV I),27:36.477,1656.477,True
2022,women,Grand-Veteran Singles 80+ years old,Janice Stone (GV I),27:18.832,1638.832,True
2023,women,Grand-Veteran Singles 80+ years old,Janice Stone (GV I),28:05.949,1685.949,False
2024,women,Grand-Veteran Singles 80+ years old,Jane Morse (GV I),29:26.308,1766.308,False
2025,women,Grand-Veteran Singles 80+ years old,Catherine Kemper (GVI),27:37.271,1657.271,False
2021,women,Lightweight Doubles,"M. Liang, G. DeMartino",20:49.263,1249.263,False
2022,women,Lightweight Doubles,"A. Currie, J. Lu",19:07.137,1147.137,True
2023,women,Lightweight Doubles,"K. Miehlbradt, S. Corradini",19:08.522,1148.522,False
2024,women,Lightweight Doubles,"A. O’Brien, C. Friedlander",18:07.490,1087.49,True
2025,women,Lightweight Doubles,"A. O’Brien, C. Friedlander",18:28.159,1108.159,False
1980,women,Lightweight Eights,Potomac BC,18:37.9,1117.9,True
1981,women,Lightweight Eights,Pioneer Valley Ra,17:43.2,1063.2,True
1982,women,Lightweight Eights,Potomac Valley Ra,17:49.6,1069.6,False
1983,women,Lightweight Eights,Minnesota BC,17:29.3,1049.3,True
1984,women,Lightweight Eights,Ltwt. Dev. Camp,16:42.4,1002.4,True
1985,women,Lightweight Eights,Ltwt. Dev. Camp,18:31.9,1111.9,False
1986,women,Lightweight Eights,Minnesota BC,17:35.1,1055.1,False
1987,women,Lightweight Eights,St. Catharines RC,17:21.1,1041.1,False
1988,women,Lightweight Eights,St. Catharines RC,17:54.4,1074.4,False
1989,women,Lightweight Eights,Boston RC,18:51.5,1131.5,False
1990,women,Lightweight Eights,Boston RC,17:05.9,1025.9,False
1991,women,Lightweight Eights,Boston RC,17:30.0,1050.0,False
1992,women,Lightweight Eights,Argonaut RC,16:14.87,974.87,True
1993,women,Lightweight Eights,Argonaut RC,17:02.3,1022.3,False
1994,women,Lightweight Eights,Boston RC,16:27.5,987.5,False
1995,women,Lightweight Eights,Boston RC,16:54.9,1014.9,False
1997,women,Lightweight Eights,Arco Training Ctr.,16:15.2,975.2,False
1998,women,Lightweight Eights,Arco Training Ctr.,16:26.19,986.19,False
1999,women,Lightweight Eights,Arco Training Ctr.,16:58.49,1018.49,False
2000,women,Lightweight Eights,Univ. of Wisconsin,17:56.09,1076.09,False
2001,women,Lightweight Eights,Univ. of Wisconsin,16:49.090,1009.09,False
2002,women,Lightweight Eights,Riverside Boat Club,17:25.738,1045.738,False
2003,women,Lightweight Eights,Riverside Boat Club,16:47.776,1007.776,False
2005,women,Lightweight Eights,London Training Center,17:41.641,1061.641,False
2006,women,Lightweight Eights,London Training Center,16:31.652,991.652,False
2007,women,Lightweight Eights,London Training Center,16:15.442,975.442,False
2008,women,Lightweight Eights,Vesper Boat Club,16:50.000,1010.0,False
2009,women,Lightweight Eights,University of Wisconsin,17:25.196,1045.196,False
2010,women,Lightweight Eights,University of Wisconsin,16:06.102,966.102,True
2011,women,Lightweight Eights,University of Wisconsin,16:53.082,1013.082,False
2013,women,Lightweight Eights,Minerva Rowing Club,17:05.232,1025.232,False
2014,women,Lightweight Eights,Minerva Rowing Club,16:44.423,1004.423,False
2015,women,Lightweight Eights,Minerva Rowing Club,16:39.276,999.276,False
2016,women,Lightweight Eights,Radcliffe Crew,18:17.592,1097.592,False
2017,women,Lightweight Eights,Stanford,15:46.726,946.726,True
2018,women,Lightweight Eights,Stanford,18:05.122,1085.122,False
2019,women,Lightweight Eights,Princeton,16:07.248,967.248,False
2021,women,Lightweight Eights,Princeton,16:37.246,997.246,False
2022,women,Lightweight Eights,Radcliffe,15:54.931,954.931,False
2023,women,Lightweight Eights,Radcliffe,17:15.693,1035.693,False
2024,women,Lightweight Eights,WLRA – Aus,16:29.276,989.276,False
2025,women,Lightweight Eights,Radcliffe,16:01.004,961.004,False
1978,women,Lightweight Fours,Wellesley Coll.,21:16.1,1276.1,True
1979,women,Lightweight Fours,Wellesley Coll.,21:21.1,1281.1,False
1980,women,Lightweight Fours,Potomac BC,20:58.4,1258.4,True
1981,women,Lightweight Fours,Potomac BC,19:55.1,1195.1,True
1982,women,Lightweight Fours,Potomac BC,19:31.1,1171.1,True
1983,women,Lightweight Fours,Potomac BC,19:36.9,1176.9,False
1984,women,Lightweight Fours,Potomac BC,19:00.3,1140.3,True
1986,women,Lightweight Fours,Ltwt. Dev. Camp,18:49.9,1129.9,True
1987,women,Lightweight Fours,Montreal Club Naut,19:10.7,1150.7,False
1988,women,Lightweight Fours,Vesper BC,20:27.7,1227.7,False
1989,women,Lightweight Fours,Baltimore RC,22:49.5,1369.5,False
1990,women,Lightweight Fours,Vesper BC,19:11.8,1151.8,False
1991,women,Lightweight Fours,Vesper BC,19:45.3,1185.3,False
1992,women,Lightweight Fours,Baltimore RC,18:26.97,1106.97,True
1993,women,Lightweight Fours,U.S. Rowing,19:12.5,1152.5,False
1994,women,Lightweight Fours,Argonaut RC,18:31.7,1111.7,False
1995,women,Lightweight Fours,Argonaut RC,18:33.0,1113.0,False
1997,women,Lightweight Fours,Argonaut RC,18:55.0,1135.0,False
1998,women,Lightweight Fours,Univ. of Virginia,18:59.05,1139.05,False
1999,women,Lightweight Fours,Argonaut RC,18:53.93,1133.93,False
2000,women,Lightweight Fours,Undine BC,18:58.84,1138.84,False
2001,women,Lightweight Fours,Undine BC,19:16.930,1156.93,False
2002,women,Lightweight Fours,Univ. of Victoria,18:52.267,1132.267,False
2003,women,Lightweight Fours,Undine Barge Club,18:29.312,1109.312,False
2005,women,Lightweight Fours,Univ. of Victoria,19:14.697,1154.697,False
2006,women,Lightweight Fours,Undine Barge Club,18:48.812,1128.812,False
2007,women,Lightweight Fours,Undine Barge Club,18:32.293,1112.293,False
2008,women,Lightweight Fours,Brock University,18:34.900,1114.9,False
2009,women,Lightweight Fours,University of Toronto,19:36.374,1176.374,False
2010,women,Lightweight Fours,Undine Barge Club,17:54.864,1074.864,True
2011,women,Lightweight Fours,Vesper Boat Club,18:47.630,1127.63,False
2012,women,Lightweight Fours,Western University,19:01.39,1141.39,False
2013,women,Lightweight Fours,Western University,19:13.041,1153.041,False
2014,women,Lightweight Fours,Princeton University,19:03.329,1143.329,False
2015,women,Lightweight Fours,Riverside Boat Club,19:23.121,1163.121,False
2016,women,Lightweight Fours,Western University (UWO),19:02.444,1142.444,False
2017,women,Lightweight Fours,Georgetown,17:56.443,1076.443,False
2018,women,Lightweight Fours,Radcliffe,20:07.050,1207.05,False
2019,women,Lightweight Fours,British Columbia,17:57.921,1077.921,False
2021,women,Lightweight Fours,MIT,18:39.188,1119.188,False
2022,women,Lightweight Fours,British Columbia,18:06.925,1086.925,False
2023,women,Lightweight Fours,Stanford,18:42.795,1122.795,False
2024,women,Lightweight Fours,University of Wisconsin,18:28.571,1108.571,False
2025,women,Lightweight Fours,Princeton,18:03.310,1083.31,False
1980,women,Lightweight Singles,S. Kirby,21:08.7,1268.7,True
1981,women,Lightweight Singles,J. Hannafin,21:36.1,1296.1,False
1982,women,Lightweight Singles,A. Mckinnon,21:35.4,1295.4,False
1983,women,Lightweight Singles,J. Hannafin,20:27.2,1227.2,True
1984,women,Lightweight Singles,A. Martin,19:30.7,1170.7,True
1985,women,Lightweight Singles,A. Herron,21:38.2,1298.2,False
1986,women,Lightweight Singles,C. Sands,20:31.8,1231.8,False
1987,women,Lightweight Singles,K. Karlson,20:16.9,1216.9,False
1988,women,Lightweight Singles,K. Karlson,21:33.1,1293.1,False
1989,women,Lightweight Singles,N. Natman,23:04.3,1384.3,False
1990,women,Lightweight Singles,A. Shaw,21:03.6,1263.6,False
1991,women,Lightweight Singles,T. Zarzeczny,21:16.0,1276.0,False
1992,women,Lightweight Singles,T. Zarzeczny,19:00.58,1140.58,True
1993,women,Lightweight Singles,T. Zarzeczny,20:19.8,1219.8,False
1994,women,Lightweight Singles,L. Carey,20:14.5,1214.5,False
1995,women,Lightweight Singles,C. Matthes,20:30.6,1230.6,False
1997,women,Lightweight Singles,L. Featherstone,20:24.8,1224.8,False
1998,women,Lightweight Singles,M. Jaastad,20:49.34,1249.34,False
1999,women,Lightweight Singles,C. Collins,20:33.85,1233.85,False
2000,women,Lightweight Singles,S. Borgman,21:40.94,1300.94,False
2001,women,Lightweight Singles,G. Meredith,19:52.970,1192.97,False
2003,women,Lightweight Singles,Fiona Milne,19:32.572,1172.572,False
2005,women,Lightweight Singles,Wendy Campanella,21:23.860,1283.86,False
2006,women,Lightweight Singles,Renee Hykel,20:11.103,1211.103,False
2007,women,Lightweight Singles,Heather Moon,20:09.191,1209.191,False
2009,women,Lightweight Singles,Kristin Hedstrom,21:23.915,1283.915,False
2010,women,Lightweight Singles,Amber Cuthbertson,19:42.482,1182.482,False
2011,women,Lightweight Singles,Kristin Hedstrom,19:54.771,1194.771,False
2012,women,Lightweight Singles,Kristin Hedstrom,20:55.9,1255.9,False
2013,women,Lightweight Singles,Mary Jones,21:17.362,1277.362,False
2014,women,Lightweight Singles,Caitlin Pauls,20:56.687,1256.687,False
2015,women,Lightweight Singles,Caitlin Pauls,20:35.608,1235.608,False
2016,women,Lightweight Singles,Eveline Peelman,20:25.854,1225.854,False
2017,women,Lightweight Singles,Juliane Rasmussen,19:18.091,1158.091,True
2018,women,Lightweight Singles,Jenna Pelham,20:27.439,1227.439,False
2019,women,Lightweight Singles,Emily Schmieg,19:53.157,1193.157,False
2021,women,Lightweight Singles,Elizabeth Martin,20:05.763,1205.763,False
2022,women,Lightweight Singles,Molly Reckford,19:24.128,1164.128,False
2023,women,Lightweight Singles,Brigid Kennedy,19:28.588,1168.588,False
2024,women,Lightweight Singles,Elizabeth Martin,19:43.086,1183.086,False
2025,women,Lightweight Singles,Elizabeth Martin,19:48.438,1188.438,False
2023,women,Master Doubles Age average of 30+ (No rower under 30),"M. Wilson, J. Eddie",19:11.548,1151.548,False
2024,women,Master Doubles Age average of 30+ (No rower under 30),"J. Armstrong, C. Graf",19:39.893,1179.893,False
2025,women,Master Doubles Age average of 30+ (No rower under 30),"L. Schall, M. McAuliffe",19:42.661,1182.661,False
2024,women,Master Eights Age average of 30+ (No rower under 30),Endeavor Racing Alliance,17:27.055,1047.055,False
2025,women,Master Eights Age average of 30+ (No rower under 30),RV De Laak,15:52.572,952.572,False
2024,women,Master Fours Age average of 30+ (No rower under 30),St Catharines,19:03.700,1143.7,False
2025,women,Master Fours Age average of 30+ (No rower under 30),Cambridge,18:33.185,1113.185,False
1980,women,Master Singles 30+ Years Old,J. Gardner,24:20.1,1460.1,True
1981,women,Master Singles 30+ Years Old,P. Pinkerton,21:33.3,1293.3,True
1982,women,Master Singles 30+ Years Old,N. Storrs,20:56.1,1256.1,True
1983,women,Master Singles 30+ Years Old,N. Storrs,21:15.9,1275.9,False
1984,women,Master Singles 30+ Years Old,N. Storrs,20:36.1,1236.1,True
1985,women,Master Singles 30+ Years Old,N. Storrs,22:31.9,1351.9,False
1986,women,Master Singles 30+ Years Old,S. Kenney,22:00.3,1320.3,False
1987,women,Master Singles 30+ Years Old,S. Kenney,22:13.5,1333.5,False
1988,women,Master Singles 30+ Years Old,L. Stone,23:00.8,1380.8,False
1989,women,Master Singles 30+ Years Old,P. Pinkerton,24:26.7,1466.7,False
1990,women,Master Singles 30+ Years Old,C. Geer,20:51.2,1251.2,False
1991,women,Master Singles 30+ Years Old,A. Boucher,22:18.9,1338.9,False
1992,women,Master Singles 30+ Years Old,T. Santry,21:00.5,1260.5,False
1993,women,Master Singles 30+ Years Old,S. Sanders-Fleming,22:08.8,1328.8,False
1994,women,Master Singles 30+ Years Old,L. Kunze,21:04.3,1264.3,False
1995,women,Master Singles 30+ Years Old,E. Kennelly,21:14.7,1274.7,False
1997,women,Master Singles 30+ Years Old,C. Matthes,19:55.2,1195.2,True
1998,women,Master Singles 30+ Years Old,K. Karlson,20:56.86,1256.86,False
1999,women,Master Singles 30+ Years Old,T. Miles,21:12.95,1272.95,False
2000,women,Master Singles 30+ Years Old,E. Kennelly,21:48.90,1308.9,False
2001,women,Master Singles 30+ Years Old,L. Muri,20:27.880,1227.88,False
2002,women,Master Singles 30+ Years Old,Ellen Kennelly,21:33.669,1293.669,False
2003,women,Master Singles 30+ Years Old,Lindsay Burns,20:13.838,1213.838,False
2005,women,Master Singles 30+ Years Old,Claudia Wagner,22:27.443,1347.443,False
2006,women,Master Singles 30+ Years Old,Antje Siems,21:34.464,1294.464,False
2007,women,Master Singles 30+ Years Old,Claudia Wagner,21:00.860,1260.86,False
2008,women,Master Singles 30+ Years Old,Lisa Weise,21:44.600,1304.6,False
2009,women,Master Singles 30+ Years Old,Liane Malcos,21:19.059,1279.059,False
2010,women,Master Singles 30+ Years Old,Olwen Huxley,20:11.890,1211.89,False
2011,women,Master Singles 30+ Years Old,Lisa Weise,21:04.937,1264.937,False
2012,women,Master Singles 30+ Years Old,Erica Stieve-Caldwell,21:37.43,1297.43,False
2013,women,Master Singles 30+ Years Old,Shannon Kaplan,21:32.889,1292.889,False
2014,women,Master Singles 30+ Years Old,Shannon Kaplan,22:07.097,1327.097,False
2015,women,Master Singles 30+ Years Old,Aisha Chow,21:00.991,1260.991,False
2016,women,Master Singles 30+ Years Old,Shannon Kaplan,22:46.801,1366.801,False
2017,women,Master Singles 30+ Years Old,Shannon Kaplan,20:13.822,1213.822,False
2018,women,Master Singles 30+ Years Old,Wiebke Gebauer,22:22.921,1342.921,False
2019,women,Master Singles 30+ Years Old,Corlis Gross,21:26.891,1286.891,False
2021,women,Master Singles 30+ Years Old,Gevvie Stone,19:21.796,1161.796,True
2022,women,Master Singles 30+ Years Old,Gevvie Stone,19:10.913,1150.913,True
2023,women,Master Singles 30+ Years Old,Gevvie Stone,19:29.437,1169.437,False
2024,women,Master Singles 30+ Years Old,Aisyah Rafa’ee,20:23.924,1223.924,False
2025,women,Master Singles 30+ Years Old,Katherine McFetridge,20:26.136,1226.136,False
1994,women,Senior-Master Doubles Age average of 40+ (No rower under 30),California Yacht Club,20:01.8,1201.8,True
1995,women,Senior-Master Doubles Age average of 40+ (No rower under 30),California Yacht Club,20:59.0,1259.0,False
1997,women,Senior-Master Doubles Age average of 40+ (No rower under 30),California Yacht Club,19:42.3,1182.3,True
1998,women,Senior-Master Doubles Age average of 40+ (No rower under 30),California Yacht Club,20:12.26,1212.26,False
1999,women,Senior-Master Doubles Age average of 40+ (No rower under 30),Portland RC,20:17.15,1217.15,False
2000,women,Senior-Master Doubles Age average of 40+ (No rower under 30),"Kronick, Hamann",19:09.36,1149.36,True
2001,women,Senior-Master Doubles Age average of 40+ (No rower under 30),"Thorsness, Birch",19:20.00,1160.0,False
2002,women,Senior-Master Doubles Age average of 40+ (No rower under 30),"Santry, DeAngelis",19:24.496,1164.496,False
2003,women,Senior-Master Doubles Age average of 40+ (No rower under 30),"K Thorsness, D Birch",19:31.373,1171.373,False
2005,women,Senior-Master Doubles Age average of 40+ (No rower under 30),"M.Bray, G.DeAngeles",21:40.258,1300.258,False
2006,women,Senior-Master Doubles Age average of 40+ (No rower under 30),"P. Raila, S. Padilla",21:20.047,1280.047,False
2007,women,Senior-Master Doubles Age average of 40+ (No rower under 30),"T. Zarzeczny-Bell, S. Remmler",19:00.316,1140.316,True
2008,women,Senior-Master Doubles Age average of 40+ (No rower under 30),"T. Zarzeczny-Bell, S. Remmler",18:49.700,1129.7,True
2009,women,Senior-Master Doubles Age average of 40+ (No rower under 30),"T. Zarzeczny-Bell, S. Remmler",19:20.217,1160.217,False
2010,women,Senior-Master Doubles Age average of 40+ (No rower under 30),"T. Zarzeczny-Bell, S. Remmler",20:09.439,1209.439,False
2011,women,Senior-Master Doubles Age average of 40+ (No rower under 30),"T. Zarzeczny-Bell, S. Remmler",20:10.841,1210.841,False
2012,women,Senior-Master Doubles Age average of 40+ (No rower under 30),"C. Matthes, M. Mazzio",20:07.2,1207.2,False
2013,women,Senior-Master Doubles Age average of 40+ (No rower under 30),"L. Schlender, K. Salchow MacArthur",20:43.413,1243.413,False
2014,women,Senior-Master Doubles Age average of 40+ (No rower under 30),"R. Perry, K. Amdur",21:04.131,1264.131,False
2015,women,Senior-Master Doubles Age average of 40+ (No rower under 30),"K. Salchow MacArthur, H. Gehman",19:50.452,1190.452,False
2016,women,Senior-Master Doubles Age average of 40+ (No rower under 30),"A. Lanfer, S. White",19:52.402,1192.402,False
2017,women,Senior-Master Doubles Age average of 40+ (No rower under 30),K. Salchow MacArthur/H. Gehman,19:04.317,1144.317,False
2018,women,Senior-Master Doubles Age average of 40+ (No rower under 30),"T. Vandersteel, A. Belakovskiy",19:39.767,1179.767,False
2019,women,Senior-Master Doubles Age average of 40+ (No rower under 30),"E. Saint Clair, L. Meyer",19:46.738,1186.738,False
2021,women,Senior-Master Doubles Age average of 40+ (No rower under 30),"M. Pearlstein, M. Gradek",19:38.700,1178.7,False
2022,women,Senior-Master Doubles Age average of 40+ (No rower under 30),"M. Pearlstein, M. Gradek",18:53.608,1133.608,False
2023,women,Senior-Master Doubles Age average of 40+ (No rower under 30),"T. Vandersteel, A. Sneff-Belakovskiy",19:12.934,1152.934,False
2024,women,Senior-Master Doubles Age average of 40+ (No rower under 30),"T. Vandersteel, A. Sneff-Belakovskiy",19:30.893,1170.893,False
2025,women,Senior-Master Doubles Age average of 40+ (No rower under 30),"J. Heidmous, E. Crowley",19:50.546,1190.546,False
1995,women,Senior-Master Eights Age average of 40+ (no rower under 30),Potomac BC,18:54.35,1134.35,True
1997,women,Senior-Master Eights Age average of 40+ (no rower under 30),Portland BC,19:29.8,1169.8,False
1998,women,Senior-Master Eights Age average of 40+ (no rower under 30),Lake Washington RC,20:07.20,1207.2,False
1999,women,Senior-Master Eights Age average of 40+ (no rower under 30),Lake Washington RC,20:15.22,1215.22,False
2000,women,Senior-Master Eights Age average of 40+ (no rower under 30),Saugatuck RC,20:40.92,1240.92,False
2001,women,Senior-Master Eights Age average of 40+ (no rower under 30),Alabama Crew,19:32.829,1172.829,False
2002,women,Senior-Master Eights Age average of 40+ (no rower under 30),Dresdner Ruderverein,20:16.996,1216.996,False
2003,women,Senior-Master Eights Age average of 40+ (no rower under 30),Dresdner Ruderverein,19:22.893,1162.893,False
2005,women,Senior-Master Eights Age average of 40+ (no rower under 30),Fairmount Rowing Assn.,21:57.335,1317.335,False
2006,women,Senior-Master Eights Age average of 40+ (no rower under 30),1992 Olympic RC,20:54.457,1254.457,False
2007,women,Senior-Master Eights Age average of 40+ (no rower under 30),Minnesota Boat Club,19:02.274,1142.274,False
2008,women,Senior-Master Eights Age average of 40+ (no rower under 30),Minnesota Boat Club,18:42.80,1122.8,True
2009,women,Senior-Master Eights Age average of 40+ (no rower under 30),Minnesota Boat Club,19:03.122,1143.122,False
2010,women,Senior-Master Eights Age average of 40+ (no rower under 30),Minnesota Boat Club,19:55.121,1195.121,False
2011,women,Senior-Master Eights Age average of 40+ (no rower under 30),Potomac Boat Club,19:51.271,1191.271,False
2012,women,Senior-Master Eights Age average of 40+ (no rower under 30),Saugatuck Rowing Club,19:15.45,1155.45,False
2013,women,Senior-Master Eights Age average of 40+ (no rower under 30),Saugatuck Rowing Club,18:20.360,1100.36,True
2014,women,Senior-Master Eights Age average of 40+ (no rower under 30),Minneapolis Rowing Club,18:54.6,1134.6,False
2015,women,Senior-Master Eights Age average of 40+ (no rower under 30),Minneapolis Rowing Club,19:50.543,1190.543,False
2016,women,Senior-Master Eights Age average of 40+ (no rower under 30),Alexandria Community Rowing,19:40.423,1180.423,False
2017,women,Senior-Master Eights Age average of 40+ (no rower under 30),Marlow,18:53.464,1133.464,False
2018,women,Senior-Master Eights Age average of 40+ (no rower under 30),Chinook,17:59.249,1079.249,True
2019,women,Senior-Master Eights Age average of 40+ (no rower under 30),Chinook,17:33.214,1053.214,True
2021,women,Senior-Master Eights Age average of 40+ (no rower under 30),Pocock,17:52.285,1072.285,False
2022,women,Senior-Master Eights Age average of 40+ (no rower under 30),Capital,17:08.954,1028.954,True
2023,women,Senior-Master Eights Age average of 40+ (no rower under 30),Capital,16:59.848,1019.848,True
2024,women,Senior-Master Eights Age average of 40+ (no rower under 30),Texas Rowing Center,17:07.950,1027.95,False
2025,women,Senior-Master Eights Age average of 40+ (no rower under 30),Texas Rowing Center,17:24.967,1044.967,False
1995,women,Senior-Master Fours Age average of 40+ (no rower under 30),Portland BC,18:54.35,1134.35,True
1997,women,Senior-Master Fours Age average of 40+ (no rower under 30),Portland BC,19:29.8,1169.8,False
1998,women,Senior-Master Fours Age average of 40+ (no rower under 30),Lake Washington RC,20:07.20,1207.2,False
1999,women,Senior-Master Fours Age average of 40+ (no rower under 30),Lake Washington RC,20:15.22,1215.22,False
2000,women,Senior-Master Fours Age average of 40+ (no rower under 30),Saugatuck RC,20:40.92,1240.92,False
2001,women,Senior-Master Fours Age average of 40+ (no rower under 30),Alabama Crew,19:32.829,1172.829,False
2002,women,Senior-Master Fours Age average of 40+ (no rower under 30),Dresdner Ruderverein,20:16.996,1216.996,False
2003,women,Senior-Master Fours Age average of 40+ (no rower under 30),Dresdner Ruderverein,19:22.893,1162.893,False
2005,women,Senior-Master Fours Age average of 40+ (no rower under 30),Fairmount Rowing Assn.,21:57.335,1317.335,False
2006,women,Senior-Master Fours Age average of 40+ (no rower under 30),1992 Olympic RC,20:54.457,1254.457,False
2007,women,Senior-Master Fours Age average of 40+ (no rower under 30),Minnesota Boat Club,19:02.274,1142.274,False
2008,women,Senior-Master Fours Age average of 40+ (no rower under 30),Minnesota Boat Club,18:42.80,1122.8,True
2009,women,Senior-Master Fours Age average of 40+ (no rower under 30),Minnesota Boat Club,19:03.122,1143.122,False
2010,women,Senior-Master Fours Age average of 40+ (no rower under 30),Minnesota Boat Club,19:55.121,1195.121,False
2011,women,Senior-Master Fours Age average of 40+ (no rower under 30),Potomac Boat Club,19:51.271,1191.271,False
2012,women,Senior-Master Fours Age average of 40+ (no rower under 30),Saugatuck Rowing Club,19:15.45,1155.45,False
2013,women,Senior-Master Fours Age average of 40+ (no rower under 30),Saugatuck Rowing Club,18:20.360,1100.36,True
2014,women,Senior-Master Fours Age average of 40+ (no rower under 30),Minneapolis Rowing Club,18:54.6,1134.6,False
2015,women,Senior-Master Fours Age average of 40+ (no rower under 30),Minneapolis Rowing Club,19:50.543,1190.543,False
2016,women,Senior-Master Fours Age average of 40+ (no rower under 30),Alexandria Community Rowing,19:40.423,1180.423,False
2017,women,Senior-Master Fours Age average of 40+ (no rower under 30),Marlow,18:53.464,1133.464,False
2018,women,Senior-Master Fours Age average of 40+ (no rower under 30),Marlow,19:24.719,1164.719,False
2019,women,Senior-Master Fours Age average of 40+ (no rower under 30),Marlow,18:58.756,1138.756,False
2021,women,Senior-Master Fours Age average of 40+ (no rower under 30),River City,19:41.692,1181.692,False
2022,women,Senior-Master Fours Age average of 40+ (no rower under 30),Greenwich Crew,19:04.533,1144.533,False
2023,women,Senior-Master Fours Age average of 40+ (no rower under 30),Boulder,19:21.496,1161.496,False
2024,women,Senior-Master Fours Age average of 40+ (no rower under 30),Pocock Rowing Club,18:57.475,1137.475,False
2025,women,Senior-Master Fours Age average of 40+ (no rower under 30),Island Racing Team,18:56.639,1136.639,False
1986,women,Senior-Master Singles 40+ Years Old,M. Meyer,23:05.0,1385.0,True
1987,women,Senior-Master Singles 40+ Years Old,M. Meyer,22:29.1,1349.1,True
1988,women,Senior-Master Singles 40+ Years Old,M. Meyer,23:21.0,1401.0,False
1989,women,Senior-Master Singles 40+ Years Old,D. Post,25:13.3,1513.3,False
1990,women,Senior-Master Singles 40+ Years Old,M. McCormick,22:05.1,1325.1,True
1991,women,Senior-Master Singles 40+ Years Old,E. Razee,22:47.9,1367.9,False
1992,women,Senior-Master Singles 40+ Years Old,E. Razee,21:25.9,1285.9,True
1993,women,Senior-Master Singles 40+ Years Old,I. Blachev,23:31.0,1411.0,False
1994,women,Senior-Master Singles 40+ Years Old,L. Stone,21:57.1,1317.1,False
1995,women,Senior-Master Singles 40+ Years Old,L. Stone,22:12.8,1332.8,False
1997,women,Senior-Master Singles 40+ Years Old,J. Geer,20:37.9,1237.9,True
1998,women,Senior-Master Singles 40+ Years Old,L. Stone,21:46.29,1306.29,False
1999,women,Senior-Master Singles 40+ Years Old,J. Geer,21:09.22,1269.22,False
2000,women,Senior-Master Singles 40+ Years Old,J. Geer,21:55.55,1315.55,False
2001,women,Senior-Master Singles 40+ Years Old,J. Geer,20:33.599,1233.599,True
2002,women,Senior-Master Singles 40+ Years Old,J. Geer,22:18.541,1338.541,False
2003,women,Senior-Master Singles 40+ Years Old,M. Jekabsons,20:18.049,1218.049,True
2005,women,Senior-Master Singles 40+ Years Old,Ellen Kennelly,23:07.264,1387.264,False
2006,women,Senior-Master Singles 40+ Years Old,Ellen Kennelly,22:32.186,1352.186,False
2007,women,Senior-Master Singles 40+ Years Old,Ellen Kennelly,20:18.334,1218.334,False
2008,women,Senior-Master Singles 40+ Years Old,Ellen Kennelly,21:17.000,1277.0,False
2009,women,Senior-Master Singles 40+ Years Old,Susan Brown,20:59.157,1259.157,False
2010,women,Senior-Master Singles 40+ Years Old,Tina Vandersteel,22:04.883,1324.883,False
2011,women,Senior-Master Singles 40+ Years Old,Lisa Schlenker,20:42.279,1242.279,False
2012,women,Senior-Master Singles 40+ Years Old,Tina Vandersteel,20:36.04,1236.04,False
2013,women,Senior-Master Singles 40+ Years Old,Tina Vandersteel,20:39.047,1239.047,False
2014,women,Senior-Master Singles 40+ Years Old,Lisa Weise,20:56.495,1256.495,False
2015,women,Senior-Master Singles 40+ Years Old,Jennifer Bullock,22:39.786,1359.786,False
2016,women,Senior-Master Singles 40+ Years Old,Michelle Prince,21:14.731,1274.731,False
2017,women,Senior-Master Singles 40+ Years Old,Michelle Prince,20:26.310,1226.31,False
2018,women,Senior-Master Singles 40+ Years Old,Shannon Kaplan,21:16.963,1276.963,False
2019,women,Senior-Master Singles 40+ Years Old,Shannon Kaplan,20:35.185,1235.185,False
2021,women,Senior-Master Singles 40+ Years Old,Shannon Kaplan,20:46.604,1246.604,False
2022,women,Senior-Master Singles 40+ Years Old,Shannon Kaplan,19:42.638,1182.638,True
2023,women,Senior-Master Singles 40+ Years Old,Shannon Kaplan,19:48.216,1188.216,False
2024,women,Senior-Master Singles 40+ Years Old,Shannon Kaplan,20:14.645,1214.645,False
2025,women,Senior-Master Singles 40+ Years Old,Shannon Kaplan,20:26.136,1226.136,False
2013,women,Senior-Veteran Doubles Age average of 70+,"L. Smythe, P. Hoffnung",25:43.273,1543.273,False
2014,women,Senior-Veteran Doubles Age average of 70+,"N. Crome, C. Miller",27:05.725,1625.725,False
2015,women,Senior-Veteran Doubles Age average of 70+,"A. Faber, P. Hoffnung",28:54.987,1734.987,False
2016,women,Senior-Veteran Doubles Age average of 70+,"S. Sargent, B. Hogan",25:29.789,1529.789,False
2017,women,Senior-Veteran Doubles Age average of 70+,"S. Sargent, B. Hogan",23:37.348,1417.348,False
2018,women,Senior-Veteran Doubles Age average of 70+,"S. Sargent, B. Hogan",24:25.231,1465.231,False
2019,women,Senior-Veteran Doubles Age average of 70+,"L. Freed, L. Merk-Gould",24:38.367,1478.367,False
2021,women,Senior-Veteran Doubles Age average of 70+,"L. Freed, L. Merk-Gould",25:27.160,1527.16,False
2022,women,Senior-Veteran Doubles Age average of 70+,"A. Cann, C. Widgery",22:22.855,1342.855,False
2023,women,Senior-Veteran Doubles Age average of 70+,"M. Dowd, M. Flaherty-Ludwig",26:35.299,1595.299,False
2024,women,Senior-Veteran Doubles Age average of 70+,"D. Atwood, C. Fisher",22:03.956,1323.956,False
2025,women,Senior-Veteran Doubles Age average of 70+,"C. Voorhees, L. Hall",25:06.060,1506.06,False
2015,women,Senior-Veteran Eights Age average of 70+ (no rower under 30),Marin,24:50.816,1490.816,True
2016,women,Senior-Veteran Eights Age average of 70+ (no rower under 30),Marin,22:26.582,1346.582,True
2017,women,Senior-Veteran Eights Age average of 70+ (no rower under 30),Masters Coaching,20:17.933,1217.933,True
2018,women,Senior-Veteran Eights Age average of 70+ (no rower under 30),Masters Coaching,21:44.413,1304.413,False
2019,women,Senior-Veteran Eights Age average of 70+ (no rower under 30),Masters Coaching,20:59.160,1259.16,False
2021,women,Senior-Veteran Eights Age average of 70+ (no rower under 30),Masters Coaching,21:34.891,1294.891,False
2022,women,Senior-Veteran Eights Age average of 70+ (no rower under 30),Saugatuck,21:10.596,1270.596,False
2023,women,Senior-Veteran Eights Age average of 70+ (no rower under 30),1980,19:59.213,1199.213,False
2024,women,Senior-Veteran Eights Age average of 70+ (no rower under 30),1980,20:22.288,1222.288,False
2025,women,Senior-Veteran Eights Age average of 70+ (no rower under 30),1980,20:32.447,1232.447,False
2014,women,Senior-Veteran Fours Age average of 70+ (no rower under 30),Avalon,25:30.071,1530.071,True
2017,women,Senior-Veteran Fours Age average of 70+ (no rower under 30),Avalon,25:06.694,1506.694,True
2018,women,Senior-Veteran Fours Age average of 70+ (no rower under 30),Chinook,24:06.791,1446.791,True
2019,women,Senior-Veteran Fours Age average of 70+ (no rower under 30),Chinook,24:08.312,1448.312,False
2021,women,Senior-Veteran Fours Age average of 70+ (no rower under 30),Chinook,24:27.286,1467.286,False
2022,women,Senior-Veteran Fours Age average of 70+ (no rower under 30),Watercat,21:39.369,1299.369,False
2023,women,Senior-Veteran Fours Age average of 70+ (no rower under 30),Lake Washington,21:39.970,1299.97,False
2024,women,Senior-Veteran Fours Age average of 70+ (no rower under 30),Lake Washington,21:51.017,1311.017,False
1997,women,Senior-Veteran Singles 70+ years old,M. Stone (70),26:49.7,1609.7,True
1998,women,Senior-Veteran Singles 70+ years old,M. Stone (71),27:09.0,1629.0,False
1999,women,Senior-Veteran Singles 70+ years old,M. Burgard (71),28:13.46,1693.46,False
2000,women,Senior-Veteran Singles 70+ years old,M. Burgard (72),27:38.55,1658.55,False
2001,women,Senior-Veteran Singles 70+ years old,M. Burgard (73),27:20.269,1640.269,False
2002,women,Senior-Veteran Singles 70+ years old,Eve Green (70),26:22.695,1582.695,False
2003,women,Senior-Veteran Singles 70+ years old,Eve Green (71),26:28.661,1588.661,False
2005,women,Senior-Veteran Singles 70+ years old,Eve Green (73),27:32.786,1652.786,False
2006,women,Senior-Veteran Singles 70+ years old,Laurette Rindlaub (72),26:17.258,1577.258,False
2007,women,Senior-Veteran Singles 70+ years old,Laurette Rindlaud (73),25:34.733,1534.733,False
2008,women,Senior-Veteran Singles 70+ years old,Eve Green (76),26:09.900,1569.9,False
2009,women,Senior-Veteran Singles 70+ years old,Eve Green (77),27:56.671,1676.671,False
2010,women,Senior-Veteran Singles 70+ years old,Jan Stone (70),24:45.23,1485.23,True
2011,women,Senior-Veteran Singles 70+ years old,Jan Stone (71),24:54.276,1494.276,False
2012,women,Senior-Veteran Singles 70+ years old,Brooke Stevens (SV I),25:14.35,1514.35,True
2013,women,Senior-Veteran Singles 70+ years old,Brooke Stevens (SV I),24:19.71,1459.71,False
2014,women,Senior-Veteran Singles 70+ years old,Harriet Cuyler (SV I),24:36.722,1476.722,False
2015,women,Senior-Veteran Singles 70+ years old,Catherine Kemper (SV I),24:55.374,1495.374,False
2016,women,Senior-Veteran Singles 70+ years old,Lia Brouwer-Vogel (SV I),24:11.890,1451.89,True
2017,women,Senior-Veteran Singles 70+ years old,Catherine Kemper (SVI),23:53.398,1433.398,False
2018,women,Senior-Veteran Singles 70+ years old,Susan Kinne (SV I),24:16.257,1456.257,False
2019,women,Senior-Veteran Singles 70+ years old,Lia Broiwer-Vogel (SVII),25:26.780,1526.78,False
2021,women,Senior-Veteran Singles 70+ years old,Liz Turner (SVI),24:47.521,1487.521,False
2022,women,Senior-Veteran Singles 70+ years old,Patrice Glover (SVI),24:27.728,1467.728,False
2023,women,Senior-Veteran Singles 70+ years old,Catherine Widgery (SVI),23:34.029,1414.029,False
2024,women,Senior-Veteran Singles 70+ years old,Cinda Graubard (SVI),23:50.181,1430.181,False
2025,women,Senior-Veteran Singles 70+ years old,Paula Meyer (SVI),24:21.978,1461.978,False
2021,women,"Under 17 Fours *In 2021, U17 Fours were a Special Medal of Youth Fours",Saugatuck (U17),19:27.465,1167.465,True
2022,women,"Under 17 Fours *In 2021, U17 Fours were a Special Medal of Youth Fours",Whitemarsh Boat Club,19:14.661,1154.661,True
2023,women,"Under 17 Fours *In 2021, U17 Fours were a Special Medal of Youth Fours",Saugatuck,19:44.126,1184.126,False
2024,women,"Under 17 Fours *In 2021, U17 Fours were a Special Medal of Youth Fours",Nereid,19:14.292,1154.292,True
2025,women,"Under 17 Fours *In 2021, U17 Fours were a Special Medal of Youth Fours",TriStar,18:36.236,1116.236,True
2014,women,Veteran Doubles Age average of 60+ (no rower under 30),"N. Storrs, L. Dundas",22:06.025,1326.025,True
2015,women,Veteran Doubles Age average of 60+ (no rower under 30),"N. Andreadis, B. Mooney",23:28.614,1408.614,False
2016,women,Veteran Doubles Age average of 60+ (no rower under 30),"K. Lund, J. Cooper",22:16.897,1336.897,False
2017,women,Veteran Doubles Age average of 60+ (no rower under 30),"A. Cann, C. Coffman",21:07.990,1267.99,True
2018,women,Veteran Doubles Age average of 60+ (no rower under 30),"L. Krichko, L. Devitt",20:52.615,1252.615,True
2019,women,Veteran Doubles Age average of 60+ (no rower under 30),"I. Stekl, F. Tuite",21:29.067,1289.067,False
2021,women,Veteran Doubles Age average of 60+ (no rower under 30),"I. Stekl, F. Tuite",21:06.186,1266.186,False
2022,women,Veteran Doubles Age average of 60+ (no rower under 30),"I. Stekl, F. Tuite",20:53.567,1253.567,False
2023,women,Veteran Doubles Age average of 60+ (no rower under 30),"N. Wilke, T. Black",19:49.192,1189.192,True
2024,women,Veteran Doubles Age average of 60+ (no rower under 30),"L. Burns, L. Muri",20:03.121,1203.121,False
2025,women,Veteran Doubles Age average of 60+ (no rower under 30),"P. Smith, E. Pratt",20:45.825,1245.825,False
2014,women,Veteran Eights Age average of 60+ (no rower under 30),Portland BC,18:56.863,1136.863,False
2015,women,Veteran Eights Age average of 60+ (no rower under 30),1980,20:06.955,1206.955,False
2016,women,Veteran Eights Age average of 60+ (no rower under 30),Etats Unis,18:37.619,1117.619,False
2017,women,Veteran Eights Age average of 60+ (no rower under 30),Etats Unis,18:44.592,1124.592,False
2018,women,Veteran Eights Age average of 60+ (no rower under 30),Long Beach,18:47.453,1127.453,False
2019,women,Veteran Eights Age average of 60+ (no rower under 30),Long Beach,19:07.446,1147.446,False
2021,women,Veteran Eights Age average of 60+ (no rower under 30),Lucky Charms,18:39.948,1119.948,False
2022,women,Veteran Eights Age average of 60+ (no rower under 30),Lucky Charms,18:20.350,1100.35,False
2023,women,Veteran Eights Age average of 60+ (no rower under 30),Endeavor Racing Alliance,17:55.845,1075.845,False
2024,women,Veteran Eights Age average of 60+ (no rower under 30),Marin,18:06.755,1086.755,False
2025,women,Veteran Eights Age average of 60+ (no rower under 30),Lucky Charms,18:15.865,1095.865,False
2014,women,Veteran Fours Age average of 60+ (no rower under 30),San Diego RC,21:03.287,1263.287,False
2015,women,Veteran Fours Age average of 60+ (no rower under 30),Oregon Unlimited,22:08.695,1328.695,False
2016,women,Veteran Fours Age average of 60+ (no rower under 30),Early Lights,20:32.898,1232.898,False
2017,women,Veteran Fours Age average of 60+ (no rower under 30),Chinook,20:08.485,1208.485,False
2018,women,Veteran Fours Age average of 60+ (no rower under 30),Narragansett,21:35.763,1295.763,False
2019,women,Veteran Fours Age average of 60+ (no rower under 30),Narragansett,20:40.474,1240.474,False
2021,women,Veteran Fours Age average of 60+ (no rower under 30),Narragansett,20:26.517,1226.517,False
2022,women,Veteran Fours Age average of 60+ (no rower under 30),Saugatuck,20:32.338,1232.338,False
2023,women,Veteran Fours Age average of 60+ (no rower under 30),East Arm,20:07.511,1207.511,False
2024,women,Veteran Fours Age average of 60+ (no rower under 30),East Arm,20:03.913,1203.913,True
2025,women,Veteran Fours Age average of 60+ (no rower under 30),Quinsigamond RC,20:10.921,1210.921,False
1982,women,Veteran Singles 60+ years old,G. Zint (65),28:23.5,1703.5,True
1986,women,Veteran Singles 60+ years old,G. Zint (69),26:46.2,1606.2,True
1987,women,Veteran Singles 60+ years old,G. Zint (70),26:15.9,1575.9,True
1988,women,Veteran Singles 60+ years old,K. Loewy (63),29:05.0,1745.0,False
1989,women,Veteran Singles 60+ years old,K. Loewy (64),29:01.1,1741.1,False
1990,women,Veteran Singles 60+ years old,G. Zint (73),25:59.4,1559.4,True
1991,women,Veteran Singles 60+ years old,K. Loewy (66),29:14.7,1754.7,False
1992,women,Veteran Singles 60+ years old,E. Bayer (83),29:35.0,1775.0,False
1993,women,Veteran Singles 60+ years old,K. Loewy (68),29:12.3,1752.3,False
1994,women,Veteran Singles 60+ years old,L. Rindlaub (60),28:01.0,1681.0,False
1995,women,Veteran Singles 60+ years old,L. Hussman (62),26:02.7,1562.7,False
1997,women,Veteran Singles 60+ years old,L. Hussman (64),23:54.5,1434.5,True
1998,women,Veteran Singles 60+ years old,L. Hussman (65),25:56.27,1556.27,False
1999,women,Veteran Singles 60+ years old,B. Johnson (67),26:18.31,1578.31,False
2000,women,Veteran Singles 60+ years old,B. Green (61),25:30.64,1530.64,False
2001,women,Veteran Singles 60+ years old,B. Green (62),24:01.599,1441.599,False
2002,women,Veteran Singles 60+ years old,Brooke Stevens (61),24:15.937,1455.937,False
2003,women,Veteran Singles 60+ years old,Brooke Stevens (62),23:43.282,1423.282,True
2005,women,Veteran Singles 60+ years old,Catherine Kemper (60),24:54.265,1494.265,False
2006,women,Veteran Singles 60+ years old,Catherine Kemper (61),23:27.607,1407.607,True
2007,women,Veteran Singles 60+ years old,Brooke Stevens (66),23:25.662,1405.662,True
2008,women,Veteran Singles 60+ years old,Brooke Stevens (67),23:29.600,1409.6,False
2009,women,Veteran Singles 60+ years old,Susan Kinne (61),22:51.816,1371.816,True
2010,women,Veteran Singles 60+ years old,Catherine Kember (65),22:20.427,1340.427,True
2011,women,Veteran Singles 60+ years old,Marie Hagelstein(60),22:47.309,1367.309,False
2012,women,Veteran Singles 60+ years old,Susan Kinne (V I),23:04.66,1384.66,False
2013,women,Veteran Singles 60+ years old,Catherine Widgery (V I),22:59.27,1379.27,False
2014,women,Veteran Singles 60+ years old,Joelle Thuez (V I),21:58.302,1318.302,False
2015,women,Veteran Singles 60+ years old,Laura Stirton Aust (V 1),23:43.427,1423.427,False
2016,women,Veteran Singles 60+ years old,Diane Davis (V I),22:09.123,1329.123,True
2017,women,Veteran Singles 60+ years old,Margarita Zezza (VI),20:53.913,1253.913,True
2018,women,Veteran Singles 60+ years old,Margarita Zezza (V I),21:55.179,1315.179,False
2019,women,Veteran Singles 60+ years old,Margarita Zezza (VI),21:50.179,1310.179,False
2021,women,Veteran Singles 60+ years old,Leslie Krichko (VI),22:12.531,1332.531,False
2022,women,Veteran Singles 60+ years old,Ellen Saint Clair (VI),22:12.311,1332.311,False
2023,women,Veteran Singles 60+ years old,Leslie Krichko (VI),21:43.661,1303.661,False
2024,women,Veteran Singles 60+ years old,Alden Blumstead (VI),22:03.867,1323.867,False
2025,women,Veteran Singles 60+ years old,Maureen Harriman (VI),23:00.108,1380.108,False
2016,women,Youth Coxed Quads,Don Rowing Club,19:47.553,1187.553,False
2017,women,Youth Coxed Quads,Don Rowing Club,18:35.431,1115.431,True
2018,women,Youth Coxed Quads,Don Rowing Club,19:05.464,1145.464,False
2019,women,Youth Coxed Quads,Danske Studenters Roklub,18:09.808,1089.808,True
2021,women,Youth Coxed Quads,Redwood Scullers,18:25.713,1105.713,False
2022,women,Youth Coxed Quads,Nereid,18:32.826,1112.826,False
2023,women,Youth Coxed Quads,Notre Dame RC,18:55.099,1135.099,False
2024,women,Youth Coxed Quads,Los Gatos,18:13.043,1093.043,False
2025,women,Youth Coxed Quads,Marlow,17:32.976,1052.976,False
2005,women,"Youth Doubles † n 2005, the Youth doubles event raced in separate classes for college and high school rowers",Fairmount Rowing Assn.,22:00.221,1320.221,True
2006,women,"Youth Doubles † n 2005, the Youth doubles event raced in separate classes for college and high school rowers","M. Duggan, S. Bates",19:07.912,1147.912,False
2007,women,"Youth Doubles † n 2005, the Youth doubles event raced in separate classes for college and high school rowers","J. Imfeld, L. Schlappi",19:53.470,1193.47,False
2008,women,"Youth Doubles † n 2005, the Youth doubles event raced in separate classes for college and high school rowers","V. Greco, K. O’Brien",20:02.600,1202.6,False
2009,women,"Youth Doubles † n 2005, the Youth doubles event raced in separate classes for college and high school rowers","A. Chrumka, A. Declercq",20:11.624,1211.624,False
2010,women,"Youth Doubles † n 2005, the Youth doubles event raced in separate classes for college and high school rowers","E. Sharis, B. Baustian",18:59.400,1139.4,True
2011,women,"Youth Doubles † n 2005, the Youth doubles event raced in separate classes for college and high school rowers","A. Seydoux, E. Reelick",19:16.213,1156.213,False
2012,women,"Youth Doubles † n 2005, the Youth doubles event raced in separate classes for college and high school rowers","E. Sharis, C. Madden",19:27.97,1167.97,False
2013,women,"Youth Doubles † n 2005, the Youth doubles event raced in separate classes for college and high school rowers","E. Sharis, C. Madden",19:47.177,1187.177,False
2014,women,"Youth Doubles † n 2005, the Youth doubles event raced in separate classes for college and high school rowers","A. Schanze, A. Schanze",19:32.099,1172.099,False
2015,women,"Youth Doubles † n 2005, the Youth doubles event raced in separate classes for college and high school rowers","E. Delleman, C. Sharis",19:36.458,1176.458,False
2016,women,"Youth Doubles † n 2005, the Youth doubles event raced in separate classes for college and high school rowers","C. Sharis, A. Phillips",20:22.746,1222.746,False
2017,women,"Youth Doubles † n 2005, the Youth doubles event raced in separate classes for college and high school rowers",D. Evans/C. Sharis,17:47.577,1067.577,True
2018,women,"Youth Doubles † n 2005, the Youth doubles event raced in separate classes for college and high school rowers","T. English, D. Evans",20:47.990,1247.99,False
2019,women,"Youth Doubles † n 2005, the Youth doubles event raced in separate classes for college and high school rowers",Y Quad Cities,18:31.707,1111.707,False
2021,women,"Youth Doubles † n 2005, the Youth doubles event raced in separate classes for college and high school rowers","Z. Meurer, J. Mantione",20:02.955,1202.955,False
2022,women,"Youth Doubles † n 2005, the Youth doubles event raced in separate classes for college and high school rowers","P. Balazy, A. Packard",18:57.207,1137.207,False
2023,women,"Youth Doubles † n 2005, the Youth doubles event raced in separate classes for college and high school rowers","M. Jankowski, E. Najjar",20:15.876,1215.876,False
2024,women,"Youth Doubles † n 2005, the Youth doubles event raced in separate classes for college and high school rowers",Waterford,19:30.540,1170.54,False
2025,women,"Youth Doubles † n 2005, the Youth doubles event raced in separate classes for college and high school rowers",Tideway Scullers,18:52.025,1132.025,False
1973,women,Youth Eights,Middletown HS,19:51.0,1191.0,True
1974,women,Youth Eights,Phillips Acad.,20:53.1,1253.1,False
1975,women,Youth Eights,Nthfld-Mt. Hermon,19:38.3,1178.3,True
1976,women,Youth Eights,Phillips Exeter,19:23.2,1163.2,True
1977,women,Youth Eights,Simsbury HS,19:53.1,1193.1,False
1978,women,Youth Eights,Ithaca Coll.,20:38.2,1238.2,False
1979,women,Youth Eights,Kent School,20:45.4,1245.4,False
1980,women,Youth Eights,Simsbury HS,19:53.1,1193.1,False
1981,women,Youth Eights,Univ. Of Penn,18:28.3,1108.3,True
1982,women,Youth Eights,Boston RC,18:09.6,1089.6,True
1983,women,Youth Eights,Univ. Of Penn,18:10.6,1090.6,False
1984,women,Youth Eights,St. Catharines RC,17:32.5,1052.5,True
1985,women,Youth Eights,Simsbury HS,19:10.2,1150.2,False
1986,women,Youth Eights,Yale Univ.,17:32.4,1052.4,True
1987,women,Youth Eights,Yale Univ.,17:36.7,1056.7,False
1988,women,Youth Eights,Cornell Univ.,18:44.3,1124.3,False
1989,women,Youth Eights,Radcliffe Coll.,19:39.8,1179.8,False
1990,women,Youth Eights,Boston Univ.,17:33.9,1053.9,False
1991,women,Youth Eights,St. Catharines RC,17:57.0,1077.0,False
1992,women,Youth Eights,Cornell Univ.,17:10.4,1030.4,True
1993,women,Youth Eights,Radcliffe Coll.,17:51.9,1071.9,False
1994,women,Youth Eights,St. Catharines RC,17:27.4,1047.4,False
1995,women,Youth Eights,St. Catharines RC,17:37.4,1057.4,False
1997,women,Youth Eights,St. Catharines RC,17:02.2,1022.2,True
1998,women,Youth Eights,St. Catharines RC,17:36.48,1056.48,False
1999,women,Youth Eights,Radcliffe Crew,17:51.10,1071.1,False
2000,women,Youth Eights,South Niagara RC,17:33.83,1053.83,False
2001,women,Youth Eights,Community Rowing,17:19.960,1039.96,False
2002,women,Youth Eights,Brown Univ.,17:59.914,1079.914,False
2003,women,Youth Eights,Univ. of Virginia,17:06.988,1026.988,False
2005,women,Youth Eights,Yale Univ.,19:14.404,1154.404,False
2006,women,Youth Eights,"Community Rowing, Inc.",17:40.889,1060.889,False
2007,women,Youth Eights,"Community Rowing, Inc.",17:17.876,1037.876,False
2008,women,Youth Eights,"Community Rowing, Inc.",17:23.100,1043.1,False
2009,women,Youth Eights,Maritime Rowing Club,17:25.673,1045.673,False
2010,women,Youth Eights,"Community Rowing, Inc.",16:49.056,1009.056,True
2011,women,Youth Eights,"Oakland Strokes, Inc.",17:12.582,1032.582,False
2012,women,Youth Eights,Saratoga Springs HS/Saratoga RA,17:45.96,1065.96,False
2013,women,Youth Eights,"Oakland Strokes, Inc.",17:23.229,1043.229,False
2014,women,Youth Eights,Saugatuck Rowing Club,17:11.557,1031.557,False
2015,women,Youth Eights,Saugatuck Rowing Club,16:46.941,1006.941,True
2016,women,Youth Eights,Saugatuck Rowing Club,17:22.429,1042.429,False
2017,women,Youth Eights,Saugatuck Rowing Club,16:24.895,984.895,True
2018,women,Youth Eights,Saugatuck,17:34.690,1054.69,False
2019,women,Youth Eights,Row America Rye,16:34.588,994.588,False
2021,women,Youth Eights,Greenwich Crew,16:56.465,1016.465,False
2022,women,Youth Eights,RowAmerica Rye,16:21.080,981.08,True
2023,women,Youth Eights,RowAmerica Rye,17:14.011,1034.011,False
2024,women,Youth Eights,RowAmerica Rye,16:09.072,969.072,True
2025,women,Youth Eights,RowAmerica Rye,15:53.151,953.151,True
1975,women,Youth Fours,Northfield-Mt. Hermon,23:09.6,1389.6,True
1976,women,Youth Fours,Phillips Acad.,21:11.5,1271.5,True
1977,women,Youth Fours,Phillips Acad.,22:07.3,1327.3,False
1978,women,Youth Fours,West Park Ss,21:23.4,1283.4,False
1979,women,Youth Fours,Winsor School.,22:18.9,1338.9,False
1980,women,Youth Fours,Yale Univ.,20:56.8,1256.8,True
1981,women,Youth Fours,Florida Inst. Tech.,19:39.6,1179.6,True
1982,women,Youth Fours,Durham BC,19:37.8,1177.8,True
1983,women,Youth Fours,Durham BC,19:43.6,1183.6,False
1984,women,Youth Fours,Mendota RC,19:32.6,1172.6,True
1985,women,Youth Fours,Boston Univ.,21:27.6,1287.6,False
1986,women,Youth Fours,Mendota BC,19:54.8,1194.8,False
1988,women,Youth Fours,Boucherville C.D’a,20:43.7,1243.7,False
1989,women,Youth Fours,Princeton Univ.,20:57.7,1257.7,False
1990,women,Youth Fours,Princeton Univ.,19:54.1,1194.1,False
1991,women,Youth Fours,Princeton Univ.,20:00.2,1200.2,False
1992,women,Youth Fours,Univ. Of Wisconsin,19:06.2,1146.2,True
1993,women,Youth Fours,Princeton Univ.,19:19.4,1159.4,False
1994,women,Youth Fours,Princeton Univ.,19:09.3,1149.3,False
1995,women,Youth Fours,Princeton Univ.,19:29.3,1169.3,False
1997,women,Youth Fours,Princeton Univ.,19:30.9,1170.9,False
1998,women,Youth Fours,Hanlan Boat Club,19:48.10,1188.1,False
1999,women,Youth Fours,Syracuse University,19:52.49,1192.49,False
2000,women,Youth Fours,St. Catherine’s,20:12.99,1212.99,False
2001,women,Youth Fours,Princeton Univ. Women,18:58.4,1138.4,True
2002,women,Youth Fours,St. Catherine’s RC,19:37.968,1177.968,False
2003,women,Youth Fours,Princeton Univ.,19:17.404,1157.404,False
2005,women,Youth Fours,Northeastern Univ.,21:37.760,1297.76,False
2006,women,Youth Fours,Pocock Rowing Center,19:19.226,1159.226,False
2007,women,Youth Fours,Long Beach Junior Crew,19:19.334,1159.334,False
2008,women,Youth Fours,Shenendehowa HS,19:16.100,1156.1,False
2009,women,Youth Fours,Marina Aquatic Center Juniors,19:25.185,1165.185,False
2010,women,Youth Fours,South Niagara RC,17:58.361,1078.361,True
2011,women,Youth Fours,Connecticut Boat Club,18:51.339,1131.339,False
2012,women,Youth Fours,Marina Aquatic Center Junior Rowing,19:24.66,1164.66,False
2013,women,Youth Fours,Holy Names Academy,19:18.813,1158.813,False
2014,women,Youth Fours,Holy Names Academy,19:16.931,1156.931,False
2015,women,Youth Fours,Long Beach Junior Crew,19:00.760,1140.76,False
2016,women,Youth Fours,Three Rivers Rowing Association,19:35.706,1175.706,False
2017,women,Youth Fours,Row America Rye,18:07.856,1087.856,False
2018,women,Youth Fours,Row America Rye,18:37.832,1117.832,False
2019,women,Youth Fours,Row America Rye,18:54.897,1134.897,False
2021,women,Youth Fours,Wilson HS,18:52.969,1132.969,False
2022,women,Youth Fours,Greenwich Crew,18:03.783,1083.783,False
2023,women,Youth Fours,Connecticut,19:12.055,1152.055,False
2024,women,Youth Fours,RowAmerica Rye,18:21.278,1101.278,False
2025,women,Youth Fours,Greenwich Crew,17:55.343,1075.343,False
2013,women,"Youth Singles *Prior to 2013, the youth single was a special medal in the Club 1x event",Mary Campbell,21:34.827,1294.827,False
2014,women,"Youth Singles *Prior to 2013, the youth single was a special medal in the Club 1x event",Emily Kallfelz,21:09.930,1269.93,True
2015,women,"Youth Singles *Prior to 2013, the youth single was a special medal in the Club 1x event",Eliza Kallfelz,21:19.349,1279.349,False
2016,women,"Youth Singles *Prior to 2013, the youth single was a special medal in the Club 1x event",Eliza Kallfelz,22:25.498,1345.498,False
2017,women,"Youth Singles *Prior to 2013, the youth single was a special medal in the Club 1x event",Anna Matthes,19:30.596,1170.596,True
2018,women,"Youth Singles *Prior to 2013, the youth single was a special medal in the Club 1x event",Katelin Gildersleeve,21:11.014,1271.014,False
2019,women,"Youth Singles *Prior to 2013, the youth single was a special medal in the Club 1x event",Hailey Mead,20:49.583,1249.583,False
2021,women,"Youth Singles *Prior to 2013, the youth single was a special medal in the Club 1x event",Emma Mirrer,20:51.264,1251.264,False
2022,women,"Youth Singles *Prior to 2013, the youth single was a special medal in the Club 1x event",Catherine Barry,20:05.272,1205.272,False
2023,women,"Youth Singles *Prior to 2013, the youth single was a special medal in the Club 1x event",Olivia Petri,20:53.639,1253.639,False
2024,women,"Youth Singles *Prior to 2013, the youth single was a special medal in the Club 1x event",Emma Kirk,20:25.524,1225.524,False
2025,women,"Youth Singles *Prior to 2013, the youth single was a special medal in the Club 1x event",Emma Kirk,20:01.658,1201.658,False
